voyage_id,vessel_id,vessel_name,vessel_type,origin_port_id,destination_port_id,origin_port,destination_port,departure_timestamp,arrival_timestamp,distance_nm,vessel_speed_knots,effective_speed_knots,theoretical_voyage_hours,voyage_duration_days,vessel_capacity_tons,vessel_draft_m,capacity_tons,draft_m,cargo_type,cargo_name,cargo_weight_tons,weight_tons,cargo_volume_m3,volume_m3,weight_capacity_ratio,capacity_utilization_pct,fuel_consumption_laden_mt_day,vessel_type_encoded,departure_month,departure_day,departure_hour,departure_dayofweek,currency,actual_voyage_duration_hours,actual_total_voyage_cost
VYG-2023-0001,3,REFERENCE-PANAMAX,Panamax,54620,60140,Port Hedland,Qingdao Gang,2023-01-16T08:00:00+00:00,2023-01-28T01:27:36+00:00,3386.72,13.13,13.13,257.94,10.748,82500.0,14.43,82500.0,14.43,Dry Bulk,Pilbara Iron Ore Fines,78715.7,78715.7,33060.6,33060.6,0.9541,95.41,33.0,1,1.0,16.0,8.0,0.0,USD,281.46,551013.14
VYG-2023-0002,3,REFERENCE-PANAMAX,Panamax,54605,59970,Dampier,Shanghai,2023-01-16T22:00:00+00:00,2023-01-27T20:30:36+00:00,3256.56,13.49,13.49,241.41,10.059,82500.0,14.43,82500.0,14.43,Dry Bulk,Iron Ore,63556.1,63556.1,28600.2,28600.2,0.7704,77.04,33.0,1,1.0,16.0,22.0,0.0,USD,262.51,544202.35
VYG-2023-0003,3,REFERENCE-PANAMAX,Panamax,12970,31140,Santos,Rotterdam,2023-01-17T12:00:00+00:00,2023-02-04T03:34:48+00:00,5588.56,13.99,13.99,399.47,16.645,82500.0,14.43,82500.0,14.43,Dry Bulk,Agricultural Grain & Soybeans,68925.5,68925.5,86156.9,86156.9,0.8355,83.55,33.0,1,1.0,17.0,12.0,1.0,USD,423.58,831505.79
VYG-2023-0004,4,REFERENCE-CAPESIZE,Capesize,12855,60140,Tubarao,Qingdao Gang,2023-01-19T09:00:00+00:00,2023-02-23T17:33:00+00:00,11170.45,14.23,14.23,784.99,32.708,182000.0,18.2,182000.0,18.2,Dry Bulk,High-Grade Carajas Iron Ore,170239.8,170239.8,68095.9,68095.9,0.9354,93.54,52.0,1,1.0,19.0,9.0,3.0,USD,848.55,2335830.36
VYG-2023-0005,2,REFERENCE-SUPRAMAX,Supramax,9240,31250,Houston,Antwerpen,2023-01-22T09:00:00+00:00,2023-02-07T08:01:48+00:00,4829.21,13.97,13.97,345.68,14.403,58328.0,12.8,58328.0,12.8,General Cargo,Petrochemical Intermediates,44495.6,44495.6,51169.9,51169.9,0.7629,76.29,33.0,1,1.0,22.0,9.0,6.0,USD,383.03,662563.69
VYG-2023-0006,3,REFERENCE-PANAMAX,Panamax,54620,48840,Port Hedland,Mumbai (Bombay),2023-01-24T12:00:00+00:00,2023-02-06T19:10:12+00:00,3909.36,13.24,13.24,295.27,12.303,82500.0,14.43,82500.0,14.43,Dry Bulk,Premium Hard Coking Coal,65815.0,65815.0,80294.3,80294.3,0.7978,79.78,33.0,1,1.0,24.0,12.0,1.0,USD,319.17,626498.98
VYG-2023-0007,2,REFERENCE-SUPRAMAX,Supramax,50000,31140,Keppel - (East Singapore),Rotterdam,2023-01-25T05:00:00+00:00,2023-02-20T05:31:12+00:00,8356.32,13.95,13.95,599.02,24.959,58328.0,12.8,58328.0,12.8,General Cargo,Containerized Freight,53439.3,53439.3,80159.0,80159.0,0.9162,91.62,33.0,1,1.0,25.0,5.0,2.0,USD,624.52,1182166.24
VYG-2023-0008,1,REFERENCE-HANDYSIZE,Handysize,50000,59970,Keppel - (East Singapore),Shanghai,2023-01-26T06:00:00+00:00,2023-02-02T21:40:48+00:00,2273.35,13.83,13.83,164.38,6.849,38200.0,10.54,38200.0,10.54,General Cargo,Electronics & Machinery,30829.8,30829.8,41620.2,41620.2,0.8071,80.71,26.0,1,1.0,26.0,6.0,3.0,USD,183.68,279015.17
VYG-2023-0009,2,REFERENCE-SUPRAMAX,Supramax,50000,48840,Keppel - (East Singapore),Mumbai (Bombay),2023-01-29T05:00:00+00:00,2023-02-06T12:03:00+00:00,2457.83,13.99,13.99,175.68,7.32,58328.0,12.8,58328.0,12.8,Dry Bulk,Minor Bulk Fertilizers,45757.3,45757.3,50333.0,50333.0,0.7845,78.45,33.0,1,1.0,29.0,5.0,6.0,USD,199.05,384158.4
VYG-2023-0010,2,REFERENCE-SUPRAMAX,Supramax,42440,47110,Stilis,Lamu,2023-01-29T10:00:00+00:00,2023-02-08T20:12:00+00:00,3150.38,14.16,14.16,222.48,9.27,58328.0,12.8,58328.0,12.8,Liquid Bulk,Clean Refined Products,51559.9,51559.9,60840.7,60840.7,0.884,88.4,33.0,1,1.0,29.0,10.0,6.0,USD,250.2,562133.49
VYG-2023-0011,2,REFERENCE-SUPRAMAX,Supramax,57461,7780,Siam Seaport,Jersey City,2023-01-30T15:00:00+00:00,2023-03-06T19:24:36+00:00,11551.13,14.12,14.12,818.07,34.086,58328.0,12.8,58328.0,12.8,Dry Bulk,Agricultural Tapioca & Rice,44885.8,44885.8,57453.8,57453.8,0.7695,76.95,33.0,1,1.0,30.0,15.0,0.0,USD,844.41,1580887.02
VYG-2023-0012,1,REFERENCE-HANDYSIZE,Handysize,31140,7780,Rotterdam,Jersey City,2023-02-01T02:00:00+00:00,2023-02-12T16:42:36+00:00,3444.88,14.06,14.06,245.01,10.209,38200.0,10.54,38200.0,10.54,General Cargo,High-Value Industrial Goods,31211.4,31211.4,43696.0,43696.0,0.8171,81.71,26.0,1,2.0,1.0,2.0,2.0,USD,278.71,399275.22
VYG-2023-0013,4,REFERENCE-CAPESIZE,Capesize,54620,60140,Port Hedland,Qingdao Gang,2023-02-03T03:00:00+00:00,2023-02-14T11:27:36+00:00,3368.04,13.65,13.65,246.74,10.281,182000.0,18.2,182000.0,18.2,Dry Bulk,Pilbara Iron Ore Fines,143650.1,143650.1,60333.0,60333.0,0.7893,78.93,52.0,1,2.0,3.0,3.0,4.0,USD,272.46,801195.2
VYG-2023-0014,3,REFERENCE-PANAMAX,Panamax,54605,59970,Dampier,Shanghai,2023-02-03T06:00:00+00:00,2023-02-14T07:57:00+00:00,3254.9,13.22,13.22,246.21,10.259,82500.0,14.43,82500.0,14.43,Dry Bulk,Iron Ore,64744.2,64744.2,29134.9,29134.9,0.7848,78.48,33.0,1,2.0,3.0,6.0,4.0,USD,265.95,534780.85
VYG-2023-0015,3,REFERENCE-PANAMAX,Panamax,12970,31140,Santos,Rotterdam,2023-02-05T17:00:00+00:00,2023-02-23T16:00:36+00:00,5466.56,13.56,13.56,403.14,16.797,82500.0,14.43,82500.0,14.43,Dry Bulk,Agricultural Grain & Soybeans,60887.7,60887.7,76109.6,76109.6,0.738,73.8,33.0,1,2.0,5.0,17.0,6.0,USD,431.01,845436.65
VYG-2023-0016,4,REFERENCE-CAPESIZE,Capesize,12855,60140,Tubarao,Qingdao Gang,2023-02-06T09:00:00+00:00,2023-03-13T21:51:00+00:00,11289.96,14.13,14.13,799.01,33.292,182000.0,18.2,182000.0,18.2,Dry Bulk,High-Grade Carajas Iron Ore,161384.3,161384.3,64553.7,64553.7,0.8867,88.67,52.0,1,2.0,6.0,9.0,0.0,USD,852.85,2298108.03
VYG-2023-0017,1,REFERENCE-HANDYSIZE,Handysize,9240,31250,Houston,Antwerpen,2023-02-09T22:00:00+00:00,2023-02-25T18:39:00+00:00,4833.8,14.49,14.49,333.6,13.9,38200.0,10.54,38200.0,10.54,General Cargo,Petrochemical Intermediates,28298.9,28298.9,32543.7,32543.7,0.7408,74.08,26.0,1,2.0,9.0,22.0,3.0,USD,380.65,573637.39
VYG-2023-0018,2,REFERENCE-SUPRAMAX,Supramax,54620,48840,Port Hedland,Mumbai (Bombay),2023-02-11T07:00:00+00:00,2023-02-24T21:48:36+00:00,3915.8,13.58,13.58,288.35,12.015,58328.0,12.8,58328.0,12.8,Dry Bulk,Premium Hard Coking Coal,45092.8,45092.8,55013.2,55013.2,0.7731,77.31,33.0,1,2.0,11.0,7.0,5.0,USD,326.81,565741.0
VYG-2023-0019,2,REFERENCE-SUPRAMAX,Supramax,50000,31140,Keppel - (East Singapore),Rotterdam,2023-02-12T16:00:00+00:00,2023-03-10T17:42:00+00:00,8282.21,13.96,13.96,593.28,24.72,58328.0,12.8,58328.0,12.8,General Cargo,Containerized Freight,47900.3,47900.3,71850.5,71850.5,0.8212,82.12,33.0,1,2.0,12.0,16.0,6.0,USD,625.7,1216673.94
VYG-2023-0020,2,REFERENCE-SUPRAMAX,Supramax,50000,59970,Keppel - (East Singapore),Shanghai,2023-02-12T18:00:00+00:00,2023-02-20T07:06:00+00:00,2244.17,13.92,13.92,161.22,6.718,58328.0,12.8,58328.0,12.8,General Cargo,Electronics & Machinery,43073.4,43073.4,58149.1,58149.1,0.7385,73.85,33.0,1,2.0,12.0,18.0,6.0,USD,181.1,350895.02
VYG-2023-0021,1,REFERENCE-HANDYSIZE,Handysize,50000,48840,Keppel - (East Singapore),Mumbai (Bombay),2023-02-14T00:00:00+00:00,2023-02-22T12:48:36+00:00,2489.26,14.21,14.21,175.18,7.299,38200.0,10.54,38200.0,10.54,Dry Bulk,Minor Bulk Fertilizers,32272.9,32272.9,35500.2,35500.2,0.8448,84.48,26.0,1,2.0,14.0,0.0,1.0,USD,204.81,299816.34
VYG-2023-0022,1,REFERENCE-HANDYSIZE,Handysize,42440,47110,Stilis,Lamu,2023-02-14T04:00:00+00:00,2023-02-25T20:04:48+00:00,3160.84,14.01,14.01,225.61,9.4,38200.0,10.54,38200.0,10.54,Liquid Bulk,Clean Refined Products,34827.2,34827.2,41096.1,41096.1,0.9117,91.17,26.0,1,2.0,14.0,4.0,1.0,USD,280.08,503449.14
VYG-2023-0023,2,REFERENCE-SUPRAMAX,Supramax,57461,7780,Siam Seaport,Jersey City,2023-02-17T04:00:00+00:00,2023-03-23T14:24:36+00:00,11309.66,14.14,14.14,799.83,33.326,58328.0,12.8,58328.0,12.8,Dry Bulk,Agricultural Tapioca & Rice,47571.7,47571.7,60891.8,60891.8,0.8156,81.56,33.0,1,2.0,17.0,4.0,4.0,USD,826.41,1507869.57
VYG-2023-0024,1,REFERENCE-HANDYSIZE,Handysize,31140,7780,Rotterdam,Jersey City,2023-02-19T11:00:00+00:00,2023-03-02T18:13:48+00:00,3375.8,13.77,13.77,245.16,10.215,38200.0,10.54,38200.0,10.54,General Cargo,High-Value Industrial Goods,30220.6,30220.6,42308.8,42308.8,0.7911,79.11,26.0,1,2.0,19.0,11.0,6.0,USD,271.23,367413.74
VYG-2023-0025,3,REFERENCE-PANAMAX,Panamax,54620,60140,Port Hedland,Qingdao Gang,2023-02-20T16:00:00+00:00,2023-03-04T06:48:00+00:00,3367.04,13.7,13.7,245.77,10.24,82500.0,14.43,82500.0,14.43,Dry Bulk,Pilbara Iron Ore Fines,71053.4,71053.4,29842.4,29842.4,0.8613,86.13,33.0,1,2.0,20.0,16.0,0.0,USD,278.8,593395.8
VYG-2023-0026,3,REFERENCE-PANAMAX,Panamax,54605,59970,Dampier,Shanghai,2023-02-23T11:00:00+00:00,2023-03-06T01:59:24+00:00,3286.6,13.91,13.91,236.28,9.845,82500.0,14.43,82500.0,14.43,Dry Bulk,Iron Ore,69551.2,69551.2,31298.0,31298.0,0.843,84.3,33.0,1,2.0,23.0,11.0,3.0,USD,254.99,538618.63
VYG-2023-0027,3,REFERENCE-PANAMAX,Panamax,12970,31140,Santos,Rotterdam,2023-02-24T14:00:00+00:00,2023-03-14T05:19:12+00:00,5427.22,13.64,13.64,397.89,16.579,82500.0,14.43,82500.0,14.43,Dry Bulk,Agricultural Grain & Soybeans,69661.6,69661.6,87077.0,87077.0,0.8444,84.44,33.0,1,2.0,24.0,14.0,4.0,USD,423.32,805748.45
VYG-2023-0028,4,REFERENCE-CAPESIZE,Capesize,12855,60140,Tubarao,Qingdao Gang,2023-02-26T15:00:00+00:00,2023-04-04T11:58:48+00:00,11446.12,13.83,13.83,827.63,34.485,182000.0,18.2,182000.0,18.2,Dry Bulk,High-Grade Carajas Iron Ore,163707.0,163707.0,65482.8,65482.8,0.8995,89.95,52.0,1,2.0,26.0,15.0,6.0,USD,884.98,2365265.54
VYG-2023-0029,2,REFERENCE-SUPRAMAX,Supramax,9240,31250,Houston,Antwerpen,2023-02-27T14:00:00+00:00,2023-03-15T08:24:36+00:00,4836.44,14.08,14.08,343.5,14.312,58328.0,12.8,58328.0,12.8,General Cargo,Petrochemical Intermediates,51168.7,51168.7,58844.0,58844.0,0.8773,87.73,33.0,1,2.0,27.0,14.0,0.0,USD,378.41,642344.31
VYG-2023-0030,2,REFERENCE-SUPRAMAX,Supramax,54620,48840,Port Hedland,Mumbai (Bombay),2023-02-27T21:00:00+00:00,2023-03-13T15:07:12+00:00,3935.27,14.01,14.01,280.89,11.704,58328.0,12.8,58328.0,12.8,Dry Bulk,Premium Hard Coking Coal,43528.6,43528.6,53104.9,53104.9,0.7463,74.63,33.0,1,2.0,27.0,21.0,0.0,USD,330.12,597802.69
VYG-2023-0031,1,REFERENCE-HANDYSIZE,Handysize,50000,31140,Keppel - (East Singapore),Rotterdam,2023-02-28T11:00:00+00:00,2023-03-25T23:02:24+00:00,8186.21,14.12,14.12,579.76,24.157,38200.0,10.54,38200.0,10.54,General Cargo,Containerized Freight,35559.3,35559.3,53339.0,53339.0,0.9309,93.09,26.0,1,2.0,28.0,11.0,1.0,USD,612.04,1032031.85
VYG-2023-0032,1,REFERENCE-HANDYSIZE,Handysize,50000,59970,Keppel - (East Singapore),Shanghai,2023-03-03T01:00:00+00:00,2023-03-11T09:28:12+00:00,2257.73,13.84,13.84,163.13,6.797,38200.0,10.54,38200.0,10.54,General Cargo,Electronics & Machinery,29238.8,29238.8,39472.4,39472.4,0.7654,76.54,26.0,1,3.0,3.0,1.0,4.0,USD,200.47,311156.69
VYG-2023-0033,1,REFERENCE-HANDYSIZE,Handysize,50000,48840,Keppel - (East Singapore),Mumbai (Bombay),2023-03-04T22:00:00+00:00,2023-03-13T01:49:12+00:00,2451.4,14.12,14.12,173.61,7.234,38200.0,10.54,38200.0,10.54,Dry Bulk,Minor Bulk Fertilizers,35003.1,35003.1,38503.4,38503.4,0.9163,91.63,26.0,1,3.0,4.0,22.0,5.0,USD,195.82,304162.79
VYG-2023-0034,2,REFERENCE-SUPRAMAX,Supramax,42440,47110,Stilis,Lamu,2023-03-05T00:00:00+00:00,2023-03-15T07:20:24+00:00,3133.07,13.83,13.83,226.54,9.439,58328.0,12.8,58328.0,12.8,Liquid Bulk,Clean Refined Products,42254.1,42254.1,49859.8,49859.8,0.7244,72.44,33.0,1,3.0,5.0,0.0,6.0,USD,247.34,554626.06
VYG-2023-0035,1,REFERENCE-HANDYSIZE,Handysize,57461,7780,Siam Seaport,Jersey City,2023-03-05T03:00:00+00:00,2023-04-09T05:02:24+00:00,11472.89,14.1,14.1,813.68,33.903,38200.0,10.54,38200.0,10.54,Dry Bulk,Agricultural Tapioca & Rice,28125.9,28125.9,36001.2,36001.2,0.7363,73.63,26.0,1,3.0,5.0,3.0,6.0,USD,842.04,1281509.05
VYG-2023-0036,2,REFERENCE-SUPRAMAX,Supramax,31140,7780,Rotterdam,Jersey City,2023-03-08T03:00:00+00:00,2023-03-19T17:44:24+00:00,3467.66,13.82,13.82,250.92,10.455,58328.0,12.8,58328.0,12.8,General Cargo,High-Value Industrial Goods,50316.9,50316.9,70443.7,70443.7,0.8627,86.27,33.0,1,3.0,8.0,3.0,2.0,USD,278.74,503801.08
VYG-2023-0037,4,REFERENCE-CAPESIZE,Capesize,54620,60140,Port Hedland,Qingdao Gang,2023-03-10T20:00:00+00:00,2023-03-21T17:59:24+00:00,3338.54,13.9,13.9,240.18,10.008,182000.0,18.2,182000.0,18.2,Dry Bulk,Pilbara Iron Ore Fines,174594.4,174594.4,73329.6,73329.6,0.9593,95.93,52.0,1,3.0,10.0,20.0,4.0,USD,261.99,805994.3
VYG-2023-0038,3,REFERENCE-PANAMAX,Panamax,54605,59970,Dampier,Shanghai,2023-03-10T21:00:00+00:00,2023-03-22T08:58:48+00:00,3237.35,13.68,13.68,236.65,9.86,82500.0,14.43,82500.0,14.43,Dry Bulk,Iron Ore,62000.4,62000.4,27900.2,27900.2,0.7515,75.15,33.0,1,3.0,10.0,21.0,4.0,USD,275.98,561034.68
VYG-2023-0039,2,REFERENCE-SUPRAMAX,Supramax,12970,31140,Santos,Rotterdam,2023-03-10T23:00:00+00:00,2023-03-27T16:27:00+00:00,5427.11,14.36,14.36,377.93,15.747,58328.0,12.8,58328.0,12.8,Dry Bulk,Agricultural Grain & Soybeans,54096.1,54096.1,67620.1,67620.1,0.9274,92.74,33.0,1,3.0,10.0,23.0,4.0,USD,401.45,743165.67
VYG-2023-0040,4,REFERENCE-CAPESIZE,Capesize,12855,60140,Tubarao,Qingdao Gang,2023-03-11T04:00:00+00:00,2023-04-15T10:21:00+00:00,11302.82,14.33,14.33,788.75,32.865,182000.0,18.2,182000.0,18.2,Dry Bulk,High-Grade Carajas Iron Ore,136772.8,136772.8,54709.1,54709.1,0.7515,75.15,52.0,1,3.0,11.0,4.0,5.0,USD,846.35,2431451.71
VYG-2023-0041,2,REFERENCE-SUPRAMAX,Supramax,9240,31250,Houston,Antwerpen,2023-03-11T21:00:00+00:00,2023-03-27T05:19:48+00:00,4770.35,14.15,14.15,337.13,14.047,58328.0,12.8,58328.0,12.8,General Cargo,Petrochemical Intermediates,49813.2,49813.2,57285.2,57285.2,0.854,85.4,33.0,1,3.0,11.0,21.0,5.0,USD,368.33,656555.47
VYG-2023-0042,2,REFERENCE-SUPRAMAX,Supramax,54620,48840,Port Hedland,Mumbai (Bombay),2023-03-12T11:00:00+00:00,2023-03-25T01:08:24+00:00,3909.32,13.99,13.99,279.44,11.643,58328.0,12.8,58328.0,12.8,Dry Bulk,Premium Hard Coking Coal,43010.3,43010.3,52472.6,52472.6,0.7374,73.74,33.0,1,3.0,12.0,11.0,6.0,USD,302.14,546780.78
VYG-2023-0043,1,REFERENCE-HANDYSIZE,Handysize,50000,31140,Keppel - (East Singapore),Rotterdam,2023-03-19T02:00:00+00:00,2023-04-13T14:27:36+00:00,8312.12,14.12,14.12,588.68,24.528,38200.0,10.54,38200.0,10.54,General Cargo,Containerized Freight,34372.3,34372.3,51558.5,51558.5,0.8998,89.98,26.0,1,3.0,19.0,2.0,6.0,USD,612.46,1008994.61
VYG-2023-0044,2,REFERENCE-SUPRAMAX,Supramax,50000,59970,Keppel - (East Singapore),Shanghai,2023-03-19T09:00:00+00:00,2023-03-26T18:25:12+00:00,2261.46,14.45,14.45,156.5,6.521,58328.0,12.8,58328.0,12.8,General Cargo,Electronics & Machinery,42132.9,42132.9,56879.4,56879.4,0.7223,72.23,33.0,1,3.0,19.0,9.0,6.0,USD,177.42,351818.84
VYG-2023-0045,2,REFERENCE-SUPRAMAX,Supramax,50000,48840,Keppel - (East Singapore),Mumbai (Bombay),2023-03-19T13:00:00+00:00,2023-03-27T23:58:12+00:00,2477.47,13.76,13.76,180.05,7.502,58328.0,12.8,58328.0,12.8,Dry Bulk,Minor Bulk Fertilizers,53495.3,53495.3,58844.8,58844.8,0.9171,91.71,33.0,1,3.0,19.0,13.0,6.0,USD,202.97,390691.57
VYG-2023-0046,1,REFERENCE-HANDYSIZE,Handysize,42440,47110,Stilis,Lamu,2023-03-23T10:00:00+00:00,2023-04-02T21:13:12+00:00,3160.46,14.1,14.1,224.15,9.34,38200.0,10.54,38200.0,10.54,Liquid Bulk,Clean Refined Products,34050.7,34050.7,40179.8,40179.8,0.8914,89.14,26.0,1,3.0,23.0,10.0,3.0,USD,251.22,478175.13
VYG-2023-0047,1,REFERENCE-HANDYSIZE,Handysize,57461,7780,Siam Seaport,Jersey City,2023-03-25T11:00:00+00:00,2023-04-29T17:42:36+00:00,11580.67,14.12,14.12,820.16,34.173,38200.0,10.54,38200.0,10.54,Dry Bulk,Agricultural Tapioca & Rice,31912.9,31912.9,40848.5,40848.5,0.8354,83.54,26.0,1,3.0,25.0,11.0,5.0,USD,846.71,1277301.94
VYG-2023-0048,2,REFERENCE-SUPRAMAX,Supramax,31140,7780,Rotterdam,Jersey City,2023-03-25T13:00:00+00:00,2023-04-06T02:31:48+00:00,3384.34,13.87,13.87,244.0,10.167,58328.0,12.8,58328.0,12.8,General Cargo,High-Value Industrial Goods,53050.9,53050.9,74271.3,74271.3,0.9095,90.95,33.0,1,3.0,25.0,13.0,5.0,USD,277.53,522748.68
VYG-2023-0049,4,REFERENCE-CAPESIZE,Capesize,54620,60140,Port Hedland,Qingdao Gang,2023-03-27T03:00:00+00:00,2023-04-06T23:57:00+00:00,3361.76,14.0,14.0,240.13,10.005,182000.0,18.2,182000.0,18.2,Dry Bulk,Pilbara Iron Ore Fines,148654.5,148654.5,62434.9,62434.9,0.8168,81.68,52.0,1,3.0,27.0,3.0,0.0,USD,260.95,814961.01
VYG-2023-0050,3,REFERENCE-PANAMAX,Panamax,54605,59970,Dampier,Shanghai,2023-03-27T19:00:00+00:00,2023-04-08T08:48:36+00:00,3243.61,13.89,13.89,233.52,9.73,82500.0,14.43,82500.0,14.43,Dry Bulk,Iron Ore,66249.5,66249.5,29812.3,29812.3,0.803,80.3,33.0,1,3.0,27.0,19.0,0.0,USD,277.81,593847.79
VYG-2023-0051,2,REFERENCE-SUPRAMAX,Supramax,12970,31140,Santos,Rotterdam,2023-03-31T18:00:00+00:00,2023-04-19T03:34:12+00:00,5539.76,14.11,14.11,392.61,16.359,58328.0,12.8,58328.0,12.8,Dry Bulk,Agricultural Grain & Soybeans,51165.5,51165.5,63956.9,63956.9,0.8772,87.72,33.0,1,3.0,31.0,18.0,4.0,USD,441.57,751022.26
VYG-2023-0052,4,REFERENCE-CAPESIZE,Capesize,12855,60140,Tubarao,Qingdao Gang,2023-04-03T19:00:00+00:00,2023-05-09T02:51:36+00:00,11200.96,14.16,14.16,791.03,32.96,182000.0,18.2,182000.0,18.2,Dry Bulk,High-Grade Carajas Iron Ore,164935.7,164935.7,65974.3,65974.3,0.9062,90.62,52.0,1,4.0,3.0,19.0,0.0,USD,847.86,2353695.89
VYG-2023-0053,1,REFERENCE-HANDYSIZE,Handysize,9240,31250,Houston,Antwerpen,2023-04-04T01:00:00+00:00,2023-04-19T07:04:48+00:00,4761.69,13.99,13.99,340.36,14.182,38200.0,10.54,38200.0,10.54,General Cargo,Petrochemical Intermediates,35487.0,35487.0,40810.0,40810.0,0.929,92.9,26.0,1,4.0,4.0,1.0,1.0,USD,366.08,513234.3
VYG-2023-0054,3,REFERENCE-PANAMAX,Panamax,54620,48840,Port Hedland,Mumbai (Bombay),2023-04-06T00:00:00+00:00,2023-04-19T07:26:24+00:00,3950.82,13.43,13.43,294.18,12.258,82500.0,14.43,82500.0,14.43,Dry Bulk,Premium Hard Coking Coal,59578.8,59578.8,72686.1,72686.1,0.7222,72.22,33.0,1,4.0,6.0,0.0,3.0,USD,319.44,630010.8
VYG-2023-0055,1,REFERENCE-HANDYSIZE,Handysize,50000,31140,Keppel - (East Singapore),Rotterdam,2023-04-07T22:00:00+00:00,2023-05-04T14:25:12+00:00,8300.1,13.68,13.68,606.73,25.28,38200.0,10.54,38200.0,10.54,General Cargo,Containerized Freight,30593.6,30593.6,45890.4,45890.4,0.8009,80.09,26.0,1,4.0,7.0,22.0,4.0,USD,640.42,1004052.73
VYG-2023-0056,2,REFERENCE-SUPRAMAX,Supramax,50000,59970,Keppel - (East Singapore),Shanghai,2023-04-11T16:00:00+00:00,2023-04-19T08:55:48+00:00,2228.64,13.62,13.62,163.63,6.818,58328.0,12.8,58328.0,12.8,General Cargo,Electronics & Machinery,50472.9,50472.9,68138.4,68138.4,0.8653,86.53,33.0,1,4.0,11.0,16.0,1.0,USD,184.93,365833.82
VYG-2023-0057,2,REFERENCE-SUPRAMAX,Supramax,50000,48840,Keppel - (East Singapore),Mumbai (Bombay),2023-04-13T07:00:00+00:00,2023-04-21T12:08:24+00:00,2459.89,13.95,13.95,176.34,7.348,58328.0,12.8,58328.0,12.8,Dry Bulk,Minor Bulk Fertilizers,45772.3,45772.3,50349.5,50349.5,0.7847,78.47,33.0,1,4.0,13.0,7.0,3.0,USD,197.14,378191.54
VYG-2023-0058,1,REFERENCE-HANDYSIZE,Handysize,42440,47110,Stilis,Lamu,2023-04-14T02:00:00+00:00,2023-04-24T07:49:12+00:00,3186.04,14.19,14.19,224.53,9.355,38200.0,10.54,38200.0,10.54,Liquid Bulk,Clean Refined Products,31147.2,31147.2,36753.7,36753.7,0.8154,81.54,26.0,1,4.0,14.0,2.0,4.0,USD,245.82,461339.84
VYG-2023-0059,1,REFERENCE-HANDYSIZE,Handysize,57461,7780,Siam Seaport,Jersey City,2023-04-16T04:00:00+00:00,2023-05-22T14:33:00+00:00,11558.37,13.74,13.74,841.22,35.051,38200.0,10.54,38200.0,10.54,Dry Bulk,Agricultural Tapioca & Rice,29354.6,29354.6,37573.9,37573.9,0.7684,76.84,26.0,1,4.0,16.0,4.0,6.0,USD,874.55,1308785.89
VYG-2023-0060,2,REFERENCE-SUPRAMAX,Supramax,31140,7780,Rotterdam,Jersey City,2023-04-17T13:00:00+00:00,2023-04-29T01:24:36+00:00,3409.69,13.99,13.99,243.72,10.155,58328.0,12.8,58328.0,12.8,General Cargo,High-Value Industrial Goods,45413.9,45413.9,63579.5,63579.5,0.7786,77.86,33.0,1,4.0,17.0,13.0,0.0,USD,276.41,517169.04
VYG-2023-0061,4,REFERENCE-CAPESIZE,Capesize,54620,60140,Port Hedland,Qingdao Gang,2023-04-17T21:00:00+00:00,2023-04-29T00:53:24+00:00,3401.89,13.71,13.71,248.13,10.339,182000.0,18.2,182000.0,18.2,Dry Bulk,Pilbara Iron Ore Fines,148244.0,148244.0,62262.5,62262.5,0.8145,81.45,52.0,1,4.0,17.0,21.0,0.0,USD,267.89,827317.78
VYG-2023-0062,4,REFERENCE-CAPESIZE,Capesize,54605,59970,Dampier,Shanghai,2023-04-18T13:00:00+00:00,2023-04-29T08:40:12+00:00,3264.08,13.8,13.8,236.53,9.855,182000.0,18.2,182000.0,18.2,Dry Bulk,Iron Ore,164463.5,164463.5,74008.6,74008.6,0.9036,90.36,52.0,1,4.0,18.0,13.0,1.0,USD,259.67,798596.12
VYG-2023-0063,3,REFERENCE-PANAMAX,Panamax,12970,31140,Santos,Rotterdam,2023-04-20T06:00:00+00:00,2023-05-08T11:40:48+00:00,5425.95,13.09,13.09,414.51,17.271,82500.0,14.43,82500.0,14.43,Dry Bulk,Agricultural Grain & Soybeans,73170.3,73170.3,91462.9,91462.9,0.8869,88.69,33.0,1,4.0,20.0,6.0,3.0,USD,437.68,793959.21
VYG-2023-0064,4,REFERENCE-CAPESIZE,Capesize,12855,60140,Tubarao,Qingdao Gang,2023-04-21T17:00:00+00:00,2023-05-28T05:10:48+00:00,11260.27,13.82,13.82,814.78,33.949,182000.0,18.2,182000.0,18.2,Dry Bulk,High-Grade Carajas Iron Ore,160227.5,160227.5,64091.0,64091.0,0.8804,88.04,52.0,1,4.0,21.0,17.0,4.0,USD,876.18,2376710.57
VYG-2023-0065,2,REFERENCE-SUPRAMAX,Supramax,9240,31250,Houston,Antwerpen,2023-04-22T17:00:00+00:00,2023-05-08T10:17:24+00:00,4828.86,13.7,13.7,352.47,14.686,58328.0,12.8,58328.0,12.8,General Cargo,Petrochemical Intermediates,45440.8,45440.8,52256.9,52256.9,0.7791,77.91,33.0,1,4.0,22.0,17.0,5.0,USD,377.29,669393.72
VYG-2023-0066,3,REFERENCE-PANAMAX,Panamax,54620,48840,Port Hedland,Mumbai (Bombay),2023-04-23T16:00:00+00:00,2023-05-06T15:50:24+00:00,3941.79,13.57,13.57,290.48,12.103,82500.0,14.43,82500.0,14.43,Dry Bulk,Premium Hard Coking Coal,64220.9,64220.9,78349.5,78349.5,0.7784,77.84,33.0,1,4.0,23.0,16.0,6.0,USD,311.84,635064.32
VYG-2023-0067,1,REFERENCE-HANDYSIZE,Handysize,50000,31140,Keppel - (East Singapore),Rotterdam,2023-04-26T00:00:00+00:00,2023-05-22T02:46:12+00:00,8430.98,14.07,14.07,599.22,24.968,38200.0,10.54,38200.0,10.54,General Cargo,Containerized Freight,36026.6,36026.6,54039.9,54039.9,0.9431,94.31,26.0,1,4.0,26.0,0.0,2.0,USD,626.77,1029458.56
VYG-2023-0068,1,REFERENCE-HANDYSIZE,Handysize,50000,59970,Keppel - (East Singapore),Shanghai,2023-04-27T12:00:00+00:00,2023-05-04T22:49:12+00:00,2234.3,13.94,13.94,160.28,6.678,38200.0,10.54,38200.0,10.54,General Cargo,Electronics & Machinery,29164.8,29164.8,39372.5,39372.5,0.7635,76.35,26.0,1,4.0,27.0,12.0,3.0,USD,178.82,288417.99
VYG-2023-0069,2,REFERENCE-SUPRAMAX,Supramax,50000,48840,Keppel - (East Singapore),Mumbai (Bombay),2023-04-28T01:00:00+00:00,2023-05-06T03:07:12+00:00,2462.16,14.2,14.2,173.39,7.225,58328.0,12.8,58328.0,12.8,Dry Bulk,Minor Bulk Fertilizers,43214.6,43214.6,47536.1,47536.1,0.7409,74.09,33.0,1,4.0,28.0,1.0,4.0,USD,194.12,380715.75
VYG-2023-0070,1,REFERENCE-HANDYSIZE,Handysize,42440,47110,Stilis,Lamu,2023-04-30T08:00:00+00:00,2023-05-10T13:23:24+00:00,3135.76,14.1,14.1,222.39,9.266,38200.0,10.54,38200.0,10.54,Liquid Bulk,Clean Refined Products,29448.0,29448.0,34748.6,34748.6,0.7709,77.09,26.0,1,4.0,30.0,8.0,6.0,USD,245.39,469848.35
VYG-2023-0071,1,REFERENCE-HANDYSIZE,Handysize,57461,7780,Siam Seaport,Jersey City,2023-05-01T03:00:00+00:00,2023-06-06T04:57:36+00:00,11378.23,13.74,13.74,828.11,34.505,38200.0,10.54,38200.0,10.54,Dry Bulk,Agricultural Tapioca & Rice,34214.6,34214.6,43794.7,43794.7,0.8957,89.57,26.0,1,5.0,1.0,3.0,0.0,USD,865.96,1309858.51
VYG-2023-0072,1,REFERENCE-HANDYSIZE,Handysize,31140,7780,Rotterdam,Jersey City,2023-05-01T04:00:00+00:00,2023-05-12T02:14:24+00:00,3380.08,14.08,14.08,240.06,10.002,38200.0,10.54,38200.0,10.54,General Cargo,High-Value Industrial Goods,34259.7,34259.7,47963.6,47963.6,0.8969,89.69,26.0,1,5.0,1.0,4.0,0.0,USD,262.24,402564.74
VYG-2023-0073,3,REFERENCE-PANAMAX,Panamax,54620,60140,Port Hedland,Qingdao Gang,2023-05-02T02:00:00+00:00,2023-05-13T10:12:00+00:00,3369.79,13.54,13.54,248.88,10.37,82500.0,14.43,82500.0,14.43,Dry Bulk,Pilbara Iron Ore Fines,62207.1,62207.1,26127.0,26127.0,0.754,75.4,33.0,1,5.0,2.0,2.0,1.0,USD,272.2,580220.68
VYG-2023-0074,4,REFERENCE-CAPESIZE,Capesize,54605,59970,Dampier,Shanghai,2023-05-02T18:00:00+00:00,2023-05-13T07:29:24+00:00,3264.08,13.87,13.87,235.33,9.805,182000.0,18.2,182000.0,18.2,Dry Bulk,Iron Ore,156303.9,156303.9,70336.8,70336.8,0.8588,85.88,52.0,1,5.0,2.0,18.0,1.0,USD,253.49,770897.15
VYG-2023-0075,2,REFERENCE-SUPRAMAX,Supramax,12970,31140,Santos,Rotterdam,2023-05-04T20:00:00+00:00,2023-05-22T05:15:00+00:00,5536.32,13.95,13.95,396.87,16.536,58328.0,12.8,58328.0,12.8,Dry Bulk,Agricultural Grain & Soybeans,51369.7,51369.7,64212.1,64212.1,0.8807,88.07,33.0,1,5.0,4.0,20.0,3.0,USD,417.25,729520.7
VYG-2023-0076,4,REFERENCE-CAPESIZE,Capesize,12855,60140,Tubarao,Qingdao Gang,2023-05-06T22:00:00+00:00,2023-06-12T04:58:48+00:00,11222.82,13.62,13.62,824.0,34.333,182000.0,18.2,182000.0,18.2,Dry Bulk,High-Grade Carajas Iron Ore,139353.4,139353.4,55741.4,55741.4,0.7657,76.57,52.0,1,5.0,6.0,22.0,5.0,USD,870.98,2221689.07
VYG-2023-0077,2,REFERENCE-SUPRAMAX,Supramax,9240,31250,Houston,Antwerpen,2023-05-07T04:00:00+00:00,2023-05-22T18:39:36+00:00,4846.2,13.77,13.77,351.94,14.664,58328.0,12.8,58328.0,12.8,General Cargo,Petrochemical Intermediates,44809.0,44809.0,51530.3,51530.3,0.7682,76.82,33.0,1,5.0,7.0,4.0,6.0,USD,374.66,667313.71
VYG-2023-0078,2,REFERENCE-SUPRAMAX,Supramax,54620,48840,Port Hedland,Mumbai (Bombay),2023-05-09T07:00:00+00:00,2023-05-21T16:57:00+00:00,3844.79,13.88,13.88,277.0,11.542,58328.0,12.8,58328.0,12.8,Dry Bulk,Premium Hard Coking Coal,43673.6,43673.6,53281.8,53281.8,0.7488,74.88,33.0,1,5.0,9.0,7.0,1.0,USD,297.95,552412.41
VYG-2023-0079,1,REFERENCE-HANDYSIZE,Handysize,50000,31140,Keppel - (East Singapore),Rotterdam,2023-05-10T12:00:00+00:00,2023-06-04T22:03:36+00:00,8245.28,14.06,14.06,586.44,24.435,38200.0,10.54,38200.0,10.54,General Cargo,Containerized Freight,34428.3,34428.3,51642.5,51642.5,0.9013,90.13,26.0,1,5.0,10.0,12.0,2.0,USD,610.06,1025993.88
VYG-2023-0080,1,REFERENCE-HANDYSIZE,Handysize,50000,59970,Keppel - (East Singapore),Shanghai,2023-05-10T14:00:00+00:00,2023-05-18T03:42:00+00:00,2239.71,13.71,13.71,163.36,6.807,38200.0,10.54,38200.0,10.54,General Cargo,Electronics & Machinery,30996.2,30996.2,41844.9,41844.9,0.8114,81.14,26.0,1,5.0,10.0,14.0,2.0,USD,181.7,292009.5
VYG-2023-0081,2,REFERENCE-SUPRAMAX,Supramax,50000,48840,Keppel - (East Singapore),Mumbai (Bombay),2023-05-13T00:00:00+00:00,2023-05-21T14:58:12+00:00,2481.49,14.01,14.01,177.12,7.38,58328.0,12.8,58328.0,12.8,Dry Bulk,Minor Bulk Fertilizers,48953.0,48953.0,53848.3,53848.3,0.8393,83.93,33.0,1,5.0,13.0,0.0,5.0,USD,206.97,407488.14
VYG-2023-0082,2,REFERENCE-SUPRAMAX,Supramax,42440,47110,Stilis,Lamu,2023-05-13T18:00:00+00:00,2023-05-24T03:03:36+00:00,3125.22,14.11,14.11,221.49,9.229,58328.0,12.8,58328.0,12.8,Liquid Bulk,Clean Refined Products,44963.6,44963.6,53057.0,53057.0,0.7709,77.09,33.0,1,5.0,13.0,18.0,5.0,USD,249.06,567282.85
VYG-2023-0083,1,REFERENCE-HANDYSIZE,Handysize,57461,7780,Siam Seaport,Jersey City,2023-05-14T03:00:00+00:00,2023-06-18T18:31:48+00:00,11436.16,14.05,14.05,813.96,33.915,38200.0,10.54,38200.0,10.54,Dry Bulk,Agricultural Tapioca & Rice,35406.9,35406.9,45320.8,45320.8,0.9269,92.69,26.0,1,5.0,14.0,3.0,6.0,USD,855.53,1345295.66
VYG-2023-0084,1,REFERENCE-HANDYSIZE,Handysize,31140,7780,Rotterdam,Jersey City,2023-05-14T18:00:00+00:00,2023-05-25T15:40:12+00:00,3390.67,14.09,14.09,240.64,10.027,38200.0,10.54,38200.0,10.54,General Cargo,High-Value Industrial Goods,31888.4,31888.4,44643.8,44643.8,0.8348,83.48,26.0,1,5.0,14.0,18.0,6.0,USD,261.67,398108.2
VYG-2023-0085,4,REFERENCE-CAPESIZE,Capesize,54620,60140,Port Hedland,Qingdao Gang,2023-05-18T09:00:00+00:00,2023-05-29T16:03:00+00:00,3392.27,13.8,13.8,245.82,10.242,182000.0,18.2,182000.0,18.2,Dry Bulk,Pilbara Iron Ore Fines,140476.5,140476.5,59000.1,59000.1,0.7718,77.18,52.0,1,5.0,18.0,9.0,3.0,USD,271.05,844263.15
VYG-2023-0086,4,REFERENCE-CAPESIZE,Capesize,54605,59970,Dampier,Shanghai,2023-05-19T00:00:00+00:00,2023-05-29T03:56:24+00:00,3217.23,14.22,14.22,226.25,9.427,182000.0,18.2,182000.0,18.2,Dry Bulk,Iron Ore,149837.1,149837.1,67426.7,67426.7,0.8233,82.33,52.0,1,5.0,19.0,0.0,4.0,USD,243.94,788857.82
VYG-2023-0087,3,REFERENCE-PANAMAX,Panamax,12970,31140,Santos,Rotterdam,2023-05-19T05:00:00+00:00,2023-06-06T05:25:48+00:00,5489.04,13.5,13.5,406.6,16.942,82500.0,14.43,82500.0,14.43,Dry Bulk,Agricultural Grain & Soybeans,75516.6,75516.6,94395.8,94395.8,0.9154,91.54,33.0,1,5.0,19.0,5.0,4.0,USD,432.43,837511.38
VYG-2023-0088,4,REFERENCE-CAPESIZE,Capesize,12855,60140,Tubarao,Qingdao Gang,2023-05-23T03:00:00+00:00,2023-06-27T23:14:24+00:00,11122.04,13.94,13.94,797.85,33.244,182000.0,18.2,182000.0,18.2,Dry Bulk,High-Grade Carajas Iron Ore,147103.7,147103.7,58841.5,58841.5,0.8083,80.83,52.0,1,5.0,23.0,3.0,1.0,USD,860.24,2394907.85
VYG-2023-0089,2,REFERENCE-SUPRAMAX,Supramax,9240,31250,Houston,Antwerpen,2023-05-23T13:00:00+00:00,2023-06-08T04:03:36+00:00,4878.26,13.9,13.9,350.95,14.623,58328.0,12.8,58328.0,12.8,General Cargo,Petrochemical Intermediates,50145.5,50145.5,57667.3,57667.3,0.8597,85.97,33.0,1,5.0,23.0,13.0,1.0,USD,375.06,661138.19
VYG-2023-0090,3,REFERENCE-PANAMAX,Panamax,54620,48840,Port Hedland,Mumbai (Bombay),2023-05-24T00:00:00+00:00,2023-06-06T06:27:00+00:00,3886.84,13.49,13.49,288.13,12.005,82500.0,14.43,82500.0,14.43,Dry Bulk,Premium Hard Coking Coal,70249.6,70249.6,85704.5,85704.5,0.8515,85.15,33.0,1,5.0,24.0,0.0,2.0,USD,318.45,632577.04
VYG-2023-0091,1,REFERENCE-HANDYSIZE,Handysize,50000,31140,Keppel - (East Singapore),Rotterdam,2023-05-24T10:00:00+00:00,2023-06-19T12:50:24+00:00,8367.44,14.13,14.13,592.18,24.674,38200.0,10.54,38200.0,10.54,General Cargo,Containerized Freight,33133.9,33133.9,49700.9,49700.9,0.8674,86.74,26.0,1,5.0,24.0,10.0,2.0,USD,626.84,1044625.71
VYG-2023-0092,2,REFERENCE-SUPRAMAX,Supramax,50000,59970,Keppel - (East Singapore),Shanghai,2023-05-26T05:00:00+00:00,2023-06-03T06:12:36+00:00,2272.58,13.72,13.72,165.64,6.902,58328.0,12.8,58328.0,12.8,General Cargo,Electronics & Machinery,48122.0,48122.0,64964.7,64964.7,0.825,82.5,33.0,1,5.0,26.0,5.0,4.0,USD,193.21,385684.63
VYG-2023-0093,2,REFERENCE-SUPRAMAX,Supramax,50000,48840,Keppel - (East Singapore),Mumbai (Bombay),2023-05-31T13:00:00+00:00,2023-06-08T17:10:48+00:00,2472.23,13.94,13.94,177.35,7.39,58328.0,12.8,58328.0,12.8,Dry Bulk,Minor Bulk Fertilizers,48304.3,48304.3,53134.7,53134.7,0.8281,82.81,33.0,1,5.0,31.0,13.0,2.0,USD,196.18,373181.26
VYG-2023-0094,1,REFERENCE-HANDYSIZE,Handysize,42440,47110,Stilis,Lamu,2023-06-01T12:00:00+00:00,2023-06-11T12:27:36+00:00,3133.71,14.05,14.05,223.04,9.293,38200.0,10.54,38200.0,10.54,Liquid Bulk,Clean Refined Products,28157.3,28157.3,33225.6,33225.6,0.7371,73.71,26.0,1,6.0,1.0,12.0,3.0,USD,240.46,453638.41
VYG-2023-0095,2,REFERENCE-SUPRAMAX,Supramax,57461,7780,Siam Seaport,Jersey City,2023-06-04T08:00:00+00:00,2023-07-08T20:00:36+00:00,11400.81,14.3,14.3,797.26,33.219,58328.0,12.8,58328.0,12.8,Dry Bulk,Agricultural Tapioca & Rice,47765.5,47765.5,61139.8,61139.8,0.8189,81.89,33.0,1,6.0,4.0,8.0,6.0,USD,828.01,1587745.2
VYG-2023-0096,2,REFERENCE-SUPRAMAX,Supramax,31140,7780,Rotterdam,Jersey City,2023-06-05T02:00:00+00:00,2023-06-15T20:24:00+00:00,3429.07,14.33,14.33,239.29,9.97,58328.0,12.8,58328.0,12.8,General Cargo,High-Value Industrial Goods,47342.8,47342.8,66279.9,66279.9,0.8117,81.17,33.0,1,6.0,5.0,2.0,0.0,USD,258.4,513080.04
VYG-2023-0097,3,REFERENCE-PANAMAX,Panamax,54620,60140,Port Hedland,Qingdao Gang,2023-06-05T20:00:00+00:00,2023-06-16T22:12:00+00:00,3376.25,13.67,13.67,246.98,10.291,82500.0,14.43,82500.0,14.43,Dry Bulk,Pilbara Iron Ore Fines,61879.6,61879.6,25989.4,25989.4,0.7501,75.01,33.0,1,6.0,5.0,20.0,0.0,USD,266.2,573298.48
VYG-2023-0098,3,REFERENCE-PANAMAX,Panamax,54605,59970,Dampier,Shanghai,2023-06-06T23:00:00+00:00,2023-06-17T23:43:48+00:00,3246.69,13.29,13.29,244.3,10.179,82500.0,14.43,82500.0,14.43,Dry Bulk,Iron Ore,77776.1,77776.1,34999.2,34999.2,0.9427,94.27,33.0,1,6.0,6.0,23.0,1.0,USD,264.73,530052.01
VYG-2023-0099,2,REFERENCE-SUPRAMAX,Supramax,12970,31140,Santos,Rotterdam,2023-06-08T13:00:00+00:00,2023-06-25T13:31:48+00:00,5491.23,14.13,14.13,388.62,16.192,58328.0,12.8,58328.0,12.8,Dry Bulk,Agricultural Grain & Soybeans,48940.2,48940.2,61175.2,61175.2,0.8391,83.91,33.0,1,6.0,8.0,13.0,3.0,USD,408.53,736984.7
VYG-2023-0100,4,REFERENCE-CAPESIZE,Capesize,12855,60140,Tubarao,Qingdao Gang,2023-06-08T20:00:00+00:00,2023-07-14T06:54:36+00:00,11133.33,14.15,14.15,786.81,32.784,182000.0,18.2,182000.0,18.2,Dry Bulk,High-Grade Carajas Iron Ore,173776.4,173776.4,69510.6,69510.6,0.9548,95.48,52.0,1,6.0,8.0,20.0,3.0,USD,850.91,2394498.55
VYG-2023-0101,2,REFERENCE-SUPRAMAX,Supramax,9240,31250,Houston,Antwerpen,2023-06-08T23:00:00+00:00,2023-06-24T08:44:24+00:00,4821.76,13.98,13.98,344.9,14.371,58328.0,12.8,58328.0,12.8,General Cargo,Petrochemical Intermediates,52158.9,52158.9,59982.7,59982.7,0.8942,89.42,33.0,1,6.0,8.0,23.0,3.0,USD,369.74,674616.5
VYG-2023-0102,3,REFERENCE-PANAMAX,Panamax,54620,48840,Port Hedland,Mumbai (Bombay),2023-06-10T15:00:00+00:00,2023-06-23T13:00:36+00:00,3938.69,13.86,13.86,284.18,11.841,82500.0,14.43,82500.0,14.43,Dry Bulk,Premium Hard Coking Coal,61497.4,61497.4,75026.8,75026.8,0.7454,74.54,33.0,1,6.0,10.0,15.0,5.0,USD,310.01,657609.89
VYG-2023-0103,1,REFERENCE-HANDYSIZE,Handysize,50000,31140,Keppel - (East Singapore),Rotterdam,2023-06-12T00:00:00+00:00,2023-07-08T00:54:00+00:00,8281.13,13.79,13.79,600.52,25.022,38200.0,10.54,38200.0,10.54,General Cargo,Containerized Freight,34839.1,34839.1,52258.6,52258.6,0.912,91.2,26.0,1,6.0,12.0,0.0,0.0,USD,624.9,1037951.3
VYG-2023-0104,1,REFERENCE-HANDYSIZE,Handysize,50000,59970,Keppel - (East Singapore),Shanghai,2023-06-12T07:00:00+00:00,2023-06-20T12:13:12+00:00,2264.37,13.45,13.45,168.35,7.015,38200.0,10.54,38200.0,10.54,General Cargo,Electronics & Machinery,32309.5,32309.5,43617.8,43617.8,0.8458,84.58,26.0,1,6.0,12.0,7.0,0.0,USD,197.22,305044.85
VYG-2023-0105,1,REFERENCE-HANDYSIZE,Handysize,50000,48840,Keppel - (East Singapore),Mumbai (Bombay),2023-06-13T09:00:00+00:00,2023-06-21T21:01:12+00:00,2479.25,13.91,13.91,178.24,7.427,38200.0,10.54,38200.0,10.54,Dry Bulk,Minor Bulk Fertilizers,36638.4,36638.4,40302.2,40302.2,0.9591,95.91,26.0,1,6.0,13.0,9.0,1.0,USD,204.02,317075.04
VYG-2023-0106,1,REFERENCE-HANDYSIZE,Handysize,42440,47110,Stilis,Lamu,2023-06-13T14:00:00+00:00,2023-06-24T08:31:12+00:00,3132.44,13.7,13.7,228.65,9.527,38200.0,10.54,38200.0,10.54,Liquid Bulk,Clean Refined Products,31192.5,31192.5,36807.2,36807.2,0.8166,81.66,26.0,1,6.0,13.0,14.0,1.0,USD,258.52,473742.69
VYG-2023-0107,1,REFERENCE-HANDYSIZE,Handysize,57461,7780,Siam Seaport,Jersey City,2023-06-14T05:00:00+00:00,2023-07-19T15:25:12+00:00,11645.75,14.3,14.3,814.39,33.933,38200.0,10.54,38200.0,10.54,Dry Bulk,Agricultural Tapioca & Rice,33705.9,33705.9,43143.6,43143.6,0.8824,88.24,26.0,1,6.0,14.0,5.0,2.0,USD,850.42,1336603.12
VYG-2023-0108,2,REFERENCE-SUPRAMAX,Supramax,31140,7780,Rotterdam,Jersey City,2023-06-15T01:00:00+00:00,2023-06-26T08:03:36+00:00,3441.65,14.21,14.21,242.2,10.092,58328.0,12.8,58328.0,12.8,General Cargo,High-Value Industrial Goods,55742.5,55742.5,78039.5,78039.5,0.9557,95.57,33.0,1,6.0,15.0,1.0,3.0,USD,271.06,501910.7
VYG-2023-0109,4,REFERENCE-CAPESIZE,Capesize,54620,60140,Port Hedland,Qingdao Gang,2023-06-15T21:00:00+00:00,2023-06-28T08:46:12+00:00,3382.36,13.97,13.97,242.12,10.088,182000.0,18.2,182000.0,18.2,Dry Bulk,Pilbara Iron Ore Fines,157170.5,157170.5,66011.6,66011.6,0.8636,86.36,52.0,1,6.0,15.0,21.0,3.0,USD,299.77,928861.78
VYG-2023-0110,3,REFERENCE-PANAMAX,Panamax,54605,59970,Dampier,Shanghai,2023-06-16T22:00:00+00:00,2023-06-28T08:04:48+00:00,3270.4,13.26,13.26,246.64,10.277,82500.0,14.43,82500.0,14.43,Dry Bulk,Iron Ore,79024.3,79024.3,35560.9,35560.9,0.9579,95.79,33.0,1,6.0,16.0,22.0,4.0,USD,274.08,562340.04
VYG-2023-0111,2,REFERENCE-SUPRAMAX,Supramax,12970,31140,Santos,Rotterdam,2023-06-17T03:00:00+00:00,2023-07-04T01:36:00+00:00,5458.85,14.19,14.19,384.7,16.029,58328.0,12.8,58328.0,12.8,Dry Bulk,Agricultural Grain & Soybeans,49248.6,49248.6,61560.8,61560.8,0.8443,84.43,33.0,1,6.0,17.0,3.0,5.0,USD,406.6,740794.65
VYG-2023-0112,4,REFERENCE-CAPESIZE,Capesize,12855,60140,Tubarao,Qingdao Gang,2023-06-17T07:00:00+00:00,2023-07-21T18:26:24+00:00,11227.72,14.35,14.35,782.42,32.601,182000.0,18.2,182000.0,18.2,Dry Bulk,High-Grade Carajas Iron Ore,152136.1,152136.1,60854.4,60854.4,0.8359,83.59,52.0,1,6.0,17.0,7.0,5.0,USD,827.44,2419075.51
VYG-2023-0113,1,REFERENCE-HANDYSIZE,Handysize,9240,31250,Houston,Antwerpen,2023-06-18T07:00:00+00:00,2023-07-03T18:58:48+00:00,4814.81,13.75,13.75,350.17,14.59,38200.0,10.54,38200.0,10.54,General Cargo,Petrochemical Intermediates,35962.6,35962.6,41357.0,41357.0,0.9414,94.14,26.0,1,6.0,18.0,7.0,6.0,USD,371.98,520232.79
VYG-2023-0114,3,REFERENCE-PANAMAX,Panamax,54620,48840,Port Hedland,Mumbai (Bombay),2023-06-20T03:00:00+00:00,2023-07-03T15:04:48+00:00,3964.79,13.43,13.43,295.22,12.301,82500.0,14.43,82500.0,14.43,Dry Bulk,Premium Hard Coking Coal,60694.2,60694.2,74046.9,74046.9,0.7357,73.57,33.0,1,6.0,20.0,3.0,1.0,USD,324.08,642501.43
VYG-2023-0115,2,REFERENCE-SUPRAMAX,Supramax,50000,31140,Keppel - (East Singapore),Rotterdam,2023-06-23T03:00:00+00:00,2023-07-19T08:39:36+00:00,8347.22,13.78,13.78,605.75,25.24,58328.0,12.8,58328.0,12.8,General Cargo,Containerized Freight,49671.9,49671.9,74507.9,74507.9,0.8516,85.16,33.0,1,6.0,23.0,3.0,4.0,USD,629.66,1253068.95
VYG-2023-0116,2,REFERENCE-SUPRAMAX,Supramax,50000,59970,Keppel - (East Singapore),Shanghai,2023-06-23T14:00:00+00:00,2023-07-01T08:28:48+00:00,2266.31,13.69,13.69,165.54,6.897,58328.0,12.8,58328.0,12.8,General Cargo,Electronics & Machinery,44769.3,44769.3,60438.6,60438.6,0.7675,76.75,33.0,1,6.0,23.0,14.0,4.0,USD,186.48,354831.24
VYG-2023-0117,2,REFERENCE-SUPRAMAX,Supramax,50000,48840,Keppel - (East Singapore),Mumbai (Bombay),2023-06-26T18:00:00+00:00,2023-07-05T00:24:36+00:00,2453.02,14.41,14.41,170.23,7.093,58328.0,12.8,58328.0,12.8,Dry Bulk,Minor Bulk Fertilizers,43239.8,43239.8,47563.8,47563.8,0.7413,74.13,33.0,1,6.0,26.0,18.0,0.0,USD,198.41,402216.16
VYG-2023-0118,2,REFERENCE-SUPRAMAX,Supramax,42440,47110,Stilis,Lamu,2023-06-27T08:00:00+00:00,2023-07-07T14:16:12+00:00,3140.82,13.79,13.79,227.76,9.49,58328.0,12.8,58328.0,12.8,Liquid Bulk,Clean Refined Products,48781.3,48781.3,57561.9,57561.9,0.8363,83.63,33.0,1,6.0,27.0,8.0,1.0,USD,246.27,560970.99
VYG-2023-0119,1,REFERENCE-HANDYSIZE,Handysize,57461,7780,Siam Seaport,Jersey City,2023-06-27T11:00:00+00:00,2023-08-02T10:49:12+00:00,11543.37,13.83,13.83,834.66,34.777,38200.0,10.54,38200.0,10.54,Dry Bulk,Agricultural Tapioca & Rice,28530.2,28530.2,36518.7,36518.7,0.7469,74.69,26.0,1,6.0,27.0,11.0,1.0,USD,863.82,1267053.45
VYG-2023-0120,2,REFERENCE-SUPRAMAX,Supramax,31140,7780,Rotterdam,Jersey City,2023-06-28T01:00:00+00:00,2023-07-09T07:25:48+00:00,3415.85,14.41,14.41,237.05,9.877,58328.0,12.8,58328.0,12.8,General Cargo,High-Value Industrial Goods,44864.2,44864.2,62809.9,62809.9,0.7692,76.92,33.0,1,6.0,28.0,1.0,2.0,USD,270.43,531010.72
VYG-2023-0121,3,REFERENCE-PANAMAX,Panamax,54620,60140,Port Hedland,Qingdao Gang,2023-06-29T04:00:00+00:00,2023-07-10T05:19:12+00:00,3434.11,14.0,14.0,245.29,10.22,82500.0,14.43,82500.0,14.43,Dry Bulk,Pilbara Iron Ore Fines,61264.2,61264.2,25731.0,25731.0,0.7426,74.26,33.0,1,6.0,29.0,4.0,3.0,USD,265.32,584609.08
VYG-2023-0122,4,REFERENCE-CAPESIZE,Capesize,54605,59970,Dampier,Shanghai,2023-06-29T13:00:00+00:00,2023-07-10T08:19:48+00:00,3290.31,13.86,13.86,237.4,9.892,182000.0,18.2,182000.0,18.2,Dry Bulk,Iron Ore,173168.3,173168.3,77925.7,77925.7,0.9515,95.15,52.0,1,6.0,29.0,13.0,3.0,USD,259.33,814426.23
VYG-2023-0123,3,REFERENCE-PANAMAX,Panamax,12970,31140,Santos,Rotterdam,2023-07-05T22:00:00+00:00,2023-07-23T12:55:12+00:00,5431.93,13.63,13.63,398.53,16.605,82500.0,14.43,82500.0,14.43,Dry Bulk,Agricultural Grain & Soybeans,77159.8,77159.8,96449.8,96449.8,0.9353,93.53,33.0,1,7.0,5.0,22.0,2.0,USD,422.92,840325.5
VYG-2023-0124,4,REFERENCE-CAPESIZE,Capesize,12855,60140,Tubarao,Qingdao Gang,2023-07-06T11:00:00+00:00,2023-08-11T19:36:36+00:00,11315.97,13.93,13.93,812.35,33.848,182000.0,18.2,182000.0,18.2,Dry Bulk,High-Grade Carajas Iron Ore,138415.6,138415.6,55366.2,55366.2,0.7605,76.05,52.0,1,7.0,6.0,11.0,3.0,USD,872.61,2383050.99
VYG-2023-0125,2,REFERENCE-SUPRAMAX,Supramax,9240,31250,Houston,Antwerpen,2023-07-09T01:00:00+00:00,2023-07-25T08:06:36+00:00,4905.02,13.73,13.73,357.25,14.885,58328.0,12.8,58328.0,12.8,General Cargo,Petrochemical Intermediates,43164.6,43164.6,49639.3,49639.3,0.74,74.0,33.0,1,7.0,9.0,1.0,6.0,USD,391.11,690366.29
VYG-2023-0126,3,REFERENCE-PANAMAX,Panamax,54620,48840,Port Hedland,Mumbai (Bombay),2023-07-10T13:00:00+00:00,2023-07-23T21:35:24+00:00,3889.08,13.79,13.79,282.02,11.751,82500.0,14.43,82500.0,14.43,Dry Bulk,Premium Hard Coking Coal,79142.1,79142.1,96553.4,96553.4,0.9593,95.93,33.0,1,7.0,10.0,13.0,0.0,USD,320.59,654322.59
VYG-2023-0127,1,REFERENCE-HANDYSIZE,Handysize,50000,31140,Keppel - (East Singapore),Rotterdam,2023-07-12T07:00:00+00:00,2023-08-06T22:26:24+00:00,8241.56,14.15,14.15,582.44,24.268,38200.0,10.54,38200.0,10.54,General Cargo,Containerized Freight,35371.8,35371.8,53057.7,53057.7,0.926,92.6,26.0,1,7.0,12.0,7.0,2.0,USD,615.44,1061256.31
VYG-2023-0128,1,REFERENCE-HANDYSIZE,Handysize,50000,59970,Keppel - (East Singapore),Shanghai,2023-07-12T21:00:00+00:00,2023-07-20T20:22:12+00:00,2228.08,14.27,14.27,156.14,6.506,38200.0,10.54,38200.0,10.54,General Cargo,Electronics & Machinery,29835.6,29835.6,40278.1,40278.1,0.781,78.1,26.0,1,7.0,12.0,21.0,2.0,USD,191.37,293986.85
VYG-2023-0129,1,REFERENCE-HANDYSIZE,Handysize,50000,48840,Keppel - (East Singapore),Mumbai (Bombay),2023-07-13T04:00:00+00:00,2023-07-21T19:23:24+00:00,2453.85,13.9,13.9,176.54,7.356,38200.0,10.54,38200.0,10.54,Dry Bulk,Minor Bulk Fertilizers,30693.9,30693.9,33763.3,33763.3,0.8035,80.35,26.0,1,7.0,13.0,4.0,3.0,USD,207.39,333578.88
VYG-2023-0130,1,REFERENCE-HANDYSIZE,Handysize,42440,47110,Stilis,Lamu,2023-07-13T12:00:00+00:00,2023-07-23T18:19:48+00:00,3130.91,14.17,14.17,220.95,9.206,38200.0,10.54,38200.0,10.54,Liquid Bulk,Clean Refined Products,27789.3,27789.3,32791.4,32791.4,0.7275,72.75,26.0,1,7.0,13.0,12.0,3.0,USD,246.33,467842.2
VYG-2023-0131,1,REFERENCE-HANDYSIZE,Handysize,57461,7780,Siam Seaport,Jersey City,2023-07-13T22:00:00+00:00,2023-08-17T18:17:24+00:00,11419.95,14.13,14.13,808.21,33.675,38200.0,10.54,38200.0,10.54,Dry Bulk,Agricultural Tapioca & Rice,35178.0,35178.0,45027.8,45027.8,0.9209,92.09,26.0,1,7.0,13.0,22.0,3.0,USD,836.29,1332988.74
VYG-2023-0132,1,REFERENCE-HANDYSIZE,Handysize,31140,7780,Rotterdam,Jersey City,2023-07-14T23:00:00+00:00,2023-07-26T12:22:48+00:00,3452.3,13.87,13.87,248.9,10.371,38200.0,10.54,38200.0,10.54,General Cargo,High-Value Industrial Goods,35788.3,35788.3,50103.6,50103.6,0.9369,93.69,26.0,1,7.0,14.0,23.0,4.0,USD,277.38,403883.0
VYG-2023-0133,3,REFERENCE-PANAMAX,Panamax,54620,60140,Port Hedland,Qingdao Gang,2023-07-15T01:00:00+00:00,2023-07-27T00:02:24+00:00,3338.44,12.93,12.93,258.19,10.758,82500.0,14.43,82500.0,14.43,Dry Bulk,Pilbara Iron Ore Fines,76518.4,76518.4,32137.7,32137.7,0.9275,92.75,33.0,1,7.0,15.0,1.0,5.0,USD,287.04,570582.86
VYG-2023-0134,4,REFERENCE-CAPESIZE,Capesize,54605,59970,Dampier,Shanghai,2023-07-17T18:00:00+00:00,2023-07-29T00:19:48+00:00,3266.31,13.83,13.83,236.18,9.841,182000.0,18.2,182000.0,18.2,Dry Bulk,Iron Ore,173530.9,173530.9,78088.9,78088.9,0.9535,95.35,52.0,1,7.0,17.0,18.0,0.0,USD,270.33,865588.54
VYG-2023-0135,3,REFERENCE-PANAMAX,Panamax,12970,31140,Santos,Rotterdam,2023-07-20T07:00:00+00:00,2023-08-06T14:25:12+00:00,5498.11,13.96,13.96,393.85,16.41,82500.0,14.43,82500.0,14.43,Dry Bulk,Agricultural Grain & Soybeans,61311.4,61311.4,76639.2,76639.2,0.7432,74.32,33.0,1,7.0,20.0,7.0,3.0,USD,415.42,847445.98
VYG-2023-0136,4,REFERENCE-CAPESIZE,Capesize,12855,60140,Tubarao,Qingdao Gang,2023-07-23T03:00:00+00:00,2023-08-28T08:42:00+00:00,11150.21,13.73,13.73,812.11,33.838,182000.0,18.2,182000.0,18.2,Dry Bulk,High-Grade Carajas Iron Ore,163502.7,163502.7,65401.1,65401.1,0.8984,89.84,52.0,1,7.0,23.0,3.0,6.0,USD,869.7,2381922.01
VYG-2023-0137,2,REFERENCE-SUPRAMAX,Supramax,9240,31250,Houston,Antwerpen,2023-07-26T21:00:00+00:00,2023-08-10T17:40:48+00:00,4846.99,14.56,14.56,332.9,13.871,58328.0,12.8,58328.0,12.8,General Cargo,Petrochemical Intermediates,53729.2,53729.2,61788.6,61788.6,0.9212,92.12,33.0,1,7.0,26.0,21.0,2.0,USD,356.68,683217.62
VYG-2023-0138,2,REFERENCE-SUPRAMAX,Supramax,54620,48840,Port Hedland,Mumbai (Bombay),2023-07-27T13:00:00+00:00,2023-08-09T14:45:36+00:00,3928.89,14.29,14.29,274.94,11.456,58328.0,12.8,58328.0,12.8,Dry Bulk,Premium Hard Coking Coal,43605.1,43605.1,53198.2,53198.2,0.7476,74.76,33.0,1,7.0,27.0,13.0,3.0,USD,313.76,603728.02
VYG-2023-0139,2,REFERENCE-SUPRAMAX,Supramax,50000,31140,Keppel - (East Singapore),Rotterdam,2023-07-29T05:00:00+00:00,2023-08-23T19:05:24+00:00,8260.63,14.06,14.06,587.53,24.48,58328.0,12.8,58328.0,12.8,General Cargo,Containerized Freight,54744.5,54744.5,82116.8,82116.8,0.9386,93.86,33.0,1,7.0,29.0,5.0,5.0,USD,614.09,1218250.89
VYG-2023-0140,1,REFERENCE-HANDYSIZE,Handysize,50000,59970,Keppel - (East Singapore),Shanghai,2023-07-29T12:00:00+00:00,2023-08-06T01:38:24+00:00,2274.01,14.44,14.44,157.48,6.562,38200.0,10.54,38200.0,10.54,General Cargo,Electronics & Machinery,33945.7,33945.7,45826.7,45826.7,0.8886,88.86,26.0,1,7.0,29.0,12.0,5.0,USD,181.64,298947.71
VYG-2023-0141,2,REFERENCE-SUPRAMAX,Supramax,50000,48840,Keppel - (East Singapore),Mumbai (Bombay),2023-07-30T08:00:00+00:00,2023-08-07T22:26:24+00:00,2460.91,13.56,13.56,181.48,7.562,58328.0,12.8,58328.0,12.8,Dry Bulk,Minor Bulk Fertilizers,55768.7,55768.7,61345.6,61345.6,0.9561,95.61,33.0,1,7.0,30.0,8.0,6.0,USD,206.44,383756.27
VYG-2023-0142,2,REFERENCE-SUPRAMAX,Supramax,42440,47110,Stilis,Lamu,2023-07-30T19:00:00+00:00,2023-08-09T20:35:24+00:00,3107.54,13.98,13.98,222.28,9.262,58328.0,12.8,58328.0,12.8,Liquid Bulk,Clean Refined Products,50546.3,50546.3,59644.6,59644.6,0.8666,86.66,33.0,1,7.0,30.0,19.0,6.0,USD,241.59,534067.41
VYG-2023-0143,1,REFERENCE-HANDYSIZE,Handysize,57461,7780,Siam Seaport,Jersey City,2023-07-31T10:00:00+00:00,2023-09-04T16:10:48+00:00,11484.11,14.07,14.07,816.21,34.009,38200.0,10.54,38200.0,10.54,Dry Bulk,Agricultural Tapioca & Rice,30116.0,30116.0,38548.5,38548.5,0.7884,78.84,26.0,1,7.0,31.0,10.0,0.0,USD,846.18,1268314.38
VYG-2023-0144,1,REFERENCE-HANDYSIZE,Handysize,31140,7780,Rotterdam,Jersey City,2023-08-01T18:00:00+00:00,2023-08-12T17:42:00+00:00,3391.23,13.95,13.95,243.1,10.129,38200.0,10.54,38200.0,10.54,General Cargo,High-Value Industrial Goods,33161.3,33161.3,46425.8,46425.8,0.8681,86.81,26.0,1,8.0,1.0,18.0,1.0,USD,263.7,399083.18
VYG-2023-0145,4,REFERENCE-CAPESIZE,Capesize,54620,60140,Port Hedland,Qingdao Gang,2023-08-03T22:00:00+00:00,2023-08-15T09:34:48+00:00,3405.13,13.98,13.98,243.57,10.149,182000.0,18.2,182000.0,18.2,Dry Bulk,Pilbara Iron Ore Fines,138256.1,138256.1,58067.6,58067.6,0.7596,75.96,52.0,1,8.0,3.0,22.0,3.0,USD,275.58,865803.99
VYG-2023-0146,4,REFERENCE-CAPESIZE,Capesize,54605,59970,Dampier,Shanghai,2023-08-03T23:00:00+00:00,2023-08-14T16:55:12+00:00,3243.62,14.04,14.04,231.03,9.626,182000.0,18.2,182000.0,18.2,Dry Bulk,Iron Ore,142292.3,142292.3,64031.5,64031.5,0.7818,78.18,52.0,1,8.0,3.0,23.0,3.0,USD,257.92,807996.8
VYG-2023-0147,2,REFERENCE-SUPRAMAX,Supramax,12970,31140,Santos,Rotterdam,2023-08-04T12:00:00+00:00,2023-08-22T11:39:36+00:00,5490.48,13.8,13.8,397.86,16.578,58328.0,12.8,58328.0,12.8,Dry Bulk,Agricultural Grain & Soybeans,49689.6,49689.6,62112.0,62112.0,0.8519,85.19,33.0,1,8.0,4.0,12.0,4.0,USD,431.66,719444.97
VYG-2023-0148,4,REFERENCE-CAPESIZE,Capesize,12855,60140,Tubarao,Qingdao Gang,2023-08-10T02:00:00+00:00,2023-09-14T15:15:00+00:00,11364.66,14.33,14.33,793.07,33.045,182000.0,18.2,182000.0,18.2,Dry Bulk,High-Grade Carajas Iron Ore,169829.5,169829.5,67931.8,67931.8,0.9331,93.31,52.0,1,8.0,10.0,2.0,3.0,USD,853.25,2410928.53
VYG-2023-0149,2,REFERENCE-SUPRAMAX,Supramax,9240,31250,Houston,Antwerpen,2023-08-10T06:00:00+00:00,2023-08-25T18:10:48+00:00,4827.65,13.81,13.81,349.58,14.566,58328.0,12.8,58328.0,12.8,General Cargo,Petrochemical Intermediates,43985.9,43985.9,50583.8,50583.8,0.7541,75.41,33.0,1,8.0,10.0,6.0,3.0,USD,372.18,630089.05
VYG-2023-0150,3,REFERENCE-PANAMAX,Panamax,54620,48840,Port Hedland,Mumbai (Bombay),2023-08-10T19:00:00+00:00,2023-08-24T00:08:24+00:00,3900.13,13.65,13.65,285.72,11.905,82500.0,14.43,82500.0,14.43,Dry Bulk,Premium Hard Coking Coal,68638.8,68638.8,83739.3,83739.3,0.832,83.2,33.0,1,8.0,10.0,19.0,3.0,USD,317.14,650776.73
VYG-2023-0151,2,REFERENCE-SUPRAMAX,Supramax,50000,31140,Keppel - (East Singapore),Rotterdam,2023-08-11T08:00:00+00:00,2023-09-06T21:15:36+00:00,8361.4,13.83,13.83,604.58,25.191,58328.0,12.8,58328.0,12.8,General Cargo,Containerized Freight,48245.5,48245.5,72368.2,72368.2,0.8271,82.71,33.0,1,8.0,11.0,8.0,4.0,USD,637.26,1261817.86
VYG-2023-0152,2,REFERENCE-SUPRAMAX,Supramax,50000,59970,Keppel - (East Singapore),Shanghai,2023-08-12T15:00:00+00:00,2023-08-20T09:24:00+00:00,2247.09,13.98,13.98,160.74,6.698,58328.0,12.8,58328.0,12.8,General Cargo,Electronics & Machinery,47497.3,47497.3,64121.4,64121.4,0.8143,81.43,33.0,1,8.0,12.0,15.0,5.0,USD,186.4,367665.18
VYG-2023-0153,1,REFERENCE-HANDYSIZE,Handysize,50000,48840,Keppel - (East Singapore),Mumbai (Bombay),2023-08-13T01:00:00+00:00,2023-08-21T06:11:24+00:00,2490.84,14.35,14.35,173.58,7.233,38200.0,10.54,38200.0,10.54,Dry Bulk,Minor Bulk Fertilizers,30626.7,30626.7,33689.4,33689.4,0.8017,80.17,26.0,1,8.0,13.0,1.0,6.0,USD,197.19,316598.03
VYG-2023-0154,2,REFERENCE-SUPRAMAX,Supramax,42440,47110,Stilis,Lamu,2023-08-14T00:00:00+00:00,2023-08-23T21:37:12+00:00,3180.98,14.51,14.51,219.23,9.135,58328.0,12.8,58328.0,12.8,Liquid Bulk,Clean Refined Products,43469.7,43469.7,51294.2,51294.2,0.7453,74.53,33.0,1,8.0,14.0,0.0,0.0,USD,237.62,560325.95
VYG-2023-0155,1,REFERENCE-HANDYSIZE,Handysize,57461,7780,Siam Seaport,Jersey City,2023-08-14T20:00:00+00:00,2023-09-19T05:33:00+00:00,11448.7,13.91,13.91,823.06,34.294,38200.0,10.54,38200.0,10.54,Dry Bulk,Agricultural Tapioca & Rice,28971.1,28971.1,37083.0,37083.0,0.7584,75.84,26.0,1,8.0,14.0,20.0,0.0,USD,849.55,1311314.26
VYG-2023-0156,1,REFERENCE-HANDYSIZE,Handysize,31140,7780,Rotterdam,Jersey City,2023-08-20T23:00:00+00:00,2023-09-02T09:21:00+00:00,3374.18,13.64,13.64,247.37,10.307,38200.0,10.54,38200.0,10.54,General Cargo,High-Value Industrial Goods,31849.7,31849.7,44589.6,44589.6,0.8338,83.38,26.0,1,8.0,20.0,23.0,6.0,USD,298.35,412467.06
VYG-2023-0157,4,REFERENCE-CAPESIZE,Capesize,54620,60140,Port Hedland,Qingdao Gang,2023-08-21T17:00:00+00:00,2023-09-01T23:51:36+00:00,3342.07,13.72,13.72,243.59,10.15,182000.0,18.2,182000.0,18.2,Dry Bulk,Pilbara Iron Ore Fines,154688.7,154688.7,64969.3,64969.3,0.8499,84.99,52.0,1,8.0,21.0,17.0,0.0,USD,270.86,847636.33
VYG-2023-0158,3,REFERENCE-PANAMAX,Panamax,54605,59970,Dampier,Shanghai,2023-08-23T02:00:00+00:00,2023-09-03T08:07:12+00:00,3270.34,13.71,13.71,238.54,9.939,82500.0,14.43,82500.0,14.43,Dry Bulk,Iron Ore,62908.0,62908.0,28308.6,28308.6,0.7625,76.25,33.0,1,8.0,23.0,2.0,2.0,USD,270.12,569200.92
VYG-2023-0159,3,REFERENCE-PANAMAX,Panamax,12970,31140,Santos,Rotterdam,2023-08-23T13:00:00+00:00,2023-09-10T19:20:24+00:00,5474.46,13.22,13.22,414.1,17.254,82500.0,14.43,82500.0,14.43,Dry Bulk,Agricultural Grain & Soybeans,71799.4,71799.4,89749.2,89749.2,0.8703,87.03,33.0,1,8.0,23.0,13.0,2.0,USD,438.34,847156.93
VYG-2023-0160,4,REFERENCE-CAPESIZE,Capesize,12855,60140,Tubarao,Qingdao Gang,2023-08-25T10:00:00+00:00,2023-10-01T00:06:36+00:00,11204.71,13.68,13.68,819.06,34.127,182000.0,18.2,182000.0,18.2,Dry Bulk,High-Grade Carajas Iron Ore,132763.6,132763.6,53105.4,53105.4,0.7295,72.95,52.0,1,8.0,25.0,10.0,4.0,USD,878.11,2365335.22
VYG-2023-0161,2,REFERENCE-SUPRAMAX,Supramax,9240,31250,Houston,Antwerpen,2023-08-26T14:00:00+00:00,2023-09-10T15:58:12+00:00,4838.02,14.41,14.41,335.74,13.989,58328.0,12.8,58328.0,12.8,General Cargo,Petrochemical Intermediates,42804.5,42804.5,49225.2,49225.2,0.7339,73.39,33.0,1,8.0,26.0,14.0,5.0,USD,361.97,680661.19
VYG-2023-0162,2,REFERENCE-SUPRAMAX,Supramax,54620,48840,Port Hedland,Mumbai (Bombay),2023-08-26T17:00:00+00:00,2023-09-08T08:24:36+00:00,3862.43,14.32,14.32,269.72,11.238,58328.0,12.8,58328.0,12.8,Dry Bulk,Premium Hard Coking Coal,45996.8,45996.8,56116.1,56116.1,0.7886,78.86,33.0,1,8.0,26.0,17.0,5.0,USD,303.41,560130.88
VYG-2023-0163,2,REFERENCE-SUPRAMAX,Supramax,50000,31140,Keppel - (East Singapore),Rotterdam,2023-08-26T20:00:00+00:00,2023-09-21T06:16:48+00:00,8287.93,14.24,14.24,582.02,24.251,58328.0,12.8,58328.0,12.8,General Cargo,Containerized Freight,48204.0,48204.0,72306.0,72306.0,0.8264,82.64,33.0,1,8.0,26.0,20.0,5.0,USD,610.28,1286209.62
VYG-2023-0164,2,REFERENCE-SUPRAMAX,Supramax,50000,59970,Keppel - (East Singapore),Shanghai,2023-08-28T03:00:00+00:00,2023-09-04T15:47:24+00:00,2248.49,14.28,14.28,157.46,6.561,58328.0,12.8,58328.0,12.8,General Cargo,Electronics & Machinery,53852.6,53852.6,72701.0,72701.0,0.9233,92.33,33.0,1,8.0,28.0,3.0,0.0,USD,180.79,374172.46
VYG-2023-0165,1,REFERENCE-HANDYSIZE,Handysize,50000,48840,Keppel - (East Singapore),Mumbai (Bombay),2023-08-30T19:00:00+00:00,2023-09-08T10:26:24+00:00,2482.46,14.2,14.2,174.82,7.284,38200.0,10.54,38200.0,10.54,Dry Bulk,Minor Bulk Fertilizers,36023.4,36023.4,39625.7,39625.7,0.943,94.3,26.0,1,8.0,30.0,19.0,2.0,USD,207.44,343448.92
VYG-2023-0166,1,REFERENCE-HANDYSIZE,Handysize,42440,47110,Stilis,Lamu,2023-08-31T15:00:00+00:00,2023-09-10T18:03:36+00:00,3120.41,13.83,13.83,225.63,9.401,38200.0,10.54,38200.0,10.54,Liquid Bulk,Clean Refined Products,36281.9,36281.9,42812.6,42812.6,0.9498,94.98,26.0,1,8.0,31.0,15.0,3.0,USD,243.06,457840.1
VYG-2023-0167,2,REFERENCE-SUPRAMAX,Supramax,57461,7780,Siam Seaport,Jersey City,2023-08-31T18:00:00+00:00,2023-10-06T08:12:00+00:00,11400.54,14.05,14.05,811.43,33.81,58328.0,12.8,58328.0,12.8,Dry Bulk,Agricultural Tapioca & Rice,42075.5,42075.5,53856.6,53856.6,0.7214,72.14,33.0,1,8.0,31.0,18.0,3.0,USD,854.2,1627166.51
VYG-2023-0168,1,REFERENCE-HANDYSIZE,Handysize,31140,7780,Rotterdam,Jersey City,2023-09-01T04:00:00+00:00,2023-09-12T09:57:36+00:00,3411.78,13.78,13.78,247.59,10.316,38200.0,10.54,38200.0,10.54,General Cargo,High-Value Industrial Goods,28215.9,28215.9,39502.3,39502.3,0.7386,73.86,26.0,1,9.0,1.0,4.0,4.0,USD,269.96,389906.9
VYG-2023-0169,4,REFERENCE-CAPESIZE,Capesize,54620,60140,Port Hedland,Qingdao Gang,2023-09-06T04:00:00+00:00,2023-09-17T05:49:12+00:00,3365.22,14.08,14.08,239.01,9.959,182000.0,18.2,182000.0,18.2,Dry Bulk,Pilbara Iron Ore Fines,167821.8,167821.8,70485.2,70485.2,0.9221,92.21,52.0,1,9.0,6.0,4.0,2.0,USD,265.82,830343.7
VYG-2023-0170,3,REFERENCE-PANAMAX,Panamax,54605,59970,Dampier,Shanghai,2023-09-06T16:00:00+00:00,2023-09-18T12:21:00+00:00,3278.94,13.34,13.34,245.8,10.242,82500.0,14.43,82500.0,14.43,Dry Bulk,Iron Ore,77798.7,77798.7,35009.4,35009.4,0.943,94.3,33.0,1,9.0,6.0,16.0,2.0,USD,284.35,560456.99
VYG-2023-0171,3,REFERENCE-PANAMAX,Panamax,12970,31140,Santos,Rotterdam,2023-09-06T23:00:00+00:00,2023-09-25T09:25:12+00:00,5546.96,13.38,13.38,414.57,17.274,82500.0,14.43,82500.0,14.43,Dry Bulk,Agricultural Grain & Soybeans,63119.3,63119.3,78899.1,78899.1,0.7651,76.51,33.0,1,9.0,6.0,23.0,2.0,USD,442.42,861045.33
VYG-2023-0172,4,REFERENCE-CAPESIZE,Capesize,12855,60140,Tubarao,Qingdao Gang,2023-09-07T01:00:00+00:00,2023-10-11T09:15:00+00:00,11283.26,14.55,14.55,775.48,32.312,182000.0,18.2,182000.0,18.2,Dry Bulk,High-Grade Carajas Iron Ore,151271.4,151271.4,60508.6,60508.6,0.8312,83.12,52.0,1,9.0,7.0,1.0,3.0,USD,824.25,2358079.44
VYG-2023-0173,1,REFERENCE-HANDYSIZE,Handysize,9240,31250,Houston,Antwerpen,2023-09-09T01:00:00+00:00,2023-09-24T22:47:24+00:00,4824.41,13.56,13.56,355.78,14.824,38200.0,10.54,38200.0,10.54,General Cargo,Petrochemical Intermediates,30110.2,30110.2,34626.7,34626.7,0.7882,78.82,26.0,1,9.0,9.0,1.0,5.0,USD,381.79,514865.58
VYG-2023-0174,3,REFERENCE-PANAMAX,Panamax,54620,48840,Port Hedland,Mumbai (Bombay),2023-09-10T12:00:00+00:00,2023-09-23T07:28:12+00:00,3887.69,14.11,14.11,275.53,11.48,82500.0,14.43,82500.0,14.43,Dry Bulk,Premium Hard Coking Coal,66139.3,66139.3,80689.9,80689.9,0.8017,80.17,33.0,1,9.0,10.0,12.0,6.0,USD,307.47,657536.67
VYG-2023-0175,1,REFERENCE-HANDYSIZE,Handysize,50000,31140,Keppel - (East Singapore),Rotterdam,2023-09-10T23:00:00+00:00,2023-10-06T06:20:24+00:00,8284.41,14.24,14.24,581.77,24.24,38200.0,10.54,38200.0,10.54,General Cargo,Containerized Freight,35846.4,35846.4,53769.6,53769.6,0.9384,93.84,26.0,1,9.0,10.0,23.0,6.0,USD,607.34,1048375.11
VYG-2023-0176,2,REFERENCE-SUPRAMAX,Supramax,50000,59970,Keppel - (East Singapore),Shanghai,2023-09-13T04:00:00+00:00,2023-09-20T18:46:48+00:00,2236.82,14.1,14.1,158.64,6.61,58328.0,12.8,58328.0,12.8,General Cargo,Electronics & Machinery,45555.1,45555.1,61499.4,61499.4,0.781,78.1,33.0,1,9.0,13.0,4.0,2.0,USD,182.78,368762.25
VYG-2023-0177,1,REFERENCE-HANDYSIZE,Handysize,50000,48840,Keppel - (East Singapore),Mumbai (Bombay),2023-09-13T05:00:00+00:00,2023-09-21T13:22:48+00:00,2469.01,13.93,13.93,177.24,7.385,38200.0,10.54,38200.0,10.54,Dry Bulk,Minor Bulk Fertilizers,33409.6,33409.6,36750.6,36750.6,0.8746,87.46,26.0,1,9.0,13.0,5.0,2.0,USD,200.38,309776.07
VYG-2023-0178,2,REFERENCE-SUPRAMAX,Supramax,42440,47110,Stilis,Lamu,2023-09-13T05:00:00+00:00,2023-09-23T18:19:12+00:00,3174.85,14.16,14.16,224.21,9.342,58328.0,12.8,58328.0,12.8,Liquid Bulk,Clean Refined Products,42036.5,42036.5,49603.1,49603.1,0.7207,72.07,33.0,1,9.0,13.0,5.0,2.0,USD,253.32,572889.16
VYG-2023-0179,2,REFERENCE-SUPRAMAX,Supramax,57461,7780,Siam Seaport,Jersey City,2023-09-13T20:00:00+00:00,2023-10-17T17:24:00+00:00,11422.83,14.53,14.53,786.15,32.756,58328.0,12.8,58328.0,12.8,Dry Bulk,Agricultural Tapioca & Rice,54317.2,54317.2,69526.0,69526.0,0.9312,93.12,33.0,1,9.0,13.0,20.0,2.0,USD,813.4,1641907.24
VYG-2023-0180,1,REFERENCE-HANDYSIZE,Handysize,31140,7780,Rotterdam,Jersey City,2023-09-15T06:00:00+00:00,2023-09-26T13:54:00+00:00,3422.66,13.85,13.85,247.12,10.297,38200.0,10.54,38200.0,10.54,General Cargo,High-Value Industrial Goods,36439.1,36439.1,51014.7,51014.7,0.9539,95.39,26.0,1,9.0,15.0,6.0,4.0,USD,271.9,394082.6
VYG-2023-0181,4,REFERENCE-CAPESIZE,Capesize,54620,60140,Port Hedland,Qingdao Gang,2023-09-20T18:00:00+00:00,2023-10-01T15:58:12+00:00,3337.38,14.03,14.03,237.87,9.911,182000.0,18.2,182000.0,18.2,Dry Bulk,Pilbara Iron Ore Fines,167533.8,167533.8,70364.2,70364.2,0.9205,92.05,52.0,1,9.0,20.0,18.0,2.0,USD,261.97,807961.93
VYG-2023-0182,4,REFERENCE-CAPESIZE,Capesize,54605,59970,Dampier,Shanghai,2023-09-24T16:00:00+00:00,2023-10-05T09:31:48+00:00,3249.56,14.11,14.11,230.3,9.596,182000.0,18.2,182000.0,18.2,Dry Bulk,Iron Ore,162701.7,162701.7,73215.8,73215.8,0.894,89.4,52.0,1,9.0,24.0,16.0,6.0,USD,257.53,820280.97
VYG-2023-0183,3,REFERENCE-PANAMAX,Panamax,12970,31140,Santos,Rotterdam,2023-09-25T09:00:00+00:00,2023-10-13T04:42:36+00:00,5501.23,13.5,13.5,407.5,16.979,82500.0,14.43,82500.0,14.43,Dry Bulk,Agricultural Grain & Soybeans,61885.9,61885.9,77357.4,77357.4,0.7501,75.01,33.0,1,9.0,25.0,9.0,0.0,USD,427.71,836699.15
VYG-2023-0184,4,REFERENCE-CAPESIZE,Capesize,12855,60140,Tubarao,Qingdao Gang,2023-09-25T15:00:00+00:00,2023-10-30T07:10:48+00:00,11254.16,14.39,14.39,782.08,32.587,182000.0,18.2,182000.0,18.2,Dry Bulk,High-Grade Carajas Iron Ore,146244.8,146244.8,58497.9,58497.9,0.8035,80.35,52.0,1,9.0,25.0,15.0,0.0,USD,832.18,2380630.88
VYG-2023-0185,2,REFERENCE-SUPRAMAX,Supramax,9240,31250,Houston,Antwerpen,2023-09-29T06:00:00+00:00,2023-10-14T15:16:12+00:00,4874.11,14.04,14.04,347.16,14.465,58328.0,12.8,58328.0,12.8,General Cargo,Petrochemical Intermediates,50481.4,50481.4,58053.6,58053.6,0.8655,86.55,33.0,1,9.0,29.0,6.0,4.0,USD,369.27,663556.01
VYG-2023-0186,2,REFERENCE-SUPRAMAX,Supramax,54620,48840,Port Hedland,Mumbai (Bombay),2023-09-30T12:00:00+00:00,2023-10-13T19:21:00+00:00,3896.21,13.99,13.99,278.5,11.604,58328.0,12.8,58328.0,12.8,Dry Bulk,Premium Hard Coking Coal,55404.0,55404.0,67592.9,67592.9,0.9499,94.99,33.0,1,9.0,30.0,12.0,5.0,USD,319.35,575251.96
VYG-2023-0187,2,REFERENCE-SUPRAMAX,Supramax,50000,31140,Keppel - (East Singapore),Rotterdam,2023-10-03T02:00:00+00:00,2023-10-29T19:48:36+00:00,8338.96,13.78,13.78,605.15,25.215,58328.0,12.8,58328.0,12.8,General Cargo,Containerized Freight,50671.7,50671.7,76007.5,76007.5,0.8687,86.87,33.0,1,10.0,3.0,2.0,1.0,USD,641.81,1252075.89
VYG-2023-0188,2,REFERENCE-SUPRAMAX,Supramax,50000,59970,Keppel - (East Singapore),Shanghai,2023-10-09T07:00:00+00:00,2023-10-16T16:15:36+00:00,2228.61,14.39,14.39,154.87,6.453,58328.0,12.8,58328.0,12.8,General Cargo,Electronics & Machinery,51433.1,51433.1,69434.7,69434.7,0.8818,88.18,33.0,1,10.0,9.0,7.0,0.0,USD,177.26,369886.23
VYG-2023-0189,1,REFERENCE-HANDYSIZE,Handysize,50000,48840,Keppel - (East Singapore),Mumbai (Bombay),2023-10-13T06:00:00+00:00,2023-10-21T06:57:00+00:00,2486.98,14.28,14.28,174.16,7.257,38200.0,10.54,38200.0,10.54,Dry Bulk,Minor Bulk Fertilizers,36035.8,36035.8,39639.4,39639.4,0.9433,94.33,26.0,1,10.0,13.0,6.0,4.0,USD,192.95,308090.78
VYG-2023-0190,2,REFERENCE-SUPRAMAX,Supramax,42440,47110,Stilis,Lamu,2023-10-16T01:00:00+00:00,2023-10-26T08:28:48+00:00,3193.78,14.0,14.0,228.13,9.505,58328.0,12.8,58328.0,12.8,Liquid Bulk,Clean Refined Products,43063.4,43063.4,50814.8,50814.8,0.7383,73.83,33.0,1,10.0,16.0,1.0,0.0,USD,247.48,561424.55
VYG-2023-0191,1,REFERENCE-HANDYSIZE,Handysize,57461,7780,Siam Seaport,Jersey City,2023-10-17T05:00:00+00:00,2023-11-22T03:32:24+00:00,11556.45,14.05,14.05,822.52,34.272,38200.0,10.54,38200.0,10.54,Dry Bulk,Agricultural Tapioca & Rice,31916.9,31916.9,40853.6,40853.6,0.8355,83.55,26.0,1,10.0,17.0,5.0,1.0,USD,862.54,1301153.37
VYG-2023-0192,1,REFERENCE-HANDYSIZE,Handysize,31140,7780,Rotterdam,Jersey City,2023-10-18T01:00:00+00:00,2023-10-29T04:05:24+00:00,3413.81,14.08,14.08,242.46,10.103,38200.0,10.54,38200.0,10.54,General Cargo,High-Value Industrial Goods,29883.5,29883.5,41836.9,41836.9,0.7823,78.23,26.0,1,10.0,18.0,1.0,2.0,USD,267.09,390595.85
VYG-2023-0193,4,REFERENCE-CAPESIZE,Capesize,54620,60140,Port Hedland,Qingdao Gang,2023-10-21T19:00:00+00:00,2023-11-02T07:47:24+00:00,3362.33,14.33,14.33,234.64,9.777,182000.0,18.2,182000.0,18.2,Dry Bulk,Pilbara Iron Ore Fines,161542.2,161542.2,67847.7,67847.7,0.8876,88.76,52.0,1,10.0,21.0,19.0,5.0,USD,276.79,889672.89
VYG-2023-0194,3,REFERENCE-PANAMAX,Panamax,54605,59970,Dampier,Shanghai,2023-10-30T02:00:00+00:00,2023-11-10T14:09:00+00:00,3274.95,13.18,13.18,248.48,10.353,82500.0,14.43,82500.0,14.43,Dry Bulk,Iron Ore,72598.7,72598.7,32669.4,32669.4,0.88,88.0,33.0,1,10.0,30.0,2.0,0.0,USD,276.15,549231.39
VYG-2023-0195,3,REFERENCE-PANAMAX,Panamax,12970,31140,Santos,Rotterdam,2023-11-01T01:00:00+00:00,2023-11-19T15:21:36+00:00,5521.23,12.97,12.97,425.69,17.737,82500.0,14.43,82500.0,14.43,Dry Bulk,Agricultural Grain & Soybeans,75334.1,75334.1,94167.6,94167.6,0.9131,91.31,33.0,1,11.0,1.0,1.0,2.0,USD,446.36,814296.18
VYG-2023-0196,4,REFERENCE-CAPESIZE,Capesize,12855,60140,Tubarao,Qingdao Gang,2023-11-01T22:00:00+00:00,2023-12-08T07:24:00+00:00,11169.01,13.8,13.8,809.35,33.723,182000.0,18.2,182000.0,18.2,Dry Bulk,High-Grade Carajas Iron Ore,148632.7,148632.7,59453.1,59453.1,0.8167,81.67,52.0,1,11.0,1.0,22.0,2.0,USD,873.4,2375876.4
VYG-2023-0197,1,REFERENCE-HANDYSIZE,Handysize,9240,31250,Houston,Antwerpen,2023-11-02T09:00:00+00:00,2023-11-18T06:45:00+00:00,4834.95,14.04,14.04,344.37,14.349,38200.0,10.54,38200.0,10.54,General Cargo,Petrochemical Intermediates,36222.1,36222.1,41655.4,41655.4,0.9482,94.82,26.0,1,11.0,2.0,9.0,3.0,USD,381.75,531134.36
VYG-2023-0198,2,REFERENCE-SUPRAMAX,Supramax,54620,48840,Port Hedland,Mumbai (Bombay),2023-11-04T21:00:00+00:00,2023-11-17T07:58:48+00:00,3892.8,14.19,14.19,274.33,11.43,58328.0,12.8,58328.0,12.8,Dry Bulk,Premium Hard Coking Coal,55383.4,55383.4,67567.7,67567.7,0.9495,94.95,33.0,1,11.0,4.0,21.0,5.0,USD,298.98,538669.61
VYG-2023-0199,2,REFERENCE-SUPRAMAX,Supramax,50000,31140,Keppel - (East Singapore),Rotterdam,2023-11-06T18:00:00+00:00,2023-12-02T18:28:12+00:00,8402.32,14.03,14.03,598.88,24.953,58328.0,12.8,58328.0,12.8,General Cargo,Containerized Freight,45950.7,45950.7,68926.0,68926.0,0.7878,78.78,33.0,1,11.0,6.0,18.0,0.0,USD,624.47,1243193.97
VYG-2023-0200,1,REFERENCE-HANDYSIZE,Handysize,50000,59970,Keppel - (East Singapore),Shanghai,2023-11-07T17:00:00+00:00,2023-11-15T05:23:24+00:00,2226.44,14.05,14.05,158.47,6.603,38200.0,10.54,38200.0,10.54,General Cargo,Electronics & Machinery,29844.7,29844.7,40290.3,40290.3,0.7813,78.13,26.0,1,11.0,7.0,17.0,1.0,USD,180.39,278552.92
VYG-2023-0201,1,REFERENCE-HANDYSIZE,Handysize,50000,48840,Keppel - (East Singapore),Mumbai (Bombay),2023-11-07T22:00:00+00:00,2023-11-15T22:08:24+00:00,2413.64,14.05,14.05,171.79,7.158,38200.0,10.54,38200.0,10.54,Dry Bulk,Minor Bulk Fertilizers,34938.1,34938.1,38431.9,38431.9,0.9146,91.46,26.0,1,11.0,7.0,22.0,1.0,USD,192.14,299200.19
VYG-2023-0202,1,REFERENCE-HANDYSIZE,Handysize,42440,47110,Stilis,Lamu,2023-11-08T12:00:00+00:00,2023-11-19T04:57:36+00:00,3127.7,13.99,13.99,223.57,9.315,38200.0,10.54,38200.0,10.54,Liquid Bulk,Clean Refined Products,30163.0,30163.0,35592.3,35592.3,0.7896,78.96,26.0,1,11.0,8.0,12.0,2.0,USD,256.96,468344.04
VYG-2023-0203,1,REFERENCE-HANDYSIZE,Handysize,57461,7780,Siam Seaport,Jersey City,2023-11-12T10:00:00+00:00,2023-12-17T11:04:48+00:00,11394.87,14.01,14.01,813.34,33.889,38200.0,10.54,38200.0,10.54,Dry Bulk,Agricultural Tapioca & Rice,36425.2,36425.2,46624.3,46624.3,0.9535,95.35,26.0,1,11.0,12.0,10.0,6.0,USD,841.08,1223705.42
VYG-2023-0204,1,REFERENCE-HANDYSIZE,Handysize,31140,7780,Rotterdam,Jersey City,2023-11-19T00:00:00+00:00,2023-11-30T15:27:36+00:00,3396.29,13.76,13.76,246.82,10.284,38200.0,10.54,38200.0,10.54,General Cargo,High-Value Industrial Goods,34212.5,34212.5,47897.5,47897.5,0.8956,89.56,26.0,1,11.0,19.0,0.0,6.0,USD,279.46,412155.34
VYG-2023-0205,3,REFERENCE-PANAMAX,Panamax,54620,60140,Port Hedland,Qingdao Gang,2023-11-19T01:00:00+00:00,2023-11-30T14:18:36+00:00,3372.03,13.62,13.62,247.58,10.316,82500.0,14.43,82500.0,14.43,Dry Bulk,Pilbara Iron Ore Fines,66744.6,66744.6,28032.7,28032.7,0.809,80.9,33.0,1,11.0,19.0,1.0,6.0,USD,277.31,563689.25
VYG-2023-0206,4,REFERENCE-CAPESIZE,Capesize,54605,59970,Dampier,Shanghai,2023-11-19T13:00:00+00:00,2023-11-30T12:11:24+00:00,3259.67,13.56,13.56,240.39,10.016,182000.0,18.2,182000.0,18.2,Dry Bulk,Iron Ore,142783.2,142783.2,64252.4,64252.4,0.7845,78.45,52.0,1,11.0,19.0,13.0,6.0,USD,263.19,779739.73
VYG-2023-0207,3,REFERENCE-PANAMAX,Panamax,12970,31140,Santos,Rotterdam,2023-11-22T02:00:00+00:00,2023-12-10T06:30:00+00:00,5483.46,13.26,13.26,413.53,17.23,82500.0,14.43,82500.0,14.43,Dry Bulk,Agricultural Grain & Soybeans,69476.0,69476.0,86845.0,86845.0,0.8421,84.21,33.0,1,11.0,22.0,2.0,2.0,USD,436.5,842683.55
VYG-2023-0208,4,REFERENCE-CAPESIZE,Capesize,12855,60140,Tubarao,Qingdao Gang,2023-11-22T21:00:00+00:00,2023-12-28T12:25:48+00:00,11342.83,14.23,14.23,797.11,33.213,182000.0,18.2,182000.0,18.2,Dry Bulk,High-Grade Carajas Iron Ore,168678.7,168678.7,67471.5,67471.5,0.9268,92.68,52.0,1,11.0,22.0,21.0,2.0,USD,855.43,2312081.85
VYG-2023-0209,2,REFERENCE-SUPRAMAX,Supramax,9240,31250,Houston,Antwerpen,2023-11-25T03:00:00+00:00,2023-12-11T05:17:24+00:00,4837.43,13.89,13.89,348.27,14.511,58328.0,12.8,58328.0,12.8,General Cargo,Petrochemical Intermediates,51390.1,51390.1,59098.6,59098.6,0.8811,88.11,33.0,1,11.0,25.0,3.0,5.0,USD,386.29,647656.26
VYG-2023-0210,2,REFERENCE-SUPRAMAX,Supramax,54620,48840,Port Hedland,Mumbai (Bombay),2023-11-25T09:00:00+00:00,2023-12-08T01:18:00+00:00,3908.79,13.98,13.98,279.6,11.65,58328.0,12.8,58328.0,12.8,Dry Bulk,Premium Hard Coking Coal,53741.0,53741.0,65564.0,65564.0,0.9214,92.14,33.0,1,11.0,25.0,9.0,5.0,USD,304.3,549167.04
VYG-2023-0211,2,REFERENCE-SUPRAMAX,Supramax,50000,31140,Keppel - (East Singapore),Rotterdam,2023-11-25T20:00:00+00:00,2023-12-20T21:03:36+00:00,8315.33,14.46,14.46,575.06,23.961,58328.0,12.8,58328.0,12.8,General Cargo,Containerized Freight,49565.8,49565.8,74348.7,74348.7,0.8498,84.98,33.0,1,11.0,25.0,20.0,5.0,USD,601.06,1219917.0
VYG-2023-0212,2,REFERENCE-SUPRAMAX,Supramax,50000,59970,Keppel - (East Singapore),Shanghai,2023-11-25T22:00:00+00:00,2023-12-03T03:44:24+00:00,2213.21,14.27,14.27,155.1,6.462,58328.0,12.8,58328.0,12.8,General Cargo,Electronics & Machinery,43840.0,43840.0,59184.0,59184.0,0.7516,75.16,33.0,1,11.0,25.0,22.0,5.0,USD,173.74,347957.68
VYG-2023-0213,1,REFERENCE-HANDYSIZE,Handysize,50000,48840,Keppel - (East Singapore),Mumbai (Bombay),2023-11-27T22:00:00+00:00,2023-12-07T01:27:36+00:00,2460.95,13.88,13.88,177.3,7.388,38200.0,10.54,38200.0,10.54,Dry Bulk,Minor Bulk Fertilizers,36078.8,36078.8,39686.7,39686.7,0.9445,94.45,26.0,1,11.0,27.0,22.0,0.0,USD,219.46,316895.01
VYG-2023-0214,2,REFERENCE-SUPRAMAX,Supramax,42440,47110,Stilis,Lamu,2023-11-30T13:00:00+00:00,2023-12-10T23:28:48+00:00,3117.69,13.72,13.72,227.24,9.468,58328.0,12.8,58328.0,12.8,Liquid Bulk,Clean Refined Products,46937.1,46937.1,55385.8,55385.8,0.8047,80.47,33.0,1,11.0,30.0,13.0,3.0,USD,250.48,540879.57
VYG-2023-0215,2,REFERENCE-SUPRAMAX,Supramax,57461,7780,Siam Seaport,Jersey City,2023-12-02T09:00:00+00:00,2024-01-06T19:29:24+00:00,11395.06,13.94,13.94,817.44,34.06,58328.0,12.8,58328.0,12.8,Dry Bulk,Agricultural Tapioca & Rice,46664.2,46664.2,59730.2,59730.2,0.8,80.0,33.0,1,12.0,2.0,9.0,5.0,USD,850.49,1547978.9
VYG-2023-0216,1,REFERENCE-HANDYSIZE,Handysize,31140,7780,Rotterdam,Jersey City,2023-12-02T21:00:00+00:00,2023-12-14T08:42:36+00:00,3402.68,13.67,13.67,248.92,10.372,38200.0,10.54,38200.0,10.54,General Cargo,High-Value Industrial Goods,34388.6,34388.6,48144.0,48144.0,0.9002,90.02,26.0,1,12.0,2.0,21.0,5.0,USD,275.71,369779.54
VYG-2023-0217,4,REFERENCE-CAPESIZE,Capesize,54620,60140,Port Hedland,Qingdao Gang,2023-12-03T21:00:00+00:00,2023-12-14T22:04:48+00:00,3395.11,14.01,14.01,242.33,10.097,182000.0,18.2,182000.0,18.2,Dry Bulk,Pilbara Iron Ore Fines,155304.0,155304.0,65227.7,65227.7,0.8533,85.33,52.0,1,12.0,3.0,21.0,6.0,USD,265.08,792154.02
VYG-2023-0218,3,REFERENCE-PANAMAX,Panamax,54605,59970,Dampier,Shanghai,2023-12-04T22:00:00+00:00,2023-12-16T12:00:36+00:00,3210.68,13.47,13.47,238.36,9.932,82500.0,14.43,82500.0,14.43,Dry Bulk,Iron Ore,65091.7,65091.7,29291.3,29291.3,0.789,78.9,33.0,1,12.0,4.0,22.0,0.0,USD,278.01,558299.66
VYG-2023-0219,3,REFERENCE-PANAMAX,Panamax,12970,31140,Santos,Rotterdam,2023-12-06T04:00:00+00:00,2023-12-24T09:34:48+00:00,5559.44,13.34,13.34,416.75,17.365,82500.0,14.43,82500.0,14.43,Dry Bulk,Agricultural Grain & Soybeans,68468.8,68468.8,85586.0,85586.0,0.8299,82.99,33.0,1,12.0,6.0,4.0,2.0,USD,437.58,844220.78
VYG-2023-0220,4,REFERENCE-CAPESIZE,Capesize,12855,60140,Tubarao,Qingdao Gang,2023-12-08T05:00:00+00:00,2024-01-11T11:15:00+00:00,11096.11,14.53,14.53,763.67,31.82,182000.0,18.2,182000.0,18.2,Dry Bulk,High-Grade Carajas Iron Ore,160395.4,160395.4,64158.2,64158.2,0.8813,88.13,52.0,1,12.0,8.0,5.0,4.0,USD,822.25,2373455.5
VYG-2023-0221,2,REFERENCE-SUPRAMAX,Supramax,9240,31250,Houston,Antwerpen,2023-12-08T05:00:00+00:00,2023-12-24T14:50:24+00:00,4840.48,13.67,13.67,354.1,14.754,58328.0,12.8,58328.0,12.8,General Cargo,Petrochemical Intermediates,51811.2,51811.2,59582.9,59582.9,0.8883,88.83,33.0,1,12.0,8.0,5.0,4.0,USD,393.84,653708.05
VYG-2023-0222,3,REFERENCE-PANAMAX,Panamax,54620,48840,Port Hedland,Mumbai (Bombay),2023-12-09T02:00:00+00:00,2023-12-22T08:35:24+00:00,3940.64,13.28,13.28,296.73,12.364,82500.0,14.43,82500.0,14.43,Dry Bulk,Premium Hard Coking Coal,71621.5,71621.5,87378.2,87378.2,0.8681,86.81,33.0,1,12.0,9.0,2.0,5.0,USD,318.59,631685.14
VYG-2023-0223,1,REFERENCE-HANDYSIZE,Handysize,50000,31140,Keppel - (East Singapore),Rotterdam,2023-12-11T23:00:00+00:00,2024-01-06T15:34:12+00:00,8316.01,14.05,14.05,591.89,24.662,38200.0,10.54,38200.0,10.54,General Cargo,Containerized Freight,31483.1,31483.1,47224.6,47224.6,0.8242,82.42,26.0,1,12.0,11.0,23.0,0.0,USD,616.57,1017830.45
VYG-2023-0224,1,REFERENCE-HANDYSIZE,Handysize,50000,59970,Keppel - (East Singapore),Shanghai,2023-12-16T07:00:00+00:00,2023-12-23T23:37:12+00:00,2287.41,14.13,14.13,161.88,6.745,38200.0,10.54,38200.0,10.54,General Cargo,Electronics & Machinery,33929.6,33929.6,45805.0,45805.0,0.8882,88.82,26.0,1,12.0,16.0,7.0,5.0,USD,184.62,278957.49
VYG-2023-0225,2,REFERENCE-SUPRAMAX,Supramax,50000,48840,Keppel - (East Singapore),Mumbai (Bombay),2023-12-16T08:00:00+00:00,2023-12-24T14:12:36+00:00,2473.04,14.11,14.11,175.27,7.303,58328.0,12.8,58328.0,12.8,Dry Bulk,Minor Bulk Fertilizers,53516.9,53516.9,58868.6,58868.6,0.9175,91.75,33.0,1,12.0,16.0,8.0,5.0,USD,198.21,384810.18
VYG-2023-0226,2,REFERENCE-SUPRAMAX,Supramax,42440,47110,Stilis,Lamu,2023-12-16T17:00:00+00:00,2023-12-27T01:11:24+00:00,3167.48,13.81,13.81,229.36,9.557,58328.0,12.8,58328.0,12.8,Liquid Bulk,Clean Refined Products,47980.6,47980.6,56617.1,56617.1,0.8226,82.26,33.0,1,12.0,16.0,17.0,5.0,USD,248.19,553284.4
VYG-2023-0227,2,REFERENCE-SUPRAMAX,Supramax,57461,7780,Siam Seaport,Jersey City,2023-12-17T10:00:00+00:00,2024-01-21T18:28:12+00:00,11558.26,14.16,14.16,816.26,34.011,58328.0,12.8,58328.0,12.8,Dry Bulk,Agricultural Tapioca & Rice,48356.4,48356.4,61896.2,61896.2,0.829,82.9,33.0,1,12.0,17.0,10.0,6.0,USD,848.47,1567632.92
VYG-2023-0228,2,REFERENCE-SUPRAMAX,Supramax,31140,7780,Rotterdam,Jersey City,2023-12-25T22:00:00+00:00,2024-01-06T18:01:12+00:00,3422.95,13.88,13.88,246.61,10.275,58328.0,12.8,58328.0,12.8,General Cargo,High-Value Industrial Goods,47867.1,47867.1,67013.9,67013.9,0.8207,82.07,33.0,1,12.0,25.0,22.0,0.0,USD,284.02,497388.76
VYG-2023-0229,4,REFERENCE-CAPESIZE,Capesize,54620,60140,Port Hedland,Qingdao Gang,2023-12-31T05:00:00+00:00,2024-01-11T06:47:24+00:00,3406.08,14.0,14.0,243.29,10.137,182000.0,18.2,182000.0,18.2,Dry Bulk,Pilbara Iron Ore Fines,135643.6,135643.6,56970.3,56970.3,0.7453,74.53,52.0,1,12.0,31.0,5.0,6.0,USD,265.79,794043.27
VYG-2024-0230,4,REFERENCE-CAPESIZE,Capesize,54605,59970,Dampier,Shanghai,2024-01-02T08:00:00+00:00,2024-01-13T02:09:36+00:00,3278.5,14.24,14.24,230.23,9.593,182000.0,18.2,182000.0,18.2,Dry Bulk,Iron Ore,167141.0,167141.0,75213.4,75213.4,0.9184,91.84,52.0,1,1.0,2.0,8.0,1.0,USD,258.16,803732.15
VYG-2024-0231,2,REFERENCE-SUPRAMAX,Supramax,12970,31140,Santos,Rotterdam,2024-01-03T00:00:00+00:00,2024-01-20T15:44:24+00:00,5503.13,14.14,14.14,389.19,16.216,58328.0,12.8,58328.0,12.8,Dry Bulk,Agricultural Grain & Soybeans,46304.9,46304.9,57881.1,57881.1,0.7939,79.39,33.0,1,1.0,3.0,0.0,2.0,USD,423.74,729873.27
VYG-2024-0232,4,REFERENCE-CAPESIZE,Capesize,12855,60140,Tubarao,Qingdao Gang,2024-01-05T17:00:00+00:00,2024-02-10T23:00:36+00:00,11224.33,13.79,13.79,813.95,33.915,182000.0,18.2,182000.0,18.2,Dry Bulk,High-Grade Carajas Iron Ore,155211.3,155211.3,62084.5,62084.5,0.8528,85.28,52.0,1,1.0,5.0,17.0,4.0,USD,870.01,2298045.53
VYG-2024-0233,2,REFERENCE-SUPRAMAX,Supramax,9240,31250,Houston,Antwerpen,2024-01-10T07:00:00+00:00,2024-01-26T03:49:12+00:00,4817.18,13.99,13.99,344.33,14.347,58328.0,12.8,58328.0,12.8,General Cargo,Petrochemical Intermediates,46139.0,46139.0,53059.8,53059.8,0.791,79.1,33.0,1,1.0,10.0,7.0,2.0,USD,380.82,656039.44
VYG-2024-0234,3,REFERENCE-PANAMAX,Panamax,54620,48840,Port Hedland,Mumbai (Bombay),2024-01-10T23:00:00+00:00,2024-01-23T10:06:36+00:00,3921.51,13.94,13.94,281.31,11.721,82500.0,14.43,82500.0,14.43,Dry Bulk,Premium Hard Coking Coal,62595.0,62595.0,76365.9,76365.9,0.7587,75.87,33.0,1,1.0,10.0,23.0,2.0,USD,299.11,590975.61
VYG-2024-0235,2,REFERENCE-SUPRAMAX,Supramax,50000,31140,Keppel - (East Singapore),Rotterdam,2024-01-12T13:00:00+00:00,2024-02-07T14:10:12+00:00,8250.58,13.74,13.74,600.48,25.02,58328.0,12.8,58328.0,12.8,General Cargo,Containerized Freight,44333.0,44333.0,66499.5,66499.5,0.7601,76.01,33.0,1,1.0,12.0,13.0,4.0,USD,625.17,1158264.24
VYG-2024-0236,1,REFERENCE-HANDYSIZE,Handysize,50000,59970,Keppel - (East Singapore),Shanghai,2024-01-12T15:00:00+00:00,2024-01-20T01:24:00+00:00,2214.31,14.35,14.35,154.31,6.43,38200.0,10.54,38200.0,10.54,General Cargo,Electronics & Machinery,31436.6,31436.6,42439.4,42439.4,0.8229,82.29,26.0,1,1.0,12.0,15.0,4.0,USD,178.4,280504.35
VYG-2024-0237,2,REFERENCE-SUPRAMAX,Supramax,50000,48840,Keppel - (East Singapore),Mumbai (Bombay),2024-01-14T08:00:00+00:00,2024-01-22T13:14:24+00:00,2457.92,14.01,14.01,175.44,7.31,58328.0,12.8,58328.0,12.8,Dry Bulk,Minor Bulk Fertilizers,55226.5,55226.5,60749.2,60749.2,0.9468,94.68,33.0,1,1.0,14.0,8.0,6.0,USD,197.24,379802.56
VYG-2024-0238,1,REFERENCE-HANDYSIZE,Handysize,42440,47110,Stilis,Lamu,2024-01-14T09:00:00+00:00,2024-01-24T17:40:12+00:00,3164.48,13.94,13.94,227.01,9.459,38200.0,10.54,38200.0,10.54,Liquid Bulk,Clean Refined Products,29377.2,29377.2,34665.1,34665.1,0.769,76.9,26.0,1,1.0,14.0,9.0,6.0,USD,248.67,446103.44
VYG-2024-0239,2,REFERENCE-SUPRAMAX,Supramax,57461,7780,Siam Seaport,Jersey City,2024-01-15T10:00:00+00:00,2024-02-20T07:58:12+00:00,11542.72,13.94,13.94,828.03,34.501,58328.0,12.8,58328.0,12.8,Dry Bulk,Agricultural Tapioca & Rice,45102.5,45102.5,57731.2,57731.2,0.7733,77.33,33.0,1,1.0,15.0,10.0,0.0,USD,861.97,1566492.84
VYG-2024-0240,1,REFERENCE-HANDYSIZE,Handysize,31140,7780,Rotterdam,Jersey City,2024-01-15T15:00:00+00:00,2024-01-27T06:02:24+00:00,3422.37,14.08,14.08,243.07,10.128,38200.0,10.54,38200.0,10.54,General Cargo,High-Value Industrial Goods,31951.3,31951.3,44731.8,44731.8,0.8364,83.64,26.0,1,1.0,15.0,15.0,0.0,USD,279.04,399709.17
VYG-2024-0241,4,REFERENCE-CAPESIZE,Capesize,54620,60140,Port Hedland,Qingdao Gang,2024-01-15T16:00:00+00:00,2024-01-26T13:29:24+00:00,3383.6,13.95,13.95,242.55,10.106,182000.0,18.2,182000.0,18.2,Dry Bulk,Pilbara Iron Ore Fines,159334.8,159334.8,66920.6,66920.6,0.8755,87.55,52.0,1,1.0,15.0,16.0,0.0,USD,261.49,784679.98
VYG-2024-0242,3,REFERENCE-PANAMAX,Panamax,54605,59970,Dampier,Shanghai,2024-01-16T21:00:00+00:00,2024-01-27T18:55:12+00:00,3240.4,13.55,13.55,239.14,9.964,82500.0,14.43,82500.0,14.43,Dry Bulk,Iron Ore,66834.3,66834.3,30075.4,30075.4,0.8101,81.01,33.0,1,1.0,16.0,21.0,1.0,USD,261.92,516090.81
VYG-2024-0243,3,REFERENCE-PANAMAX,Panamax,12970,31140,Santos,Rotterdam,2024-01-17T02:00:00+00:00,2024-02-03T06:54:00+00:00,5443.18,13.86,13.86,392.73,16.364,82500.0,14.43,82500.0,14.43,Dry Bulk,Agricultural Grain & Soybeans,66715.7,66715.7,83394.6,83394.6,0.8087,80.87,33.0,1,1.0,17.0,2.0,2.0,USD,412.9,813570.18
VYG-2024-0244,4,REFERENCE-CAPESIZE,Capesize,12855,60140,Tubarao,Qingdao Gang,2024-01-19T09:00:00+00:00,2024-02-22T23:31:48+00:00,11209.96,14.26,14.26,786.11,32.755,182000.0,18.2,182000.0,18.2,Dry Bulk,High-Grade Carajas Iron Ore,158645.3,158645.3,63458.1,63458.1,0.8717,87.17,52.0,1,1.0,19.0,9.0,4.0,USD,830.53,2244778.36
VYG-2024-0245,1,REFERENCE-HANDYSIZE,Handysize,9240,31250,Houston,Antwerpen,2024-01-20T19:00:00+00:00,2024-02-05T13:53:24+00:00,4854.4,14.16,14.16,342.82,14.284,38200.0,10.54,38200.0,10.54,General Cargo,Petrochemical Intermediates,32253.1,32253.1,37091.1,37091.1,0.8443,84.43,26.0,1,1.0,20.0,19.0,5.0,USD,378.89,534968.75
VYG-2024-0246,2,REFERENCE-SUPRAMAX,Supramax,54620,48840,Port Hedland,Mumbai (Bombay),2024-01-21T03:00:00+00:00,2024-02-02T17:09:00+00:00,3883.55,13.91,13.91,279.19,11.633,58328.0,12.8,58328.0,12.8,Dry Bulk,Premium Hard Coking Coal,45611.1,45611.1,55645.5,55645.5,0.782,78.2,33.0,1,1.0,21.0,3.0,6.0,USD,302.15,539817.88
VYG-2024-0247,1,REFERENCE-HANDYSIZE,Handysize,50000,31140,Keppel - (East Singapore),Rotterdam,2024-01-21T23:00:00+00:00,2024-02-17T02:38:24+00:00,8415.07,13.95,13.95,603.23,25.135,38200.0,10.54,38200.0,10.54,General Cargo,Containerized Freight,29988.0,29988.0,44982.0,44982.0,0.785,78.5,26.0,1,1.0,21.0,23.0,6.0,USD,627.64,976716.99
VYG-2024-0248,2,REFERENCE-SUPRAMAX,Supramax,50000,59970,Keppel - (East Singapore),Shanghai,2024-01-23T01:00:00+00:00,2024-01-30T10:33:00+00:00,2268.98,14.22,14.22,159.56,6.648,58328.0,12.8,58328.0,12.8,General Cargo,Electronics & Machinery,49806.4,49806.4,67238.6,67238.6,0.8539,85.39,33.0,1,1.0,23.0,1.0,1.0,USD,177.55,336444.8
VYG-2024-0249,2,REFERENCE-SUPRAMAX,Supramax,50000,48840,Keppel - (East Singapore),Mumbai (Bombay),2024-01-25T19:00:00+00:00,2024-02-02T18:39:36+00:00,2443.47,14.22,14.22,171.83,7.16,58328.0,12.8,58328.0,12.8,Dry Bulk,Minor Bulk Fertilizers,55141.9,55141.9,60656.1,60656.1,0.9454,94.54,33.0,1,1.0,25.0,19.0,3.0,USD,191.66,362768.91
VYG-2024-0250,2,REFERENCE-SUPRAMAX,Supramax,42440,47110,Stilis,Lamu,2024-01-27T06:00:00+00:00,2024-02-07T07:25:48+00:00,3158.34,14.13,14.13,223.52,9.313,58328.0,12.8,58328.0,12.8,Liquid Bulk,Clean Refined Products,48456.9,48456.9,57179.1,57179.1,0.8308,83.08,33.0,1,1.0,27.0,6.0,5.0,USD,265.43,582910.19
VYG-2024-0251,1,REFERENCE-HANDYSIZE,Handysize,57461,7780,Siam Seaport,Jersey City,2024-01-29T05:00:00+00:00,2024-03-05T18:24:00+00:00,11488.85,13.61,13.61,844.15,35.173,38200.0,10.54,38200.0,10.54,Dry Bulk,Agricultural Tapioca & Rice,27861.4,27861.4,35662.6,35662.6,0.7294,72.94,26.0,1,1.0,29.0,5.0,0.0,USD,877.4,1248316.09
VYG-2024-0252,1,REFERENCE-HANDYSIZE,Handysize,31140,7780,Rotterdam,Jersey City,2024-01-30T10:00:00+00:00,2024-02-11T13:18:36+00:00,3464.28,13.82,13.82,250.67,10.445,38200.0,10.54,38200.0,10.54,General Cargo,High-Value Industrial Goods,28368.8,28368.8,39716.3,39716.3,0.7426,74.26,26.0,1,1.0,30.0,10.0,1.0,USD,291.31,408818.12
VYG-2024-0253,4,REFERENCE-CAPESIZE,Capesize,54620,60140,Port Hedland,Qingdao Gang,2024-01-31T20:00:00+00:00,2024-02-11T19:08:24+00:00,3383.54,13.97,13.97,242.2,10.092,182000.0,18.2,182000.0,18.2,Dry Bulk,Pilbara Iron Ore Fines,165273.7,165273.7,69415.0,69415.0,0.9081,90.81,52.0,1,1.0,31.0,20.0,2.0,USD,263.14,785264.67
VYG-2024-0254,3,REFERENCE-PANAMAX,Panamax,54605,59970,Dampier,Shanghai,2024-02-01T08:00:00+00:00,2024-02-11T20:45:00+00:00,3229.32,13.78,13.78,234.35,9.765,82500.0,14.43,82500.0,14.43,Dry Bulk,Iron Ore,62026.4,62026.4,27911.9,27911.9,0.7518,75.18,33.0,1,2.0,1.0,8.0,3.0,USD,252.75,522338.13
VYG-2024-0255,2,REFERENCE-SUPRAMAX,Supramax,12970,31140,Santos,Rotterdam,2024-02-02T11:00:00+00:00,2024-02-20T01:07:12+00:00,5559.57,13.88,13.88,400.55,16.69,58328.0,12.8,58328.0,12.8,Dry Bulk,Agricultural Grain & Soybeans,47444.9,47444.9,59306.1,59306.1,0.8134,81.34,33.0,1,2.0,2.0,11.0,4.0,USD,422.12,710418.47
VYG-2024-0256,4,REFERENCE-CAPESIZE,Capesize,12855,60140,Tubarao,Qingdao Gang,2024-02-10T22:00:00+00:00,2024-03-17T20:47:24+00:00,11112.69,14.04,14.04,791.5,32.979,182000.0,18.2,182000.0,18.2,Dry Bulk,High-Grade Carajas Iron Ore,174529.2,174529.2,69811.7,69811.7,0.959,95.9,52.0,1,2.0,10.0,22.0,5.0,USD,862.79,2307823.57
VYG-2024-0257,2,REFERENCE-SUPRAMAX,Supramax,9240,31250,Houston,Antwerpen,2024-02-11T14:00:00+00:00,2024-02-27T11:32:24+00:00,4808.51,14.26,14.26,337.2,14.05,58328.0,12.8,58328.0,12.8,General Cargo,Petrochemical Intermediates,54086.0,54086.0,62198.9,62198.9,0.9273,92.73,33.0,1,2.0,11.0,14.0,6.0,USD,381.54,670632.7
VYG-2024-0258,2,REFERENCE-SUPRAMAX,Supramax,54620,48840,Port Hedland,Mumbai (Bombay),2024-02-15T09:00:00+00:00,2024-02-27T22:20:24+00:00,3894.73,13.88,13.88,280.6,11.692,58328.0,12.8,58328.0,12.8,Dry Bulk,Premium Hard Coking Coal,50898.5,50898.5,62096.2,62096.2,0.8726,87.26,33.0,1,2.0,15.0,9.0,3.0,USD,301.34,536482.33
VYG-2024-0259,1,REFERENCE-HANDYSIZE,Handysize,50000,31140,Keppel - (East Singapore),Rotterdam,2024-02-15T21:00:00+00:00,2024-03-12T18:39:36+00:00,8306.22,13.9,13.9,597.57,24.899,38200.0,10.54,38200.0,10.54,General Cargo,Containerized Freight,27732.9,27732.9,41599.4,41599.4,0.726,72.6,26.0,1,2.0,15.0,21.0,3.0,USD,621.66,944428.31
VYG-2024-0260,2,REFERENCE-SUPRAMAX,Supramax,50000,59970,Keppel - (East Singapore),Shanghai,2024-02-22T08:00:00+00:00,2024-02-29T17:25:12+00:00,2206.43,13.93,13.93,158.39,6.6,58328.0,12.8,58328.0,12.8,General Cargo,Electronics & Machinery,44147.6,44147.6,59599.3,59599.3,0.7569,75.69,33.0,1,2.0,22.0,8.0,3.0,USD,177.42,340274.26
VYG-2024-0261,2,REFERENCE-SUPRAMAX,Supramax,50000,48840,Keppel - (East Singapore),Mumbai (Bombay),2024-02-24T06:00:00+00:00,2024-03-03T12:58:12+00:00,2457.51,14.04,14.04,175.04,7.293,58328.0,12.8,58328.0,12.8,Dry Bulk,Minor Bulk Fertilizers,45227.0,45227.0,49749.7,49749.7,0.7754,77.54,33.0,1,2.0,24.0,6.0,5.0,USD,198.97,374842.38
VYG-2024-0262,1,REFERENCE-HANDYSIZE,Handysize,42440,47110,Stilis,Lamu,2024-02-25T05:00:00+00:00,2024-03-06T07:46:48+00:00,3138.71,14.05,14.05,223.4,9.308,38200.0,10.54,38200.0,10.54,Liquid Bulk,Clean Refined Products,34264.7,34264.7,40432.3,40432.3,0.897,89.7,26.0,1,2.0,25.0,5.0,6.0,USD,242.78,453767.62
VYG-2024-0263,1,REFERENCE-HANDYSIZE,Handysize,57461,7780,Siam Seaport,Jersey City,2024-02-25T06:00:00+00:00,2024-04-01T00:30:36+00:00,11424.35,13.78,13.78,829.05,34.544,38200.0,10.54,38200.0,10.54,Dry Bulk,Agricultural Tapioca & Rice,31495.7,31495.7,40314.5,40314.5,0.8245,82.45,26.0,1,2.0,25.0,6.0,6.0,USD,858.51,1245319.11
VYG-2024-0264,2,REFERENCE-SUPRAMAX,Supramax,31140,7780,Rotterdam,Jersey City,2024-02-28T17:00:00+00:00,2024-03-11T05:22:48+00:00,3407.67,13.61,13.61,250.38,10.432,58328.0,12.8,58328.0,12.8,General Cargo,High-Value Industrial Goods,45755.7,45755.7,64058.0,64058.0,0.7845,78.45,33.0,1,2.0,28.0,17.0,2.0,USD,276.38,457957.49
VYG-2024-0265,3,REFERENCE-PANAMAX,Panamax,54620,60140,Port Hedland,Qingdao Gang,2024-03-03T02:00:00+00:00,2024-03-14T23:01:48+00:00,3372.45,13.77,13.77,244.91,10.205,82500.0,14.43,82500.0,14.43,Dry Bulk,Pilbara Iron Ore Fines,66403.2,66403.2,27889.3,27889.3,0.8049,80.49,33.0,1,3.0,3.0,2.0,6.0,USD,285.03,584130.15
VYG-2024-0266,3,REFERENCE-PANAMAX,Panamax,54605,59970,Dampier,Shanghai,2024-03-04T12:00:00+00:00,2024-03-15T08:40:48+00:00,3225.83,13.5,13.5,238.95,9.956,82500.0,14.43,82500.0,14.43,Dry Bulk,Iron Ore,71755.2,71755.2,32289.8,32289.8,0.8698,86.98,33.0,1,3.0,4.0,12.0,0.0,USD,260.68,515292.2
VYG-2024-0267,2,REFERENCE-SUPRAMAX,Supramax,12970,31140,Santos,Rotterdam,2024-03-05T19:00:00+00:00,2024-03-23T08:22:48+00:00,5444.11,13.65,13.65,398.84,16.618,58328.0,12.8,58328.0,12.8,Dry Bulk,Agricultural Grain & Soybeans,44666.1,44666.1,55832.6,55832.6,0.7658,76.58,33.0,1,3.0,5.0,19.0,1.0,USD,421.38,677153.7
VYG-2024-0268,4,REFERENCE-CAPESIZE,Capesize,12855,60140,Tubarao,Qingdao Gang,2024-03-06T06:00:00+00:00,2024-04-10T20:52:12+00:00,11381.45,14.09,14.09,807.77,33.657,182000.0,18.2,182000.0,18.2,Dry Bulk,High-Grade Carajas Iron Ore,172117.5,172117.5,68847.0,68847.0,0.9457,94.57,52.0,1,3.0,6.0,6.0,2.0,USD,854.87,2302233.8
VYG-2024-0269,1,REFERENCE-HANDYSIZE,Handysize,9240,31250,Houston,Antwerpen,2024-03-07T05:00:00+00:00,2024-03-23T06:10:12+00:00,4862.13,13.91,13.91,349.54,14.564,38200.0,10.54,38200.0,10.54,General Cargo,Petrochemical Intermediates,31233.6,31233.6,35918.6,35918.6,0.8176,81.76,26.0,1,3.0,7.0,5.0,3.0,USD,385.17,516400.68
VYG-2024-0270,3,REFERENCE-PANAMAX,Panamax,54620,48840,Port Hedland,Mumbai (Bombay),2024-03-08T04:00:00+00:00,2024-03-21T09:44:24+00:00,3972.2,13.52,13.52,293.8,12.242,82500.0,14.43,82500.0,14.43,Dry Bulk,Premium Hard Coking Coal,69555.4,69555.4,84857.6,84857.6,0.8431,84.31,33.0,1,3.0,8.0,4.0,4.0,USD,317.74,613863.08
VYG-2024-0271,2,REFERENCE-SUPRAMAX,Supramax,50000,31140,Keppel - (East Singapore),Rotterdam,2024-03-09T21:00:00+00:00,2024-04-05T02:16:12+00:00,8234.7,13.82,13.82,595.85,24.827,58328.0,12.8,58328.0,12.8,General Cargo,Containerized Freight,44555.7,44555.7,66833.5,66833.5,0.7639,76.39,33.0,1,3.0,9.0,21.0,5.0,USD,629.27,1187579.73
VYG-2024-0272,1,REFERENCE-HANDYSIZE,Handysize,50000,59970,Keppel - (East Singapore),Shanghai,2024-03-10T06:00:00+00:00,2024-03-17T15:54:36+00:00,2239.52,14.2,14.2,157.71,6.571,38200.0,10.54,38200.0,10.54,General Cargo,Electronics & Machinery,36111.8,36111.8,48750.9,48750.9,0.9453,94.53,26.0,1,3.0,10.0,6.0,6.0,USD,177.91,288698.93
VYG-2024-0273,1,REFERENCE-HANDYSIZE,Handysize,50000,48840,Keppel - (East Singapore),Mumbai (Bombay),2024-03-11T01:00:00+00:00,2024-03-19T04:47:24+00:00,2451.54,13.83,13.83,177.26,7.386,38200.0,10.54,38200.0,10.54,Dry Bulk,Minor Bulk Fertilizers,35517.5,35517.5,39069.2,39069.2,0.9298,92.98,26.0,1,3.0,11.0,1.0,0.0,USD,195.79,288660.34
VYG-2024-0274,1,REFERENCE-HANDYSIZE,Handysize,42440,47110,Stilis,Lamu,2024-03-11T09:00:00+00:00,2024-03-21T09:00:00+00:00,3108.15,14.06,14.06,221.06,9.211,38200.0,10.54,38200.0,10.54,Liquid Bulk,Clean Refined Products,30198.9,30198.9,35634.7,35634.7,0.7905,79.05,26.0,1,3.0,11.0,9.0,0.0,USD,240.0,447882.29
VYG-2024-0275,2,REFERENCE-SUPRAMAX,Supramax,57461,7780,Siam Seaport,Jersey City,2024-03-12T00:00:00+00:00,2024-04-16T22:13:12+00:00,11602.62,13.95,13.95,831.73,34.655,58328.0,12.8,58328.0,12.8,Dry Bulk,Agricultural Tapioca & Rice,44158.9,44158.9,56523.4,56523.4,0.7571,75.71,33.0,1,3.0,12.0,0.0,1.0,USD,862.22,1544107.45
VYG-2024-0276,1,REFERENCE-HANDYSIZE,Handysize,31140,7780,Rotterdam,Jersey City,2024-03-14T00:00:00+00:00,2024-03-25T01:34:48+00:00,3406.59,14.46,14.46,235.59,9.816,38200.0,10.54,38200.0,10.54,General Cargo,High-Value Industrial Goods,33686.9,33686.9,47161.7,47161.7,0.8819,88.19,26.0,1,3.0,14.0,0.0,3.0,USD,265.58,387642.76
VYG-2024-0277,3,REFERENCE-PANAMAX,Panamax,54620,60140,Port Hedland,Qingdao Gang,2024-03-14T04:00:00+00:00,2024-03-25T11:39:00+00:00,3366.98,13.5,13.5,249.41,10.392,82500.0,14.43,82500.0,14.43,Dry Bulk,Pilbara Iron Ore Fines,60091.2,60091.2,25238.3,25238.3,0.7284,72.84,33.0,1,3.0,14.0,4.0,3.0,USD,271.65,530101.39
VYG-2024-0278,4,REFERENCE-CAPESIZE,Capesize,54605,59970,Dampier,Shanghai,2024-03-14T06:00:00+00:00,2024-03-25T03:33:36+00:00,3245.04,13.49,13.49,240.55,10.023,182000.0,18.2,182000.0,18.2,Dry Bulk,Iron Ore,164821.3,164821.3,74169.6,74169.6,0.9056,90.56,52.0,1,3.0,14.0,6.0,3.0,USD,261.56,749250.94
VYG-2024-0279,3,REFERENCE-PANAMAX,Panamax,12970,31140,Santos,Rotterdam,2024-03-17T01:00:00+00:00,2024-04-03T16:18:00+00:00,5458.52,13.59,13.59,401.66,16.736,82500.0,14.43,82500.0,14.43,Dry Bulk,Agricultural Grain & Soybeans,74700.9,74700.9,93376.1,93376.1,0.9055,90.55,33.0,1,3.0,17.0,1.0,6.0,USD,423.3,816446.73
VYG-2024-0280,4,REFERENCE-CAPESIZE,Capesize,12855,60140,Tubarao,Qingdao Gang,2024-03-18T14:00:00+00:00,2024-04-22T09:27:00+00:00,11253.82,14.32,14.32,785.88,32.745,182000.0,18.2,182000.0,18.2,Dry Bulk,High-Grade Carajas Iron Ore,164902.7,164902.7,65961.1,65961.1,0.9061,90.61,52.0,1,3.0,18.0,14.0,0.0,USD,835.45,2264877.12
VYG-2024-0281,2,REFERENCE-SUPRAMAX,Supramax,9240,31250,Houston,Antwerpen,2024-03-18T17:00:00+00:00,2024-04-03T21:13:48+00:00,4801.9,13.77,13.77,348.72,14.53,58328.0,12.8,58328.0,12.8,General Cargo,Petrochemical Intermediates,50670.0,50670.0,58270.5,58270.5,0.8687,86.87,33.0,1,3.0,18.0,17.0,0.0,USD,388.23,641006.02
VYG-2024-0282,2,REFERENCE-SUPRAMAX,Supramax,54620,48840,Port Hedland,Mumbai (Bombay),2024-03-21T12:00:00+00:00,2024-04-03T00:03:36+00:00,3949.07,14.26,14.26,276.93,11.539,58328.0,12.8,58328.0,12.8,Dry Bulk,Premium Hard Coking Coal,50713.0,50713.0,61869.9,61869.9,0.8694,86.94,33.0,1,3.0,21.0,12.0,3.0,USD,300.06,524784.58
VYG-2024-0283,1,REFERENCE-HANDYSIZE,Handysize,50000,31140,Keppel - (East Singapore),Rotterdam,2024-03-24T23:00:00+00:00,2024-04-20T04:41:24+00:00,8296.27,14.06,14.06,590.06,24.586,38200.0,10.54,38200.0,10.54,General Cargo,Containerized Freight,36533.1,36533.1,54799.6,54799.6,0.9564,95.64,26.0,1,3.0,24.0,23.0,6.0,USD,629.69,972353.85
VYG-2024-0284,2,REFERENCE-SUPRAMAX,Supramax,50000,59970,Keppel - (East Singapore),Shanghai,2024-03-26T19:00:00+00:00,2024-04-03T06:39:36+00:00,2232.27,14.07,14.07,158.65,6.61,58328.0,12.8,58328.0,12.8,General Cargo,Electronics & Machinery,55548.0,55548.0,74989.8,74989.8,0.9523,95.23,33.0,1,3.0,26.0,19.0,1.0,USD,179.66,341939.34
VYG-2024-0285,2,REFERENCE-SUPRAMAX,Supramax,50000,48840,Keppel - (East Singapore),Mumbai (Bombay),2024-03-27T04:00:00+00:00,2024-04-04T22:08:24+00:00,2449.3,13.86,13.86,176.72,7.363,58328.0,12.8,58328.0,12.8,Dry Bulk,Minor Bulk Fertilizers,46115.5,46115.5,50727.1,50727.1,0.7906,79.06,33.0,1,3.0,27.0,4.0,2.0,USD,210.14,385992.61
VYG-2024-0286,1,REFERENCE-HANDYSIZE,Handysize,42440,47110,Stilis,Lamu,2024-03-29T01:00:00+00:00,2024-04-08T19:56:24+00:00,3166.34,13.94,13.94,227.14,9.464,38200.0,10.54,38200.0,10.54,Liquid Bulk,Clean Refined Products,35714.5,35714.5,42143.1,42143.1,0.9349,93.49,26.0,1,3.0,29.0,1.0,4.0,USD,258.94,454366.6
VYG-2024-0287,1,REFERENCE-HANDYSIZE,Handysize,57461,7780,Siam Seaport,Jersey City,2024-03-30T09:00:00+00:00,2024-05-04T16:08:24+00:00,11470.12,14.15,14.15,810.61,33.775,38200.0,10.54,38200.0,10.54,Dry Bulk,Agricultural Tapioca & Rice,35417.2,35417.2,45334.0,45334.0,0.9272,92.72,26.0,1,3.0,30.0,9.0,5.0,USD,847.14,1230314.07
VYG-2024-0288,2,REFERENCE-SUPRAMAX,Supramax,31140,7780,Rotterdam,Jersey City,2024-03-30T21:00:00+00:00,2024-04-11T11:58:12+00:00,3433.8,13.59,13.59,252.67,10.528,58328.0,12.8,58328.0,12.8,General Cargo,High-Value Industrial Goods,48069.4,48069.4,67297.2,67297.2,0.8241,82.41,33.0,1,3.0,30.0,21.0,5.0,USD,278.97,480184.22
VYG-2024-0289,3,REFERENCE-PANAMAX,Panamax,54620,60140,Port Hedland,Qingdao Gang,2024-04-01T06:00:00+00:00,2024-04-12T15:50:24+00:00,3359.9,13.55,13.55,247.96,10.332,82500.0,14.43,82500.0,14.43,Dry Bulk,Pilbara Iron Ore Fines,76685.8,76685.8,32208.0,32208.0,0.9295,92.95,33.0,1,4.0,1.0,6.0,0.0,USD,273.84,531403.15
VYG-2024-0290,4,REFERENCE-CAPESIZE,Capesize,54605,59970,Dampier,Shanghai,2024-04-03T14:00:00+00:00,2024-04-14T00:58:12+00:00,3253.0,14.02,14.02,232.03,9.668,182000.0,18.2,182000.0,18.2,Dry Bulk,Iron Ore,156237.1,156237.1,70306.7,70306.7,0.8584,85.84,52.0,1,4.0,3.0,14.0,2.0,USD,250.97,743320.43
VYG-2024-0291,2,REFERENCE-SUPRAMAX,Supramax,12970,31140,Santos,Rotterdam,2024-04-03T22:00:00+00:00,2024-04-21T06:16:12+00:00,5466.05,14.12,14.12,387.11,16.13,58328.0,12.8,58328.0,12.8,Dry Bulk,Agricultural Grain & Soybeans,54218.6,54218.6,67773.2,67773.2,0.9295,92.95,33.0,1,4.0,3.0,22.0,2.0,USD,416.27,713938.74
VYG-2024-0292,4,REFERENCE-CAPESIZE,Capesize,12855,60140,Tubarao,Qingdao Gang,2024-04-05T06:00:00+00:00,2024-05-09T22:31:48+00:00,11182.22,14.19,14.19,788.04,32.835,182000.0,18.2,182000.0,18.2,Dry Bulk,High-Grade Carajas Iron Ore,137343.4,137343.4,54937.4,54937.4,0.7546,75.46,52.0,1,4.0,5.0,6.0,4.0,USD,832.53,2152312.85
VYG-2024-0293,2,REFERENCE-SUPRAMAX,Supramax,9240,31250,Houston,Antwerpen,2024-04-10T00:00:00+00:00,2024-04-25T00:19:48+00:00,4753.38,14.26,14.26,333.34,13.889,58328.0,12.8,58328.0,12.8,General Cargo,Petrochemical Intermediates,53524.8,53524.8,61553.5,61553.5,0.9177,91.77,33.0,1,4.0,10.0,0.0,2.0,USD,360.33,600663.21
VYG-2024-0294,2,REFERENCE-SUPRAMAX,Supramax,54620,48840,Port Hedland,Mumbai (Bombay),2024-04-10T01:00:00+00:00,2024-04-22T20:37:48+00:00,3926.86,13.93,13.93,281.9,11.746,58328.0,12.8,58328.0,12.8,Dry Bulk,Premium Hard Coking Coal,47012.4,47012.4,57355.1,57355.1,0.806,80.6,33.0,1,4.0,10.0,1.0,2.0,USD,307.63,526504.07
VYG-2024-0295,2,REFERENCE-SUPRAMAX,Supramax,50000,31140,Keppel - (East Singapore),Rotterdam,2024-04-10T21:00:00+00:00,2024-05-06T08:25:12+00:00,8170.92,13.9,13.9,587.84,24.493,58328.0,12.8,58328.0,12.8,General Cargo,Containerized Freight,55050.7,55050.7,82576.0,82576.0,0.9438,94.38,33.0,1,4.0,10.0,21.0,2.0,USD,611.42,1156156.15
VYG-2024-0296,1,REFERENCE-HANDYSIZE,Handysize,50000,59970,Keppel - (East Singapore),Shanghai,2024-04-11T16:00:00+00:00,2024-04-19T05:33:00+00:00,2232.3,13.79,13.79,161.88,6.745,38200.0,10.54,38200.0,10.54,General Cargo,Electronics & Machinery,33501.3,33501.3,45226.8,45226.8,0.877,87.7,26.0,1,4.0,11.0,16.0,3.0,USD,181.55,267518.66
VYG-2024-0297,1,REFERENCE-HANDYSIZE,Handysize,50000,48840,Keppel - (East Singapore),Mumbai (Bombay),2024-04-13T10:00:00+00:00,2024-04-21T12:56:24+00:00,2453.43,14.06,14.06,174.5,7.271,38200.0,10.54,38200.0,10.54,Dry Bulk,Minor Bulk Fertilizers,30755.6,30755.6,33831.2,33831.2,0.8051,80.51,26.0,1,4.0,13.0,10.0,5.0,USD,194.94,291663.67
VYG-2024-0298,1,REFERENCE-HANDYSIZE,Handysize,42440,47110,Stilis,Lamu,2024-04-14T05:00:00+00:00,2024-04-24T09:11:24+00:00,3141.29,14.13,14.13,222.31,9.263,38200.0,10.54,38200.0,10.54,Liquid Bulk,Clean Refined Products,34380.3,34380.3,40568.8,40568.8,0.9,90.0,26.0,1,4.0,14.0,5.0,6.0,USD,244.19,433852.74
VYG-2024-0299,1,REFERENCE-HANDYSIZE,Handysize,57461,7780,Siam Seaport,Jersey City,2024-04-14T16:00:00+00:00,2024-05-20T06:46:48+00:00,11485.9,13.92,13.92,825.14,34.381,38200.0,10.54,38200.0,10.54,Dry Bulk,Agricultural Tapioca & Rice,27888.3,27888.3,35697.0,35697.0,0.7301,73.01,26.0,1,4.0,14.0,16.0,6.0,USD,854.78,1206704.71
VYG-2024-0300,1,REFERENCE-HANDYSIZE,Handysize,31140,7780,Rotterdam,Jersey City,2024-04-16T11:00:00+00:00,2024-04-27T16:55:12+00:00,3436.91,13.88,13.88,247.62,10.318,38200.0,10.54,38200.0,10.54,General Cargo,High-Value Industrial Goods,27964.4,27964.4,39150.2,39150.2,0.7321,73.21,26.0,1,4.0,16.0,11.0,1.0,USD,269.92,357566.16
VYG-2024-0301,3,REFERENCE-PANAMAX,Panamax,54620,60140,Port Hedland,Qingdao Gang,2024-04-16T22:00:00+00:00,2024-04-27T19:37:48+00:00,3364.75,13.95,13.95,241.2,10.05,82500.0,14.43,82500.0,14.43,Dry Bulk,Pilbara Iron Ore Fines,73883.6,73883.6,31031.1,31031.1,0.8956,89.56,33.0,1,4.0,16.0,22.0,1.0,USD,261.63,548578.4
VYG-2024-0302,3,REFERENCE-PANAMAX,Panamax,54605,59970,Dampier,Shanghai,2024-04-20T03:00:00+00:00,2024-04-30T19:45:36+00:00,3256.27,13.89,13.89,234.43,9.768,82500.0,14.43,82500.0,14.43,Dry Bulk,Iron Ore,67988.7,67988.7,30594.9,30594.9,0.8241,82.41,33.0,1,4.0,20.0,3.0,5.0,USD,256.76,531217.88
VYG-2024-0303,3,REFERENCE-PANAMAX,Panamax,12970,31140,Santos,Rotterdam,2024-04-23T14:00:00+00:00,2024-05-12T01:07:12+00:00,5548.12,13.33,13.33,416.21,17.342,82500.0,14.43,82500.0,14.43,Dry Bulk,Agricultural Grain & Soybeans,66247.0,66247.0,82808.8,82808.8,0.803,80.3,33.0,1,4.0,23.0,14.0,1.0,USD,443.12,808684.93
VYG-2024-0304,4,REFERENCE-CAPESIZE,Capesize,12855,60140,Tubarao,Qingdao Gang,2024-04-23T18:00:00+00:00,2024-05-29T22:03:36+00:00,11251.61,13.92,13.92,808.31,33.68,182000.0,18.2,182000.0,18.2,Dry Bulk,High-Grade Carajas Iron Ore,159847.2,159847.2,63938.9,63938.9,0.8783,87.83,52.0,1,4.0,23.0,18.0,1.0,USD,868.06,2186023.24
VYG-2024-0305,1,REFERENCE-HANDYSIZE,Handysize,9240,31250,Houston,Antwerpen,2024-04-24T15:00:00+00:00,2024-05-10T03:25:48+00:00,4807.87,14.08,14.08,341.47,14.228,38200.0,10.54,38200.0,10.54,General Cargo,Petrochemical Intermediates,32687.8,32687.8,37591.0,37591.0,0.8557,85.57,26.0,1,4.0,24.0,15.0,2.0,USD,372.43,519988.84
VYG-2024-0306,3,REFERENCE-PANAMAX,Panamax,54620,48840,Port Hedland,Mumbai (Bombay),2024-04-26T11:00:00+00:00,2024-05-09T01:26:24+00:00,3950.87,13.91,13.91,284.03,11.835,82500.0,14.43,82500.0,14.43,Dry Bulk,Premium Hard Coking Coal,62627.8,62627.8,76405.9,76405.9,0.7591,75.91,33.0,1,4.0,26.0,11.0,4.0,USD,302.44,607425.59
VYG-2024-0307,1,REFERENCE-HANDYSIZE,Handysize,50000,31140,Keppel - (East Singapore),Rotterdam,2024-04-26T21:00:00+00:00,2024-05-22T19:55:48+00:00,8284.5,13.99,13.99,592.17,24.674,38200.0,10.54,38200.0,10.54,General Cargo,Containerized Freight,35369.7,35369.7,53054.5,53054.5,0.9259,92.59,26.0,1,4.0,26.0,21.0,4.0,USD,622.93,955058.08
VYG-2024-0308,2,REFERENCE-SUPRAMAX,Supramax,50000,59970,Keppel - (East Singapore),Shanghai,2024-04-27T08:00:00+00:00,2024-05-04T18:57:00+00:00,2252.74,14.11,14.11,159.66,6.652,58328.0,12.8,58328.0,12.8,General Cargo,Electronics & Machinery,45849.2,45849.2,61896.4,61896.4,0.7861,78.61,33.0,1,4.0,27.0,8.0,5.0,USD,178.95,336659.95
VYG-2024-0309,2,REFERENCE-SUPRAMAX,Supramax,50000,48840,Keppel - (East Singapore),Mumbai (Bombay),2024-04-28T05:00:00+00:00,2024-05-06T07:04:12+00:00,2442.09,13.92,13.92,175.44,7.31,58328.0,12.8,58328.0,12.8,Dry Bulk,Minor Bulk Fertilizers,45100.8,45100.8,49610.9,49610.9,0.7732,77.32,33.0,1,4.0,28.0,5.0,6.0,USD,194.07,350624.03
VYG-2024-0310,1,REFERENCE-HANDYSIZE,Handysize,42440,47110,Stilis,Lamu,2024-04-29T03:00:00+00:00,2024-05-09T09:55:12+00:00,3142.62,13.84,13.84,227.07,9.461,38200.0,10.54,38200.0,10.54,Liquid Bulk,Clean Refined Products,31557.2,31557.2,37237.5,37237.5,0.8261,82.61,26.0,1,4.0,29.0,3.0,0.0,USD,246.92,432722.16
VYG-2024-0311,1,REFERENCE-HANDYSIZE,Handysize,57461,7780,Siam Seaport,Jersey City,2024-05-02T01:00:00+00:00,2024-06-06T21:15:36+00:00,11505.15,13.93,13.93,825.93,34.414,38200.0,10.54,38200.0,10.54,Dry Bulk,Agricultural Tapioca & Rice,32522.7,32522.7,41629.1,41629.1,0.8514,85.14,26.0,1,5.0,2.0,1.0,3.0,USD,860.26,1175881.89
VYG-2024-0312,2,REFERENCE-SUPRAMAX,Supramax,31140,7780,Rotterdam,Jersey City,2024-05-02T23:00:00+00:00,2024-05-14T04:51:36+00:00,3409.86,13.9,13.9,245.31,10.221,58328.0,12.8,58328.0,12.8,General Cargo,High-Value Industrial Goods,51755.6,51755.6,72457.8,72457.8,0.8873,88.73,33.0,1,5.0,2.0,23.0,3.0,USD,269.86,467501.46
VYG-2024-0313,4,REFERENCE-CAPESIZE,Capesize,54620,60140,Port Hedland,Qingdao Gang,2024-05-03T16:00:00+00:00,2024-05-14T18:15:00+00:00,3392.86,13.8,13.8,245.86,10.244,182000.0,18.2,182000.0,18.2,Dry Bulk,Pilbara Iron Ore Fines,169265.2,169265.2,71091.4,71091.4,0.93,93.0,52.0,1,5.0,3.0,16.0,4.0,USD,266.25,755520.75
VYG-2024-0314,4,REFERENCE-CAPESIZE,Capesize,54605,59970,Dampier,Shanghai,2024-05-04T12:00:00+00:00,2024-05-16T10:43:48+00:00,3292.71,13.71,13.71,240.17,10.007,182000.0,18.2,182000.0,18.2,Dry Bulk,Iron Ore,142861.7,142861.7,64287.8,64287.8,0.785,78.5,52.0,1,5.0,4.0,12.0,5.0,USD,286.73,840130.91
VYG-2024-0315,3,REFERENCE-PANAMAX,Panamax,12970,31140,Santos,Rotterdam,2024-05-07T07:00:00+00:00,2024-05-24T18:46:48+00:00,5465.91,13.87,13.87,394.08,16.42,82500.0,14.43,82500.0,14.43,Dry Bulk,Agricultural Grain & Soybeans,68239.6,68239.6,85299.5,85299.5,0.8271,82.71,33.0,1,5.0,7.0,7.0,1.0,USD,419.78,808884.8
VYG-2024-0316,4,REFERENCE-CAPESIZE,Capesize,12855,60140,Tubarao,Qingdao Gang,2024-05-09T01:00:00+00:00,2024-06-13T10:51:00+00:00,11094.77,13.87,13.87,799.91,33.33,182000.0,18.2,182000.0,18.2,Dry Bulk,High-Grade Carajas Iron Ore,136682.3,136682.3,54672.9,54672.9,0.751,75.1,52.0,1,5.0,9.0,1.0,3.0,USD,849.85,2098047.54
VYG-2024-0317,1,REFERENCE-HANDYSIZE,Handysize,9240,31250,Houston,Antwerpen,2024-05-09T04:00:00+00:00,2024-05-24T22:48:00+00:00,4788.64,13.83,13.83,346.25,14.427,38200.0,10.54,38200.0,10.54,General Cargo,Petrochemical Intermediates,34520.9,34520.9,39699.0,39699.0,0.9037,90.37,26.0,1,5.0,9.0,4.0,3.0,USD,378.8,499270.13
VYG-2024-0318,2,REFERENCE-SUPRAMAX,Supramax,54620,48840,Port Hedland,Mumbai (Bombay),2024-05-10T15:00:00+00:00,2024-05-23T10:43:48+00:00,3939.43,13.99,13.99,281.59,11.733,58328.0,12.8,58328.0,12.8,Dry Bulk,Premium Hard Coking Coal,46529.2,46529.2,56765.6,56765.6,0.7977,79.77,33.0,1,5.0,10.0,15.0,4.0,USD,307.73,516185.16
VYG-2024-0319,1,REFERENCE-HANDYSIZE,Handysize,50000,31140,Keppel - (East Singapore),Rotterdam,2024-05-12T07:00:00+00:00,2024-06-07T23:02:24+00:00,8276.01,13.47,13.47,614.4,25.6,38200.0,10.54,38200.0,10.54,General Cargo,Containerized Freight,36019.8,36019.8,54029.7,54029.7,0.9429,94.29,26.0,1,5.0,12.0,7.0,6.0,USD,640.04,941160.89
VYG-2024-0320,2,REFERENCE-SUPRAMAX,Supramax,50000,59970,Keppel - (East Singapore),Shanghai,2024-05-12T17:00:00+00:00,2024-05-20T09:37:12+00:00,2279.55,13.98,13.98,163.06,6.794,58328.0,12.8,58328.0,12.8,General Cargo,Electronics & Machinery,51415.2,51415.2,69410.5,69410.5,0.8815,88.15,33.0,1,5.0,12.0,17.0,6.0,USD,184.62,356019.5
VYG-2024-0321,1,REFERENCE-HANDYSIZE,Handysize,50000,48840,Keppel - (East Singapore),Mumbai (Bombay),2024-05-12T22:00:00+00:00,2024-05-20T19:07:12+00:00,2496.99,14.49,14.49,172.33,7.18,38200.0,10.54,38200.0,10.54,Dry Bulk,Minor Bulk Fertilizers,32090.6,32090.6,35299.7,35299.7,0.8401,84.01,26.0,1,5.0,12.0,22.0,6.0,USD,189.12,290289.36
VYG-2024-0322,2,REFERENCE-SUPRAMAX,Supramax,42440,47110,Stilis,Lamu,2024-05-14T18:00:00+00:00,2024-05-25T00:08:24+00:00,3165.05,14.18,14.18,223.21,9.3,58328.0,12.8,58328.0,12.8,Liquid Bulk,Clean Refined Products,55916.7,55916.7,65981.7,65981.7,0.9587,95.87,33.0,1,5.0,14.0,18.0,1.0,USD,246.14,543632.31
VYG-2024-0323,2,REFERENCE-SUPRAMAX,Supramax,57461,7780,Siam Seaport,Jersey City,2024-05-17T17:00:00+00:00,2024-06-23T00:23:24+00:00,11516.62,13.72,13.72,839.4,34.975,58328.0,12.8,58328.0,12.8,Dry Bulk,Agricultural Tapioca & Rice,50867.3,50867.3,65110.1,65110.1,0.8721,87.21,33.0,1,5.0,17.0,17.0,4.0,USD,871.39,1482437.83
VYG-2024-0324,2,REFERENCE-SUPRAMAX,Supramax,31140,7780,Rotterdam,Jersey City,2024-05-18T01:00:00+00:00,2024-05-29T22:54:00+00:00,3410.22,13.2,13.2,258.35,10.765,58328.0,12.8,58328.0,12.8,General Cargo,High-Value Industrial Goods,46451.4,46451.4,65032.0,65032.0,0.7964,79.64,33.0,1,5.0,18.0,1.0,5.0,USD,285.9,440520.16
VYG-2024-0325,4,REFERENCE-CAPESIZE,Capesize,54620,60140,Port Hedland,Qingdao Gang,2024-05-18T04:00:00+00:00,2024-05-29T12:34:48+00:00,3349.47,13.81,13.81,242.54,10.106,182000.0,18.2,182000.0,18.2,Dry Bulk,Pilbara Iron Ore Fines,131603.4,131603.4,55273.4,55273.4,0.7231,72.31,52.0,1,5.0,18.0,4.0,5.0,USD,272.58,784008.97
VYG-2024-0326,4,REFERENCE-CAPESIZE,Capesize,54605,59970,Dampier,Shanghai,2024-05-18T12:00:00+00:00,2024-05-29T08:40:12+00:00,3296.8,13.73,13.73,240.12,10.005,182000.0,18.2,182000.0,18.2,Dry Bulk,Iron Ore,174232.3,174232.3,78404.5,78404.5,0.9573,95.73,52.0,1,5.0,18.0,12.0,5.0,USD,260.67,738171.02
VYG-2024-0327,2,REFERENCE-SUPRAMAX,Supramax,12970,31140,Santos,Rotterdam,2024-05-19T10:00:00+00:00,2024-06-07T21:06:00+00:00,5544.21,13.38,13.38,414.37,17.265,58328.0,12.8,58328.0,12.8,Dry Bulk,Agricultural Grain & Soybeans,54225.7,54225.7,67782.1,67782.1,0.9297,92.97,33.0,1,5.0,19.0,10.0,6.0,USD,467.1,726967.79
VYG-2024-0328,4,REFERENCE-CAPESIZE,Capesize,12855,60140,Tubarao,Qingdao Gang,2024-05-20T08:00:00+00:00,2024-06-25T23:51:36+00:00,11395.81,13.76,13.76,828.18,34.508,182000.0,18.2,182000.0,18.2,Dry Bulk,High-Grade Carajas Iron Ore,160838.1,160838.1,64335.2,64335.2,0.8837,88.37,52.0,1,5.0,20.0,8.0,0.0,USD,879.86,2177654.89
VYG-2024-0329,2,REFERENCE-SUPRAMAX,Supramax,9240,31250,Houston,Antwerpen,2024-05-20T14:00:00+00:00,2024-06-05T05:54:36+00:00,4855.54,13.84,13.84,350.83,14.618,58328.0,12.8,58328.0,12.8,General Cargo,Petrochemical Intermediates,47958.7,47958.7,55152.5,55152.5,0.8222,82.22,33.0,1,5.0,20.0,14.0,0.0,USD,375.91,630701.55
VYG-2024-0330,3,REFERENCE-PANAMAX,Panamax,54620,48840,Port Hedland,Mumbai (Bombay),2024-05-21T06:00:00+00:00,2024-06-03T22:31:48+00:00,3950.76,13.59,13.59,290.71,12.113,82500.0,14.43,82500.0,14.43,Dry Bulk,Premium Hard Coking Coal,63285.7,63285.7,77208.6,77208.6,0.7671,76.71,33.0,1,5.0,21.0,6.0,1.0,USD,328.53,618448.06
VYG-2024-0331,1,REFERENCE-HANDYSIZE,Handysize,50000,31140,Keppel - (East Singapore),Rotterdam,2024-05-21T16:00:00+00:00,2024-06-16T10:59:24+00:00,8362.58,14.12,14.12,592.25,24.677,38200.0,10.54,38200.0,10.54,General Cargo,Containerized Freight,36447.1,36447.1,54670.6,54670.6,0.9541,95.41,26.0,1,5.0,21.0,16.0,1.0,USD,618.99,979116.67
VYG-2024-0332,2,REFERENCE-SUPRAMAX,Supramax,50000,59970,Keppel - (East Singapore),Shanghai,2024-05-26T10:00:00+00:00,2024-06-03T08:44:24+00:00,2236.91,13.73,13.73,162.92,6.788,58328.0,12.8,58328.0,12.8,General Cargo,Electronics & Machinery,50586.3,50586.3,68291.5,68291.5,0.8673,86.73,33.0,1,5.0,26.0,10.0,6.0,USD,190.74,356370.67
VYG-2024-0333,1,REFERENCE-HANDYSIZE,Handysize,50000,48840,Keppel - (East Singapore),Mumbai (Bombay),2024-05-30T09:00:00+00:00,2024-06-07T13:40:48+00:00,2451.21,14.29,14.29,171.53,7.147,38200.0,10.54,38200.0,10.54,Dry Bulk,Minor Bulk Fertilizers,36136.4,36136.4,39750.0,39750.0,0.946,94.6,26.0,1,5.0,30.0,9.0,3.0,USD,196.68,302158.84
VYG-2024-0334,2,REFERENCE-SUPRAMAX,Supramax,42440,47110,Stilis,Lamu,2024-06-01T00:00:00+00:00,2024-06-11T11:24:36+00:00,3135.75,14.4,14.4,217.76,9.073,58328.0,12.8,58328.0,12.8,Liquid Bulk,Clean Refined Products,47767.5,47767.5,56365.6,56365.6,0.8189,81.89,33.0,1,6.0,1.0,0.0,5.0,USD,251.41,557629.16
VYG-2024-0335,1,REFERENCE-HANDYSIZE,Handysize,57461,7780,Siam Seaport,Jersey City,2024-06-02T07:00:00+00:00,2024-07-06T16:06:00+00:00,11443.86,14.34,14.34,798.04,33.252,38200.0,10.54,38200.0,10.54,Dry Bulk,Agricultural Tapioca & Rice,28207.4,28207.4,36105.5,36105.5,0.7384,73.84,26.0,1,6.0,2.0,7.0,6.0,USD,825.1,1208275.93
VYG-2024-0336,2,REFERENCE-SUPRAMAX,Supramax,31140,7780,Rotterdam,Jersey City,2024-06-03T03:00:00+00:00,2024-06-14T04:04:48+00:00,3387.17,13.94,13.94,242.98,10.124,58328.0,12.8,58328.0,12.8,General Cargo,High-Value Industrial Goods,54360.9,54360.9,76105.3,76105.3,0.932,93.2,33.0,1,6.0,3.0,3.0,0.0,USD,265.08,459869.22
VYG-2024-0337,4,REFERENCE-CAPESIZE,Capesize,54620,60140,Port Hedland,Qingdao Gang,2024-06-05T01:00:00+00:00,2024-06-16T03:16:12+00:00,3427.43,13.85,13.85,247.47,10.311,182000.0,18.2,182000.0,18.2,Dry Bulk,Pilbara Iron Ore Fines,136952.3,136952.3,57520.0,57520.0,0.7525,75.25,52.0,1,6.0,5.0,1.0,2.0,USD,266.27,755976.81
VYG-2024-0338,4,REFERENCE-CAPESIZE,Capesize,54605,59970,Dampier,Shanghai,2024-06-05T17:00:00+00:00,2024-06-16T09:36:36+00:00,3248.91,13.76,13.76,236.11,9.838,182000.0,18.2,182000.0,18.2,Dry Bulk,Iron Ore,138145.0,138145.0,62165.2,62165.2,0.759,75.9,52.0,1,6.0,5.0,17.0,2.0,USD,256.61,743889.93
VYG-2024-0339,3,REFERENCE-PANAMAX,Panamax,12970,31140,Santos,Rotterdam,2024-06-06T09:00:00+00:00,2024-06-24T10:36:00+00:00,5467.55,13.37,13.37,408.94,17.039,82500.0,14.43,82500.0,14.43,Dry Bulk,Agricultural Grain & Soybeans,65250.3,65250.3,81562.9,81562.9,0.7909,79.09,33.0,1,6.0,6.0,9.0,3.0,USD,433.6,793853.27
VYG-2024-0340,4,REFERENCE-CAPESIZE,Capesize,12855,60140,Tubarao,Qingdao Gang,2024-06-10T10:00:00+00:00,2024-07-15T16:17:24+00:00,11259.13,14.25,14.25,790.11,32.921,182000.0,18.2,182000.0,18.2,Dry Bulk,High-Grade Carajas Iron Ore,169038.9,169038.9,67615.6,67615.6,0.9288,92.88,52.0,1,6.0,10.0,10.0,0.0,USD,846.29,2156487.07
VYG-2024-0341,1,REFERENCE-HANDYSIZE,Handysize,9240,31250,Houston,Antwerpen,2024-06-10T16:00:00+00:00,2024-06-26T14:33:36+00:00,4823.63,13.79,13.79,349.79,14.575,38200.0,10.54,38200.0,10.54,General Cargo,Petrochemical Intermediates,33280.7,33280.7,38272.8,38272.8,0.8712,87.12,26.0,1,6.0,10.0,16.0,0.0,USD,382.56,500241.68
VYG-2024-0342,3,REFERENCE-PANAMAX,Panamax,54620,48840,Port Hedland,Mumbai (Bombay),2024-06-11T13:00:00+00:00,2024-06-25T09:03:00+00:00,3887.19,13.1,13.1,296.73,12.364,82500.0,14.43,82500.0,14.43,Dry Bulk,Premium Hard Coking Coal,71346.0,71346.0,87042.1,87042.1,0.8648,86.48,33.0,1,6.0,11.0,13.0,1.0,USD,332.05,598903.46
VYG-2024-0343,1,REFERENCE-HANDYSIZE,Handysize,50000,31140,Keppel - (East Singapore),Rotterdam,2024-06-16T02:00:00+00:00,2024-07-12T00:38:24+00:00,8250.21,13.9,13.9,593.54,24.731,38200.0,10.54,38200.0,10.54,General Cargo,Containerized Freight,31536.6,31536.6,47304.9,47304.9,0.8256,82.56,26.0,1,6.0,16.0,2.0,6.0,USD,622.64,962179.93
VYG-2024-0344,2,REFERENCE-SUPRAMAX,Supramax,50000,59970,Keppel - (East Singapore),Shanghai,2024-06-17T01:00:00+00:00,2024-06-24T13:28:12+00:00,2258.56,14.06,14.06,160.64,6.693,58328.0,12.8,58328.0,12.8,General Cargo,Electronics & Machinery,53690.3,53690.3,72481.9,72481.9,0.9205,92.05,33.0,1,6.0,17.0,1.0,0.0,USD,180.47,327155.0
VYG-2024-0345,2,REFERENCE-SUPRAMAX,Supramax,50000,48840,Keppel - (East Singapore),Mumbai (Bombay),2024-06-17T19:00:00+00:00,2024-06-26T02:36:36+00:00,2473.76,14.28,14.28,173.23,7.218,58328.0,12.8,58328.0,12.8,Dry Bulk,Minor Bulk Fertilizers,52976.8,52976.8,58274.5,58274.5,0.9083,90.83,33.0,1,6.0,17.0,19.0,0.0,USD,199.61,374719.71
VYG-2024-0346,1,REFERENCE-HANDYSIZE,Handysize,42440,47110,Stilis,Lamu,2024-06-18T05:00:00+00:00,2024-06-28T16:34:12+00:00,3132.61,14.0,14.0,223.76,9.323,38200.0,10.54,38200.0,10.54,Liquid Bulk,Clean Refined Products,35018.2,35018.2,41321.5,41321.5,0.9167,91.67,26.0,1,6.0,18.0,5.0,1.0,USD,251.57,450461.04
VYG-2024-0347,1,REFERENCE-HANDYSIZE,Handysize,57461,7780,Siam Seaport,Jersey City,2024-06-18T16:00:00+00:00,2024-07-24T09:07:12+00:00,11446.58,13.8,13.8,829.46,34.561,38200.0,10.54,38200.0,10.54,Dry Bulk,Agricultural Tapioca & Rice,29001.7,29001.7,37122.2,37122.2,0.7592,75.92,26.0,1,6.0,18.0,16.0,1.0,USD,857.12,1173937.21
VYG-2024-0348,1,REFERENCE-HANDYSIZE,Handysize,31140,7780,Rotterdam,Jersey City,2024-06-19T08:00:00+00:00,2024-06-30T06:47:24+00:00,3389.87,13.84,13.84,244.93,10.205,38200.0,10.54,38200.0,10.54,General Cargo,High-Value Industrial Goods,31853.6,31853.6,44595.0,44595.0,0.8339,83.39,26.0,1,6.0,19.0,8.0,2.0,USD,262.79,375124.16
VYG-2024-0349,3,REFERENCE-PANAMAX,Panamax,54620,60140,Port Hedland,Qingdao Gang,2024-06-21T18:00:00+00:00,2024-07-03T22:06:00+00:00,3389.35,13.17,13.17,257.35,10.723,82500.0,14.43,82500.0,14.43,Dry Bulk,Pilbara Iron Ore Fines,72182.3,72182.3,30316.6,30316.6,0.8749,87.49,33.0,1,6.0,21.0,18.0,4.0,USD,292.1,537007.81
VYG-2024-0350,4,REFERENCE-CAPESIZE,Capesize,54605,59970,Dampier,Shanghai,2024-06-25T05:00:00+00:00,2024-07-05T13:18:00+00:00,3273.01,14.19,14.19,230.66,9.611,182000.0,18.2,182000.0,18.2,Dry Bulk,Iron Ore,160766.8,160766.8,72345.1,72345.1,0.8833,88.33,52.0,1,6.0,25.0,5.0,1.0,USD,248.3,769074.04
VYG-2024-0351,3,REFERENCE-PANAMAX,Panamax,12970,31140,Santos,Rotterdam,2024-07-02T10:00:00+00:00,2024-07-20T07:18:36+00:00,5447.38,13.53,13.53,402.61,16.775,82500.0,14.43,82500.0,14.43,Dry Bulk,Agricultural Grain & Soybeans,59482.9,59482.9,74353.6,74353.6,0.721,72.1,33.0,1,7.0,2.0,10.0,1.0,USD,429.31,785236.52
VYG-2024-0352,4,REFERENCE-CAPESIZE,Capesize,12855,60140,Tubarao,Qingdao Gang,2024-07-04T08:00:00+00:00,2024-08-08T16:56:24+00:00,11254.93,14.13,14.13,796.53,33.189,182000.0,18.2,182000.0,18.2,Dry Bulk,High-Grade Carajas Iron Ore,162867.7,162867.7,65147.1,65147.1,0.8949,89.49,52.0,1,7.0,4.0,8.0,3.0,USD,848.94,2177331.83
VYG-2024-0353,1,REFERENCE-HANDYSIZE,Handysize,9240,31250,Houston,Antwerpen,2024-07-04T08:00:00+00:00,2024-07-19T15:26:24+00:00,4789.32,14.05,14.05,340.88,14.203,38200.0,10.54,38200.0,10.54,General Cargo,Petrochemical Intermediates,30547.7,30547.7,35129.9,35129.9,0.7997,79.97,26.0,1,7.0,4.0,8.0,3.0,USD,367.44,507348.18
VYG-2024-0354,2,REFERENCE-SUPRAMAX,Supramax,54620,48840,Port Hedland,Mumbai (Bombay),2024-07-06T06:00:00+00:00,2024-07-19T04:03:36+00:00,3919.42,14.01,14.01,279.76,11.657,58328.0,12.8,58328.0,12.8,Dry Bulk,Premium Hard Coking Coal,45141.1,45141.1,55072.1,55072.1,0.7739,77.39,33.0,1,7.0,6.0,6.0,5.0,USD,310.06,531231.89
VYG-2024-0355,2,REFERENCE-SUPRAMAX,Supramax,50000,31140,Keppel - (East Singapore),Rotterdam,2024-07-07T06:00:00+00:00,2024-08-03T02:04:12+00:00,8321.0,13.43,13.43,619.58,25.816,58328.0,12.8,58328.0,12.8,General Cargo,Containerized Freight,42947.7,42947.7,64421.5,64421.5,0.7363,73.63,33.0,1,7.0,7.0,6.0,6.0,USD,644.07,1167130.42
VYG-2024-0356,2,REFERENCE-SUPRAMAX,Supramax,50000,59970,Keppel - (East Singapore),Shanghai,2024-07-10T04:00:00+00:00,2024-07-18T04:21:00+00:00,2234.6,14.41,14.41,155.07,6.461,58328.0,12.8,58328.0,12.8,General Cargo,Electronics & Machinery,43858.1,43858.1,59208.4,59208.4,0.7519,75.19,33.0,1,7.0,10.0,4.0,2.0,USD,192.35,369899.57
VYG-2024-0357,2,REFERENCE-SUPRAMAX,Supramax,50000,48840,Keppel - (East Singapore),Mumbai (Bombay),2024-07-13T14:00:00+00:00,2024-07-21T21:03:00+00:00,2461.49,14.13,14.13,174.2,7.258,58328.0,12.8,58328.0,12.8,Dry Bulk,Minor Bulk Fertilizers,45409.1,45409.1,49950.0,49950.0,0.7785,77.85,33.0,1,7.0,13.0,14.0,5.0,USD,199.05,363540.53
VYG-2024-0358,1,REFERENCE-HANDYSIZE,Handysize,42440,47110,Stilis,Lamu,2024-07-14T16:00:00+00:00,2024-07-25T00:32:24+00:00,3173.19,13.84,13.84,229.28,9.553,38200.0,10.54,38200.0,10.54,Liquid Bulk,Clean Refined Products,32673.8,32673.8,38555.1,38555.1,0.8553,85.53,26.0,1,7.0,14.0,16.0,6.0,USD,248.54,454043.47
VYG-2024-0359,1,REFERENCE-HANDYSIZE,Handysize,57461,7780,Siam Seaport,Jersey City,2024-07-15T14:00:00+00:00,2024-08-21T00:22:12+00:00,11441.12,13.73,13.73,833.29,34.72,38200.0,10.54,38200.0,10.54,Dry Bulk,Agricultural Tapioca & Rice,30413.1,30413.1,38928.8,38928.8,0.7962,79.62,26.0,1,7.0,15.0,14.0,0.0,USD,874.37,1206941.93
VYG-2024-0360,1,REFERENCE-HANDYSIZE,Handysize,31140,7780,Rotterdam,Jersey City,2024-07-16T11:00:00+00:00,2024-07-27T10:17:24+00:00,3362.27,13.99,13.99,240.33,10.014,38200.0,10.54,38200.0,10.54,General Cargo,High-Value Industrial Goods,34238.9,34238.9,47934.5,47934.5,0.8963,89.63,26.0,1,7.0,16.0,11.0,1.0,USD,263.29,362311.6
VYG-2024-0361,4,REFERENCE-CAPESIZE,Capesize,54620,60140,Port Hedland,Qingdao Gang,2024-07-22T11:00:00+00:00,2024-08-02T17:54:00+00:00,3374.78,13.86,13.86,243.49,10.145,182000.0,18.2,182000.0,18.2,Dry Bulk,Pilbara Iron Ore Fines,159086.3,159086.3,66816.2,66816.2,0.8741,87.41,52.0,1,7.0,22.0,11.0,0.0,USD,270.9,773439.62
VYG-2024-0362,4,REFERENCE-CAPESIZE,Capesize,54605,59970,Dampier,Shanghai,2024-07-22T14:00:00+00:00,2024-08-02T13:44:24+00:00,3296.81,13.89,13.89,237.35,9.89,182000.0,18.2,182000.0,18.2,Dry Bulk,Iron Ore,170921.7,170921.7,76914.8,76914.8,0.9391,93.91,52.0,1,7.0,22.0,14.0,0.0,USD,263.74,745093.22
VYG-2024-0363,3,REFERENCE-PANAMAX,Panamax,12970,31140,Santos,Rotterdam,2024-07-24T04:00:00+00:00,2024-08-11T01:32:24+00:00,5552.26,13.92,13.92,398.87,16.62,82500.0,14.43,82500.0,14.43,Dry Bulk,Agricultural Grain & Soybeans,60734.1,60734.1,75917.6,75917.6,0.7362,73.62,33.0,1,7.0,24.0,4.0,2.0,USD,429.54,814546.94
VYG-2024-0364,4,REFERENCE-CAPESIZE,Capesize,12855,60140,Tubarao,Qingdao Gang,2024-07-26T09:00:00+00:00,2024-08-31T05:31:12+00:00,11222.13,14.01,14.01,801.01,33.375,182000.0,18.2,182000.0,18.2,Dry Bulk,High-Grade Carajas Iron Ore,146781.2,146781.2,58712.5,58712.5,0.8065,80.65,52.0,1,7.0,26.0,9.0,4.0,USD,860.52,2197774.4
VYG-2024-0365,2,REFERENCE-SUPRAMAX,Supramax,9240,31250,Houston,Antwerpen,2024-07-26T23:00:00+00:00,2024-08-12T14:44:24+00:00,4914.33,13.63,13.63,360.55,15.023,58328.0,12.8,58328.0,12.8,General Cargo,Petrochemical Intermediates,51277.7,51277.7,58969.4,58969.4,0.8791,87.91,33.0,1,7.0,26.0,23.0,4.0,USD,399.74,631305.8
VYG-2024-0366,3,REFERENCE-PANAMAX,Panamax,54620,48840,Port Hedland,Mumbai (Bombay),2024-07-27T19:00:00+00:00,2024-08-10T12:31:48+00:00,3905.69,13.16,13.16,296.78,12.366,82500.0,14.43,82500.0,14.43,Dry Bulk,Premium Hard Coking Coal,66460.1,66460.1,81081.3,81081.3,0.8056,80.56,33.0,1,7.0,27.0,19.0,5.0,USD,329.53,622854.5
VYG-2024-0367,1,REFERENCE-HANDYSIZE,Handysize,50000,31140,Keppel - (East Singapore),Rotterdam,2024-07-28T21:00:00+00:00,2024-08-23T22:04:12+00:00,8332.14,14.05,14.05,593.03,24.71,38200.0,10.54,38200.0,10.54,General Cargo,Containerized Freight,30285.4,30285.4,45428.1,45428.1,0.7928,79.28,26.0,1,7.0,28.0,21.0,6.0,USD,625.07,998561.14
VYG-2024-0368,1,REFERENCE-HANDYSIZE,Handysize,50000,59970,Keppel - (East Singapore),Shanghai,2024-08-01T09:00:00+00:00,2024-08-09T05:13:12+00:00,2286.7,13.74,13.74,166.43,6.935,38200.0,10.54,38200.0,10.54,General Cargo,Electronics & Machinery,34161.0,34161.0,46117.4,46117.4,0.8943,89.43,26.0,1,8.0,1.0,9.0,3.0,USD,188.22,266011.81
VYG-2024-0369,2,REFERENCE-SUPRAMAX,Supramax,50000,48840,Keppel - (East Singapore),Mumbai (Bombay),2024-08-01T18:00:00+00:00,2024-08-10T06:42:36+00:00,2448.57,13.84,13.84,176.92,7.372,58328.0,12.8,58328.0,12.8,Dry Bulk,Minor Bulk Fertilizers,52962.6,52962.6,58258.9,58258.9,0.908,90.8,33.0,1,8.0,1.0,18.0,3.0,USD,204.71,368895.0
VYG-2024-0370,2,REFERENCE-SUPRAMAX,Supramax,42440,47110,Stilis,Lamu,2024-08-04T06:00:00+00:00,2024-08-14T21:21:36+00:00,3138.12,14.01,14.01,223.99,9.333,58328.0,12.8,58328.0,12.8,Liquid Bulk,Clean Refined Products,53026.7,53026.7,62571.5,62571.5,0.9091,90.91,33.0,1,8.0,4.0,6.0,6.0,USD,255.36,544501.9
VYG-2024-0371,2,REFERENCE-SUPRAMAX,Supramax,57461,7780,Siam Seaport,Jersey City,2024-08-09T01:00:00+00:00,2024-09-13T04:16:48+00:00,11422.21,14.18,14.18,805.52,33.563,58328.0,12.8,58328.0,12.8,Dry Bulk,Agricultural Tapioca & Rice,54016.8,54016.8,69141.5,69141.5,0.9261,92.61,33.0,1,8.0,9.0,1.0,4.0,USD,843.28,1507161.22
VYG-2024-0372,1,REFERENCE-HANDYSIZE,Handysize,31140,7780,Rotterdam,Jersey City,2024-08-11T00:00:00+00:00,2024-08-21T23:51:00+00:00,3401.73,13.96,13.96,243.68,10.153,38200.0,10.54,38200.0,10.54,General Cargo,High-Value Industrial Goods,33640.7,33640.7,47097.0,47097.0,0.8806,88.06,26.0,1,8.0,11.0,0.0,6.0,USD,263.85,353502.79
VYG-2024-0373,4,REFERENCE-CAPESIZE,Capesize,54620,60140,Port Hedland,Qingdao Gang,2024-08-11T05:00:00+00:00,2024-08-22T17:36:36+00:00,3381.11,14.09,14.09,239.97,9.999,182000.0,18.2,182000.0,18.2,Dry Bulk,Pilbara Iron Ore Fines,159969.9,159969.9,67187.4,67187.4,0.879,87.9,52.0,1,8.0,11.0,5.0,6.0,USD,276.61,813882.41
VYG-2024-0374,4,REFERENCE-CAPESIZE,Capesize,54605,59970,Dampier,Shanghai,2024-08-12T14:00:00+00:00,2024-08-23T11:51:00+00:00,3236.4,14.04,14.04,230.51,9.605,182000.0,18.2,182000.0,18.2,Dry Bulk,Iron Ore,159293.9,159293.9,71682.3,71682.3,0.8752,87.52,52.0,1,8.0,12.0,14.0,0.0,USD,261.85,780605.76
VYG-2024-0375,3,REFERENCE-PANAMAX,Panamax,12970,31140,Santos,Rotterdam,2024-08-14T09:00:00+00:00,2024-09-01T07:18:00+00:00,5432.9,13.4,13.4,405.44,16.893,82500.0,14.43,82500.0,14.43,Dry Bulk,Agricultural Grain & Soybeans,75961.6,75961.6,94952.0,94952.0,0.9207,92.07,33.0,1,8.0,14.0,9.0,2.0,USD,430.3,772454.97
VYG-2024-0376,4,REFERENCE-CAPESIZE,Capesize,12855,60140,Tubarao,Qingdao Gang,2024-08-22T03:00:00+00:00,2024-09-27T13:12:00+00:00,11359.73,13.96,13.96,813.73,33.905,182000.0,18.2,182000.0,18.2,Dry Bulk,High-Grade Carajas Iron Ore,167275.3,167275.3,66910.1,66910.1,0.9191,91.91,52.0,1,8.0,22.0,3.0,3.0,USD,874.2,2265050.69
VYG-2024-0377,2,REFERENCE-SUPRAMAX,Supramax,9240,31250,Houston,Antwerpen,2024-08-23T12:00:00+00:00,2024-09-07T20:21:36+00:00,4795.25,13.89,13.89,345.23,14.385,58328.0,12.8,58328.0,12.8,General Cargo,Petrochemical Intermediates,50563.5,50563.5,58148.0,58148.0,0.8669,86.69,33.0,1,8.0,23.0,12.0,4.0,USD,368.36,599786.84
VYG-2024-0378,3,REFERENCE-PANAMAX,Panamax,54620,48840,Port Hedland,Mumbai (Bombay),2024-08-26T07:00:00+00:00,2024-09-08T17:10:12+00:00,3949.24,13.32,13.32,296.49,12.354,82500.0,14.43,82500.0,14.43,Dry Bulk,Premium Hard Coking Coal,67183.8,67183.8,81964.2,81964.2,0.8143,81.43,33.0,1,8.0,26.0,7.0,0.0,USD,322.17,598761.43
VYG-2024-0379,2,REFERENCE-SUPRAMAX,Supramax,50000,31140,Keppel - (East Singapore),Rotterdam,2024-08-26T16:00:00+00:00,2024-09-21T09:41:24+00:00,8270.47,13.91,13.91,594.57,24.774,58328.0,12.8,58328.0,12.8,General Cargo,Containerized Freight,48471.9,48471.9,72707.9,72707.9,0.831,83.1,33.0,1,8.0,26.0,16.0,0.0,USD,617.69,1136621.05
VYG-2024-0380,2,REFERENCE-SUPRAMAX,Supramax,50000,59970,Keppel - (East Singapore),Shanghai,2024-08-28T11:00:00+00:00,2024-09-05T05:57:36+00:00,2255.87,13.86,13.86,162.76,6.782,58328.0,12.8,58328.0,12.8,General Cargo,Electronics & Machinery,50330.5,50330.5,67946.2,67946.2,0.8629,86.29,33.0,1,8.0,28.0,11.0,2.0,USD,186.96,347396.83
VYG-2024-0381,1,REFERENCE-HANDYSIZE,Handysize,50000,48840,Keppel - (East Singapore),Mumbai (Bombay),2024-08-28T18:00:00+00:00,2024-09-06T11:18:36+00:00,2456.72,13.83,13.83,177.64,7.402,38200.0,10.54,38200.0,10.54,Dry Bulk,Minor Bulk Fertilizers,27926.3,27926.3,30718.9,30718.9,0.7311,73.11,26.0,1,8.0,28.0,18.0,2.0,USD,209.31,297084.68
VYG-2024-0382,2,REFERENCE-SUPRAMAX,Supramax,42440,47110,Stilis,Lamu,2024-08-31T13:00:00+00:00,2024-09-10T17:55:12+00:00,3131.39,13.96,13.96,224.31,9.346,58328.0,12.8,58328.0,12.8,Liquid Bulk,Clean Refined Products,44855.3,44855.3,52929.3,52929.3,0.769,76.9,33.0,1,8.0,31.0,13.0,5.0,USD,244.92,515197.46
VYG-2024-0383,1,REFERENCE-HANDYSIZE,Handysize,57461,7780,Siam Seaport,Jersey City,2024-09-02T00:00:00+00:00,2024-10-06T13:39:00+00:00,11372.13,14.19,14.19,801.42,33.392,38200.0,10.54,38200.0,10.54,Dry Bulk,Agricultural Tapioca & Rice,33972.6,33972.6,43484.9,43484.9,0.8893,88.93,26.0,1,9.0,2.0,0.0,0.0,USD,829.65,1220911.17
VYG-2024-0384,2,REFERENCE-SUPRAMAX,Supramax,31140,7780,Rotterdam,Jersey City,2024-09-02T13:00:00+00:00,2024-09-13T16:55:48+00:00,3409.59,13.89,13.89,245.47,10.228,58328.0,12.8,58328.0,12.8,General Cargo,High-Value Industrial Goods,53228.8,53228.8,74520.3,74520.3,0.9126,91.26,33.0,1,9.0,2.0,13.0,0.0,USD,267.93,483587.96
VYG-2024-0385,4,REFERENCE-CAPESIZE,Capesize,54620,60140,Port Hedland,Qingdao Gang,2024-09-05T10:00:00+00:00,2024-09-16T19:28:12+00:00,3385.61,13.88,13.88,243.92,10.163,182000.0,18.2,182000.0,18.2,Dry Bulk,Pilbara Iron Ore Fines,132686.6,132686.6,55728.4,55728.4,0.729,72.9,52.0,1,9.0,5.0,10.0,3.0,USD,273.47,789840.29
VYG-2024-0386,4,REFERENCE-CAPESIZE,Capesize,54605,59970,Dampier,Shanghai,2024-09-06T14:00:00+00:00,2024-09-17T00:33:36+00:00,3230.79,14.33,14.33,225.46,9.394,182000.0,18.2,182000.0,18.2,Dry Bulk,Iron Ore,131345.0,131345.0,59105.2,59105.2,0.7217,72.17,52.0,1,9.0,6.0,14.0,4.0,USD,250.56,768841.03
VYG-2024-0387,3,REFERENCE-PANAMAX,Panamax,12970,31140,Santos,Rotterdam,2024-09-08T18:00:00+00:00,2024-09-26T06:55:48+00:00,5423.27,13.54,13.54,400.54,16.689,82500.0,14.43,82500.0,14.43,Dry Bulk,Agricultural Grain & Soybeans,67877.5,67877.5,84846.9,84846.9,0.8228,82.28,33.0,1,9.0,8.0,18.0,6.0,USD,420.93,759407.98
VYG-2024-0388,4,REFERENCE-CAPESIZE,Capesize,12855,60140,Tubarao,Qingdao Gang,2024-09-10T09:00:00+00:00,2024-10-16T05:10:48+00:00,11300.11,14.2,14.2,795.78,33.157,182000.0,18.2,182000.0,18.2,Dry Bulk,High-Grade Carajas Iron Ore,154498.0,154498.0,61799.2,61799.2,0.8489,84.89,52.0,1,9.0,10.0,9.0,1.0,USD,860.18,2265400.11
VYG-2024-0389,2,REFERENCE-SUPRAMAX,Supramax,9240,31250,Houston,Antwerpen,2024-09-11T02:00:00+00:00,2024-09-26T07:17:24+00:00,4791.0,14.08,14.08,340.27,14.178,58328.0,12.8,58328.0,12.8,General Cargo,Petrochemical Intermediates,42983.6,42983.6,49431.1,49431.1,0.7369,73.69,33.0,1,9.0,11.0,2.0,2.0,USD,365.29,632721.92
VYG-2024-0390,3,REFERENCE-PANAMAX,Panamax,54620,48840,Port Hedland,Mumbai (Bombay),2024-09-11T07:00:00+00:00,2024-09-24T11:13:48+00:00,3898.04,13.6,13.6,286.62,11.943,82500.0,14.43,82500.0,14.43,Dry Bulk,Premium Hard Coking Coal,68113.4,68113.4,83098.3,83098.3,0.8256,82.56,33.0,1,9.0,11.0,7.0,2.0,USD,316.23,614858.06
VYG-2024-0391,2,REFERENCE-SUPRAMAX,Supramax,50000,31140,Keppel - (East Singapore),Rotterdam,2024-09-12T15:00:00+00:00,2024-10-08T15:27:36+00:00,8229.08,13.75,13.75,598.48,24.937,58328.0,12.8,58328.0,12.8,General Cargo,Containerized Freight,47274.4,47274.4,70911.6,70911.6,0.8105,81.05,33.0,1,9.0,12.0,15.0,3.0,USD,624.46,1134118.94
VYG-2024-0392,1,REFERENCE-HANDYSIZE,Handysize,50000,59970,Keppel - (East Singapore),Shanghai,2024-09-15T03:00:00+00:00,2024-09-23T01:28:48+00:00,2274.6,13.95,13.95,163.05,6.794,38200.0,10.54,38200.0,10.54,General Cargo,Electronics & Machinery,33506.5,33506.5,45233.8,45233.8,0.8771,87.71,26.0,1,9.0,15.0,3.0,6.0,USD,190.48,274050.22
VYG-2024-0393,1,REFERENCE-HANDYSIZE,Handysize,50000,48840,Keppel - (East Singapore),Mumbai (Bombay),2024-09-19T04:00:00+00:00,2024-09-28T03:51:00+00:00,2457.45,13.97,13.97,175.91,7.33,38200.0,10.54,38200.0,10.54,Dry Bulk,Minor Bulk Fertilizers,29145.9,29145.9,32060.5,32060.5,0.763,76.3,26.0,1,9.0,19.0,4.0,3.0,USD,215.85,316615.14
VYG-2024-0394,1,REFERENCE-HANDYSIZE,Handysize,42440,47110,Stilis,Lamu,2024-09-19T05:00:00+00:00,2024-09-29T18:22:48+00:00,3084.23,13.41,13.41,229.99,9.583,38200.0,10.54,38200.0,10.54,Liquid Bulk,Clean Refined Products,34544.7,34544.7,40762.7,40762.7,0.9043,90.43,26.0,1,9.0,19.0,5.0,3.0,USD,253.38,441604.26
VYG-2024-0395,1,REFERENCE-HANDYSIZE,Handysize,57461,7780,Siam Seaport,Jersey City,2024-09-23T00:00:00+00:00,2024-10-28T07:48:00+00:00,11565.13,14.12,14.12,819.06,34.127,38200.0,10.54,38200.0,10.54,Dry Bulk,Agricultural Tapioca & Rice,28136.9,28136.9,36015.2,36015.2,0.7366,73.66,26.0,1,9.0,23.0,0.0,0.0,USD,847.8,1223568.26
VYG-2024-0396,2,REFERENCE-SUPRAMAX,Supramax,31140,7780,Rotterdam,Jersey City,2024-09-23T20:00:00+00:00,2024-10-05T08:28:12+00:00,3426.52,14.47,14.47,236.8,9.867,58328.0,12.8,58328.0,12.8,General Cargo,High-Value Industrial Goods,45381.6,45381.6,63534.2,63534.2,0.778,77.8,33.0,1,9.0,23.0,20.0,0.0,USD,276.47,524225.34
VYG-2024-0397,3,REFERENCE-PANAMAX,Panamax,54620,60140,Port Hedland,Qingdao Gang,2024-09-25T12:00:00+00:00,2024-10-07T14:06:00+00:00,3414.14,13.38,13.38,255.17,10.632,82500.0,14.43,82500.0,14.43,Dry Bulk,Pilbara Iron Ore Fines,63440.9,63440.9,26645.2,26645.2,0.769,76.9,33.0,1,9.0,25.0,12.0,2.0,USD,290.1,551295.52
VYG-2024-0398,4,REFERENCE-CAPESIZE,Capesize,54605,59970,Dampier,Shanghai,2024-09-26T04:00:00+00:00,2024-10-06T21:45:00+00:00,3285.19,14.06,14.06,233.66,9.736,182000.0,18.2,182000.0,18.2,Dry Bulk,Iron Ore,162720.5,162720.5,73224.2,73224.2,0.8941,89.41,52.0,1,9.0,26.0,4.0,3.0,USD,257.75,752914.48
VYG-2024-0399,2,REFERENCE-SUPRAMAX,Supramax,12970,31140,Santos,Rotterdam,2024-09-26T10:00:00+00:00,2024-10-14T01:58:48+00:00,5435.46,13.99,13.99,388.52,16.188,58328.0,12.8,58328.0,12.8,Dry Bulk,Agricultural Grain & Soybeans,46303.3,46303.3,57879.1,57879.1,0.7938,79.38,33.0,1,9.0,26.0,10.0,3.0,USD,423.98,704300.01
VYG-2024-0400,4,REFERENCE-CAPESIZE,Capesize,12855,60140,Tubarao,Qingdao Gang,2024-10-05T15:00:00+00:00,2024-11-09T14:48:36+00:00,11384.01,14.6,14.6,779.73,32.489,182000.0,18.2,182000.0,18.2,Dry Bulk,High-Grade Carajas Iron Ore,139577.6,139577.6,55831.0,55831.0,0.7669,76.69,52.0,1,10.0,5.0,15.0,5.0,USD,839.81,2222010.18
VYG-2024-0401,1,REFERENCE-HANDYSIZE,Handysize,9240,31250,Houston,Antwerpen,2024-10-10T02:00:00+00:00,2024-10-25T15:22:12+00:00,4928.78,14.02,14.02,351.55,14.648,38200.0,10.54,38200.0,10.54,General Cargo,Petrochemical Intermediates,32812.0,32812.0,37733.8,37733.8,0.859,85.9,26.0,1,10.0,10.0,2.0,3.0,USD,373.37,484532.24
VYG-2024-0402,2,REFERENCE-SUPRAMAX,Supramax,54620,48840,Port Hedland,Mumbai (Bombay),2024-10-16T14:00:00+00:00,2024-10-29T05:08:24+00:00,3860.21,13.78,13.78,280.13,11.672,58328.0,12.8,58328.0,12.8,Dry Bulk,Premium Hard Coking Coal,55456.6,55456.6,67657.1,67657.1,0.9508,95.08,33.0,1,10.0,16.0,14.0,2.0,USD,303.14,519929.44
VYG-2024-0403,2,REFERENCE-SUPRAMAX,Supramax,50000,31140,Keppel - (East Singapore),Rotterdam,2024-10-19T10:00:00+00:00,2024-11-15T03:39:36+00:00,8369.46,13.77,13.77,607.8,25.325,58328.0,12.8,58328.0,12.8,General Cargo,Containerized Freight,53143.4,53143.4,79715.1,79715.1,0.9111,91.11,33.0,1,10.0,19.0,10.0,5.0,USD,641.66,1167618.25
VYG-2024-0404,2,REFERENCE-SUPRAMAX,Supramax,50000,59970,Keppel - (East Singapore),Shanghai,2024-10-20T02:00:00+00:00,2024-10-27T20:08:24+00:00,2241.98,13.97,13.97,160.49,6.687,58328.0,12.8,58328.0,12.8,General Cargo,Electronics & Machinery,47621.9,47621.9,64289.6,64289.6,0.8165,81.65,33.0,1,10.0,20.0,2.0,6.0,USD,186.14,345564.88
VYG-2024-0405,1,REFERENCE-HANDYSIZE,Handysize,50000,48840,Keppel - (East Singapore),Mumbai (Bombay),2024-10-20T15:00:00+00:00,2024-10-28T16:44:24+00:00,2458.28,13.94,13.94,176.35,7.348,38200.0,10.54,38200.0,10.54,Dry Bulk,Minor Bulk Fertilizers,32972.1,32972.1,36269.3,36269.3,0.8631,86.31,26.0,1,10.0,20.0,15.0,6.0,USD,193.74,280301.62
VYG-2024-0407,1,REFERENCE-HANDYSIZE,Handysize,57461,7780,Siam Seaport,Jersey City,2024-10-20T18:00:00+00:00,2024-11-24T22:52:48+00:00,11399.21,13.97,13.97,815.98,33.999,38200.0,10.54,38200.0,10.54,Dry Bulk,Agricultural Tapioca & Rice,27706.5,27706.5,35464.3,35464.3,0.7253,72.53,26.0,1,10.0,20.0,18.0,6.0,USD,844.88,1180155.02
VYG-2024-0406,2,REFERENCE-SUPRAMAX,Supramax,42440,47110,Stilis,Lamu,2024-10-20T18:00:00+00:00,2024-10-31T09:44:24+00:00,3120.67,13.35,13.35,233.76,9.74,58328.0,12.8,58328.0,12.8,Liquid Bulk,Clean Refined Products,54566.4,54566.4,64388.4,64388.4,0.9355,93.55,33.0,1,10.0,20.0,18.0,6.0,USD,255.74,513405.63
VYG-2024-0408,2,REFERENCE-SUPRAMAX,Supramax,31140,7780,Rotterdam,Jersey City,2024-10-22T07:00:00+00:00,2024-11-03T00:08:24+00:00,3430.83,14.38,14.38,238.58,9.941,58328.0,12.8,58328.0,12.8,General Cargo,High-Value Industrial Goods,52232.7,52232.7,73125.8,73125.8,0.8955,89.55,33.0,1,10.0,22.0,7.0,1.0,USD,281.14,493329.42
VYG-2024-0409,3,REFERENCE-PANAMAX,Panamax,54620,60140,Port Hedland,Qingdao Gang,2024-10-23T03:00:00+00:00,2024-11-03T13:10:48+00:00,3394.4,13.77,13.77,246.51,10.271,82500.0,14.43,82500.0,14.43,Dry Bulk,Pilbara Iron Ore Fines,65851.3,65851.3,27657.5,27657.5,0.7982,79.82,33.0,1,10.0,23.0,3.0,2.0,USD,274.18,539683.9
VYG-2024-0410,4,REFERENCE-CAPESIZE,Capesize,54605,59970,Dampier,Shanghai,2024-10-24T03:00:00+00:00,2024-11-03T22:54:36+00:00,3247.63,14.09,14.09,230.49,9.604,182000.0,18.2,182000.0,18.2,Dry Bulk,Iron Ore,149837.5,149837.5,67426.9,67426.9,0.8233,82.33,52.0,1,10.0,24.0,3.0,3.0,USD,259.91,796228.55
VYG-2024-0411,3,REFERENCE-PANAMAX,Panamax,12970,31140,Santos,Rotterdam,2024-10-26T20:00:00+00:00,2024-11-14T04:18:00+00:00,5511.87,13.63,13.63,404.39,16.85,82500.0,14.43,82500.0,14.43,Dry Bulk,Agricultural Grain & Soybeans,73345.8,73345.8,91682.2,91682.2,0.889,88.9,33.0,1,10.0,26.0,20.0,5.0,USD,440.3,816788.99
VYG-2024-0412,4,REFERENCE-CAPESIZE,Capesize,12855,60140,Tubarao,Qingdao Gang,2024-10-28T08:00:00+00:00,2024-12-04T01:31:12+00:00,11363.23,14.03,14.03,809.92,33.747,182000.0,18.2,182000.0,18.2,Dry Bulk,High-Grade Carajas Iron Ore,135468.3,135468.3,54187.3,54187.3,0.7443,74.43,52.0,1,10.0,28.0,8.0,0.0,USD,881.52,2247123.57
VYG-2024-0413,2,REFERENCE-SUPRAMAX,Supramax,9240,31250,Houston,Antwerpen,2024-10-28T10:00:00+00:00,2024-11-13T03:42:36+00:00,4838.82,14.02,14.02,345.14,14.381,58328.0,12.8,58328.0,12.8,General Cargo,Petrochemical Intermediates,52182.1,52182.1,60009.4,60009.4,0.8946,89.46,33.0,1,10.0,28.0,10.0,0.0,USD,377.71,628735.65
VYG-2024-0414,3,REFERENCE-PANAMAX,Panamax,54620,48840,Port Hedland,Mumbai (Bombay),2024-11-01T11:00:00+00:00,2024-11-14T22:00:00+00:00,3900.93,13.13,13.13,297.1,12.379,82500.0,14.43,82500.0,14.43,Dry Bulk,Premium Hard Coking Coal,64936.8,64936.8,79222.9,79222.9,0.7871,78.71,33.0,1,11.0,1.0,11.0,4.0,USD,323.0,602251.6
VYG-2024-0415,2,REFERENCE-SUPRAMAX,Supramax,50000,31140,Keppel - (East Singapore),Rotterdam,2024-11-02T23:00:00+00:00,2024-11-27T19:48:36+00:00,8244.55,14.48,14.48,569.37,23.724,58328.0,12.8,58328.0,12.8,General Cargo,Containerized Freight,45870.4,45870.4,68805.6,68805.6,0.7864,78.64,33.0,1,11.0,2.0,23.0,5.0,USD,596.81,1208014.67
VYG-2024-0416,1,REFERENCE-HANDYSIZE,Handysize,50000,59970,Keppel - (East Singapore),Shanghai,2024-11-03T00:00:00+00:00,2024-11-10T20:24:00+00:00,2265.79,14.13,14.13,160.35,6.681,38200.0,10.54,38200.0,10.54,General Cargo,Electronics & Machinery,35411.3,35411.3,47805.3,47805.3,0.927,92.7,26.0,1,11.0,3.0,0.0,6.0,USD,188.4,285950.08
VYG-2024-0417,1,REFERENCE-HANDYSIZE,Handysize,50000,48840,Keppel - (East Singapore),Mumbai (Bombay),2024-11-03T02:00:00+00:00,2024-11-11T08:54:36+00:00,2512.15,14.09,14.09,178.29,7.429,38200.0,10.54,38200.0,10.54,Dry Bulk,Minor Bulk Fertilizers,29673.2,29673.2,32640.5,32640.5,0.7768,77.68,26.0,1,11.0,3.0,2.0,6.0,USD,198.91,296127.93
VYG-2024-0418,2,REFERENCE-SUPRAMAX,Supramax,42440,47110,Stilis,Lamu,2024-11-03T15:00:00+00:00,2024-11-14T02:44:24+00:00,3147.04,13.99,13.99,224.95,9.373,58328.0,12.8,58328.0,12.8,Liquid Bulk,Clean Refined Products,48523.1,48523.1,57257.3,57257.3,0.8319,83.19,33.0,1,11.0,3.0,15.0,6.0,USD,251.74,527676.77
VYG-2024-0419,2,REFERENCE-SUPRAMAX,Supramax,57461,7780,Siam Seaport,Jersey City,2024-11-04T00:00:00+00:00,2024-12-09T18:44:24+00:00,11564.73,13.95,13.95,829.01,34.542,58328.0,12.8,58328.0,12.8,Dry Bulk,Agricultural Tapioca & Rice,45669.5,45669.5,58457.0,58457.0,0.783,78.3,33.0,1,11.0,4.0,0.0,0.0,USD,858.74,1504853.26
VYG-2024-0420,2,REFERENCE-SUPRAMAX,Supramax,31140,7780,Rotterdam,Jersey City,2024-11-06T10:00:00+00:00,2024-11-18T04:27:36+00:00,3445.58,13.61,13.61,253.17,10.549,58328.0,12.8,58328.0,12.8,General Cargo,High-Value Industrial Goods,54382.3,54382.3,76135.2,76135.2,0.9324,93.24,33.0,1,11.0,6.0,10.0,2.0,USD,282.46,496515.33
VYG-2024-0421,3,REFERENCE-PANAMAX,Panamax,54620,60140,Port Hedland,Qingdao Gang,2024-11-07T06:00:00+00:00,2024-11-18T02:53:24+00:00,3364.87,14.04,14.04,239.66,9.986,82500.0,14.43,82500.0,14.43,Dry Bulk,Pilbara Iron Ore Fines,68943.9,68943.9,28956.4,28956.4,0.8357,83.57,33.0,1,11.0,7.0,6.0,3.0,USD,260.89,541810.9
VYG-2024-0422,4,REFERENCE-CAPESIZE,Capesize,54605,59970,Dampier,Shanghai,2024-11-09T12:00:00+00:00,2024-11-19T20:49:12+00:00,3224.01,14.04,14.04,229.63,9.568,182000.0,18.2,182000.0,18.2,Dry Bulk,Iron Ore,133830.3,133830.3,60223.6,60223.6,0.7353,73.53,52.0,1,11.0,9.0,12.0,5.0,USD,248.82,753868.6
VYG-2024-0423,2,REFERENCE-SUPRAMAX,Supramax,12970,31140,Santos,Rotterdam,2024-11-10T19:00:00+00:00,2024-11-27T19:48:00+00:00,5477.42,14.1,14.1,388.47,16.186,58328.0,12.8,58328.0,12.8,Dry Bulk,Agricultural Grain & Soybeans,50440.4,50440.4,63050.5,63050.5,0.8648,86.48,33.0,1,11.0,10.0,19.0,6.0,USD,408.8,691487.8
VYG-2024-0424,4,REFERENCE-CAPESIZE,Capesize,12855,60140,Tubarao,Qingdao Gang,2024-11-13T16:00:00+00:00,2024-12-20T04:03:00+00:00,11376.54,14.11,14.11,806.27,33.595,182000.0,18.2,182000.0,18.2,Dry Bulk,High-Grade Carajas Iron Ore,148792.3,148792.3,59516.9,59516.9,0.8175,81.75,52.0,1,11.0,13.0,16.0,2.0,USD,876.05,2318672.62
VYG-2024-0425,1,REFERENCE-HANDYSIZE,Handysize,9240,31250,Houston,Antwerpen,2024-11-14T10:00:00+00:00,2024-11-30T15:43:48+00:00,4904.52,13.93,13.93,352.08,14.67,38200.0,10.54,38200.0,10.54,General Cargo,Petrochemical Intermediates,31193.0,31193.0,35871.9,35871.9,0.8166,81.66,26.0,1,11.0,14.0,10.0,3.0,USD,389.73,510543.13
VYG-2024-0426,3,REFERENCE-PANAMAX,Panamax,54620,48840,Port Hedland,Mumbai (Bombay),2024-11-14T21:00:00+00:00,2024-11-28T19:25:12+00:00,3915.09,13.44,13.44,291.3,12.138,82500.0,14.43,82500.0,14.43,Dry Bulk,Premium Hard Coking Coal,68677.4,68677.4,83786.4,83786.4,0.8325,83.25,33.0,1,11.0,14.0,21.0,3.0,USD,334.42,630572.11
VYG-2024-0427,1,REFERENCE-HANDYSIZE,Handysize,50000,31140,Keppel - (East Singapore),Rotterdam,2024-11-15T10:00:00+00:00,2024-12-10T22:39:00+00:00,8321.44,14.11,14.11,589.75,24.573,38200.0,10.54,38200.0,10.54,General Cargo,Containerized Freight,30418.6,30418.6,45627.9,45627.9,0.7963,79.63,26.0,1,11.0,15.0,10.0,4.0,USD,612.65,951051.12
VYG-2024-0428,1,REFERENCE-HANDYSIZE,Handysize,50000,59970,Keppel - (East Singapore),Shanghai,2024-11-17T22:00:00+00:00,2024-11-25T21:03:36+00:00,2248.29,14.19,14.19,158.44,6.602,38200.0,10.54,38200.0,10.54,General Cargo,Electronics & Machinery,35109.5,35109.5,47397.8,47397.8,0.9191,91.91,26.0,1,11.0,17.0,22.0,6.0,USD,191.06,289313.26
VYG-2024-0429,1,REFERENCE-HANDYSIZE,Handysize,50000,48840,Keppel - (East Singapore),Mumbai (Bombay),2024-11-18T06:00:00+00:00,2024-11-26T13:35:24+00:00,2476.06,13.69,13.69,180.87,7.536,38200.0,10.54,38200.0,10.54,Dry Bulk,Minor Bulk Fertilizers,35972.2,35972.2,39569.4,39569.4,0.9417,94.17,26.0,1,11.0,18.0,6.0,0.0,USD,199.59,277060.5
VYG-2024-0430,2,REFERENCE-SUPRAMAX,Supramax,42440,47110,Stilis,Lamu,2024-11-20T23:00:00+00:00,2024-12-01T02:36:00+00:00,3176.87,14.22,14.22,223.41,9.309,58328.0,12.8,58328.0,12.8,Liquid Bulk,Clean Refined Products,55667.6,55667.6,65687.8,65687.8,0.9544,95.44,33.0,1,11.0,20.0,23.0,2.0,USD,243.6,543154.95
VYG-2024-0431,2,REFERENCE-SUPRAMAX,Supramax,57461,7780,Siam Seaport,Jersey City,2024-11-23T16:00:00+00:00,2024-12-29T07:20:24+00:00,11645.68,14.14,14.14,823.6,34.317,58328.0,12.8,58328.0,12.8,Dry Bulk,Agricultural Tapioca & Rice,45831.7,45831.7,58664.6,58664.6,0.7858,78.58,33.0,1,11.0,23.0,16.0,5.0,USD,855.34,1506265.47
VYG-2024-0432,2,REFERENCE-SUPRAMAX,Supramax,31140,7780,Rotterdam,Jersey City,2024-11-24T06:00:00+00:00,2024-12-05T14:43:48+00:00,3408.53,13.92,13.92,244.87,10.203,58328.0,12.8,58328.0,12.8,General Cargo,High-Value Industrial Goods,48635.9,48635.9,68090.3,68090.3,0.8338,83.38,33.0,1,11.0,24.0,6.0,6.0,USD,272.73,478729.86
VYG-2024-0433,4,REFERENCE-CAPESIZE,Capesize,54620,60140,Port Hedland,Qingdao Gang,2024-11-24T08:00:00+00:00,2024-12-05T15:12:00+00:00,3401.83,13.59,13.59,250.32,10.43,182000.0,18.2,182000.0,18.2,Dry Bulk,Pilbara Iron Ore Fines,142240.1,142240.1,59740.8,59740.8,0.7815,78.15,52.0,1,11.0,24.0,8.0,6.0,USD,271.2,790598.32
VYG-2024-0434,4,REFERENCE-CAPESIZE,Capesize,54605,59970,Dampier,Shanghai,2024-11-25T23:00:00+00:00,2024-12-06T21:24:36+00:00,3279.42,14.0,14.0,234.24,9.76,182000.0,18.2,182000.0,18.2,Dry Bulk,Iron Ore,162370.0,162370.0,73066.5,73066.5,0.8921,89.21,52.0,1,11.0,25.0,23.0,0.0,USD,262.41,789037.19
VYG-2024-0435,2,REFERENCE-SUPRAMAX,Supramax,12970,31140,Santos,Rotterdam,2024-11-26T02:00:00+00:00,2024-12-14T10:52:48+00:00,5516.85,14.27,14.27,386.6,16.108,58328.0,12.8,58328.0,12.8,Dry Bulk,Agricultural Grain & Soybeans,54086.0,54086.0,67607.5,67607.5,0.9273,92.73,33.0,1,11.0,26.0,2.0,1.0,USD,440.88,739620.93
VYG-2024-0436,4,REFERENCE-CAPESIZE,Capesize,12855,60140,Tubarao,Qingdao Gang,2024-11-26T06:00:00+00:00,2024-12-31T14:38:24+00:00,11216.78,14.11,14.11,794.95,33.123,182000.0,18.2,182000.0,18.2,Dry Bulk,High-Grade Carajas Iron Ore,137961.0,137961.0,55184.4,55184.4,0.758,75.8,52.0,1,11.0,26.0,6.0,1.0,USD,848.64,2156131.21
VYG-2024-0437,2,REFERENCE-SUPRAMAX,Supramax,9240,31250,Houston,Antwerpen,2024-11-28T19:00:00+00:00,2024-12-14T21:16:12+00:00,4788.68,13.85,13.85,345.75,14.406,58328.0,12.8,58328.0,12.8,General Cargo,Petrochemical Intermediates,43803.0,43803.0,50373.4,50373.4,0.751,75.1,33.0,1,11.0,28.0,19.0,3.0,USD,386.27,620113.88
VYG-2024-0438,2,REFERENCE-SUPRAMAX,Supramax,54620,48840,Port Hedland,Mumbai (Bombay),2024-11-29T11:00:00+00:00,2024-12-11T21:43:48+00:00,3855.93,13.87,13.87,278.01,11.584,58328.0,12.8,58328.0,12.8,Dry Bulk,Premium Hard Coking Coal,42730.8,42730.8,52131.6,52131.6,0.7326,73.26,33.0,1,11.0,29.0,11.0,4.0,USD,298.73,510781.72
VYG-2024-0439,2,REFERENCE-SUPRAMAX,Supramax,50000,31140,Keppel - (East Singapore),Rotterdam,2024-11-29T21:00:00+00:00,2024-12-25T14:54:36+00:00,8238.84,13.85,13.85,594.86,24.786,58328.0,12.8,58328.0,12.8,General Cargo,Containerized Freight,42547.2,42547.2,63820.8,63820.8,0.7294,72.94,33.0,1,11.0,29.0,21.0,4.0,USD,617.91,1165083.78
VYG-2024-0440,2,REFERENCE-SUPRAMAX,Supramax,50000,59970,Keppel - (East Singapore),Shanghai,2024-11-29T22:00:00+00:00,2024-12-07T11:21:00+00:00,2219.49,13.91,13.91,159.56,6.648,58328.0,12.8,58328.0,12.8,General Cargo,Electronics & Machinery,49862.5,49862.5,67314.4,67314.4,0.8549,85.49,33.0,1,11.0,29.0,22.0,4.0,USD,181.35,347802.95
VYG-2024-0441,1,REFERENCE-HANDYSIZE,Handysize,50000,48840,Keppel - (East Singapore),Mumbai (Bombay),2024-12-01T19:00:00+00:00,2024-12-10T08:27:36+00:00,2486.64,13.61,13.61,182.71,7.613,38200.0,10.54,38200.0,10.54,Dry Bulk,Minor Bulk Fertilizers,36001.9,36001.9,39602.1,39602.1,0.9425,94.25,26.0,1,12.0,1.0,19.0,6.0,USD,205.46,283503.97
VYG-2024-0442,2,REFERENCE-SUPRAMAX,Supramax,42440,47110,Stilis,Lamu,2024-12-02T03:00:00+00:00,2024-12-12T13:21:00+00:00,3151.06,13.97,13.97,225.56,9.398,58328.0,12.8,58328.0,12.8,Liquid Bulk,Clean Refined Products,53526.1,53526.1,63160.8,63160.8,0.9177,91.77,33.0,1,12.0,2.0,3.0,0.0,USD,250.35,551403.69
VYG-2024-0443,2,REFERENCE-SUPRAMAX,Supramax,57461,7780,Siam Seaport,Jersey City,2024-12-06T00:00:00+00:00,2025-01-12T06:43:48+00:00,11502.08,13.29,13.29,865.47,36.061,58328.0,12.8,58328.0,12.8,Dry Bulk,Agricultural Tapioca & Rice,45618.9,45618.9,58392.2,58392.2,0.7821,78.21,33.0,1,12.0,6.0,0.0,4.0,USD,894.73,1481128.74
VYG-2024-0444,1,REFERENCE-HANDYSIZE,Handysize,31140,7780,Rotterdam,Jersey City,2024-12-08T14:00:00+00:00,2024-12-20T19:50:24+00:00,3390.64,13.68,13.68,247.85,10.327,38200.0,10.54,38200.0,10.54,General Cargo,High-Value Industrial Goods,34785.1,34785.1,48699.1,48699.1,0.9106,91.06,26.0,1,12.0,8.0,14.0,6.0,USD,293.84,419010.05
VYG-2024-0445,4,REFERENCE-CAPESIZE,Capesize,54620,60140,Port Hedland,Qingdao Gang,2024-12-10T20:00:00+00:00,2024-12-22T01:40:12+00:00,3434.87,13.88,13.88,247.47,10.311,182000.0,18.2,182000.0,18.2,Dry Bulk,Pilbara Iron Ore Fines,163064.4,163064.4,68487.0,68487.0,0.896,89.6,52.0,1,12.0,10.0,20.0,1.0,USD,269.67,831972.07
VYG-2024-0446,3,REFERENCE-PANAMAX,Panamax,54605,59970,Dampier,Shanghai,2024-12-11T20:00:00+00:00,2024-12-22T21:15:00+00:00,3242.72,13.43,13.43,241.45,10.06,82500.0,14.43,82500.0,14.43,Dry Bulk,Iron Ore,65249.4,65249.4,29362.2,29362.2,0.7909,79.09,33.0,1,12.0,11.0,20.0,2.0,USD,265.25,514639.37
VYG-2024-0447,2,REFERENCE-SUPRAMAX,Supramax,12970,31140,Santos,Rotterdam,2024-12-12T11:00:00+00:00,2024-12-29T18:58:48+00:00,5448.69,13.82,13.82,394.26,16.427,58328.0,12.8,58328.0,12.8,Dry Bulk,Agricultural Grain & Soybeans,49058.6,49058.6,61323.2,61323.2,0.8411,84.11,33.0,1,12.0,12.0,11.0,3.0,USD,415.98,667687.85
VYG-2024-0448,4,REFERENCE-CAPESIZE,Capesize,12855,60140,Tubarao,Qingdao Gang,2024-12-12T12:00:00+00:00,2025-01-17T17:32:24+00:00,11340.09,14.05,14.05,807.12,33.63,182000.0,18.2,182000.0,18.2,Dry Bulk,High-Grade Carajas Iron Ore,156510.1,156510.1,62604.0,62604.0,0.8599,85.99,52.0,1,12.0,12.0,12.0,3.0,USD,869.54,2256625.13
VYG-2024-0449,1,REFERENCE-HANDYSIZE,Handysize,9240,31250,Houston,Antwerpen,2024-12-13T14:00:00+00:00,2024-12-29T22:49:12+00:00,4835.34,13.76,13.76,351.41,14.642,38200.0,10.54,38200.0,10.54,General Cargo,Petrochemical Intermediates,32549.6,32549.6,37432.0,37432.0,0.8521,85.21,26.0,1,12.0,13.0,14.0,4.0,USD,392.82,516223.49
VYG-2024-0450,2,REFERENCE-SUPRAMAX,Supramax,54620,48840,Port Hedland,Mumbai (Bombay),2024-12-16T16:00:00+00:00,2024-12-28T18:37:12+00:00,3882.86,14.23,14.23,272.86,11.369,58328.0,12.8,58328.0,12.8,Dry Bulk,Premium Hard Coking Coal,52305.8,52305.8,63813.1,63813.1,0.8968,89.68,33.0,1,12.0,16.0,16.0,0.0,USD,290.62,501199.52
VYG-2024-0451,2,REFERENCE-SUPRAMAX,Supramax,50000,31140,Keppel - (East Singapore),Rotterdam,2024-12-17T02:00:00+00:00,2025-01-11T05:31:12+00:00,8300.65,14.4,14.4,576.43,24.018,58328.0,12.8,58328.0,12.8,General Cargo,Containerized Freight,52906.3,52906.3,79359.5,79359.5,0.907,90.7,33.0,1,12.0,17.0,2.0,1.0,USD,603.52,1225785.66
VYG-2024-0452,1,REFERENCE-HANDYSIZE,Handysize,50000,59970,Keppel - (East Singapore),Shanghai,2024-12-18T10:00:00+00:00,2024-12-25T22:46:12+00:00,2237.96,14.05,14.05,159.29,6.637,38200.0,10.54,38200.0,10.54,General Cargo,Electronics & Machinery,33709.6,33709.6,45508.0,45508.0,0.8825,88.25,26.0,1,12.0,18.0,10.0,2.0,USD,180.77,269656.32
VYG-2024-0453,2,REFERENCE-SUPRAMAX,Supramax,50000,48840,Keppel - (East Singapore),Mumbai (Bombay),2024-12-18T19:00:00+00:00,2024-12-26T21:27:36+00:00,2431.07,13.81,13.81,176.04,7.335,58328.0,12.8,58328.0,12.8,Dry Bulk,Minor Bulk Fertilizers,55124.5,55124.5,60637.0,60637.0,0.9451,94.51,33.0,1,12.0,18.0,19.0,2.0,USD,194.46,350661.37
VYG-2024-0454,2,REFERENCE-SUPRAMAX,Supramax,42440,47110,Stilis,Lamu,2024-12-21T08:00:00+00:00,2024-12-31T13:24:00+00:00,3133.29,13.83,13.83,226.56,9.44,58328.0,12.8,58328.0,12.8,Liquid Bulk,Clean Refined Products,45338.4,45338.4,53499.3,53499.3,0.7773,77.73,33.0,1,12.0,21.0,8.0,5.0,USD,245.4,532657.2
VYG-2024-0455,1,REFERENCE-HANDYSIZE,Handysize,57461,7780,Siam Seaport,Jersey City,2024-12-23T01:00:00+00:00,2025-01-28T11:58:12+00:00,11325.41,13.47,13.47,840.79,35.033,38200.0,10.54,38200.0,10.54,Dry Bulk,Agricultural Tapioca & Rice,30284.5,30284.5,38764.2,38764.2,0.7928,79.28,26.0,1,12.0,23.0,1.0,0.0,USD,874.97,1174992.61
VYG-2024-0456,2,REFERENCE-SUPRAMAX,Supramax,31140,7780,Rotterdam,Jersey City,2024-12-25T17:00:00+00:00,2025-01-05T18:13:48+00:00,3401.33,14.25,14.25,238.69,9.945,58328.0,12.8,58328.0,12.8,General Cargo,High-Value Industrial Goods,51616.6,51616.6,72263.2,72263.2,0.8849,88.49,33.0,1,12.0,25.0,17.0,2.0,USD,265.23,472102.86
VYG-2024-0457,4,REFERENCE-CAPESIZE,Capesize,54620,60140,Port Hedland,Qingdao Gang,2024-12-25T19:00:00+00:00,2025-01-05T10:01:12+00:00,3415.48,14.62,14.62,233.62,9.734,182000.0,18.2,182000.0,18.2,Dry Bulk,Pilbara Iron Ore Fines,151043.8,151043.8,63438.4,63438.4,0.8299,82.99,52.0,1,12.0,25.0,19.0,2.0,USD,255.02,797347.92
VYG-2024-0458,3,REFERENCE-PANAMAX,Panamax,54605,59970,Dampier,Shanghai,2024-12-25T19:00:00+00:00,2025-01-05T08:34:48+00:00,3264.65,14.07,14.07,232.03,9.668,82500.0,14.43,82500.0,14.43,Dry Bulk,Iron Ore,60413.1,60413.1,27185.9,27185.9,0.7323,73.23,33.0,1,12.0,25.0,19.0,2.0,USD,253.58,523575.62
VYG-2024-0459,2,REFERENCE-SUPRAMAX,Supramax,12970,31140,Santos,Rotterdam,2024-12-26T22:00:00+00:00,2025-01-14T01:35:24+00:00,5567.18,13.52,13.52,411.77,17.157,58328.0,12.8,58328.0,12.8,Dry Bulk,Agricultural Grain & Soybeans,46167.1,46167.1,57708.9,57708.9,0.7915,79.15,33.0,1,12.0,26.0,22.0,3.0,USD,435.59,680547.38
VYG-2024-0460,4,REFERENCE-CAPESIZE,Capesize,12855,60140,Tubarao,Qingdao Gang,2024-12-29T15:00:00+00:00,2025-02-02T15:22:12+00:00,11268.0,14.2,14.2,793.52,33.063,182000.0,18.2,182000.0,18.2,Dry Bulk,High-Grade Carajas Iron Ore,150200.2,150200.2,60080.1,60080.1,0.8253,82.53,52.0,1,12.0,29.0,15.0,6.0,USD,840.37,2243590.13
VYG-2024-0461,1,REFERENCE-HANDYSIZE,Handysize,9240,31250,Houston,Antwerpen,2024-12-31T02:00:00+00:00,2025-01-15T19:13:48+00:00,4799.44,14.06,14.06,341.35,14.223,38200.0,10.54,38200.0,10.54,General Cargo,Petrochemical Intermediates,31492.2,31492.2,36216.0,36216.0,0.8244,82.44,26.0,1,12.0,31.0,2.0,1.0,USD,377.23,507858.87
VYG-2025-0462,2,REFERENCE-SUPRAMAX,Supramax,54620,48840,Port Hedland,Mumbai (Bombay),2025-01-02T18:00:00+00:00,2025-01-14T17:52:12+00:00,3906.89,14.66,14.66,266.5,11.104,58328.0,12.8,58328.0,12.8,Dry Bulk,Premium Hard Coking Coal,49334.2,49334.2,60187.7,60187.7,0.8458,84.58,33.0,1,1.0,2.0,18.0,3.0,USD,287.87,547732.48
VYG-2025-0463,2,REFERENCE-SUPRAMAX,Supramax,50000,31140,Keppel - (East Singapore),Rotterdam,2025-01-03T09:00:00+00:00,2025-01-29T22:06:36+00:00,8268.04,13.85,13.85,596.97,24.874,58328.0,12.8,58328.0,12.8,General Cargo,Containerized Freight,47386.5,47386.5,71079.8,71079.8,0.8124,81.24,33.0,1,1.0,3.0,9.0,4.0,USD,637.11,1226864.56
VYG-2025-0464,1,REFERENCE-HANDYSIZE,Handysize,50000,59970,Keppel - (East Singapore),Shanghai,2025-01-03T19:00:00+00:00,2025-01-11T14:22:48+00:00,2247.71,13.69,13.69,164.19,6.841,38200.0,10.54,38200.0,10.54,General Cargo,Electronics & Machinery,31758.0,31758.0,42873.3,42873.3,0.8314,83.14,26.0,1,1.0,3.0,19.0,4.0,USD,187.38,259475.81
VYG-2025-0465,1,REFERENCE-HANDYSIZE,Handysize,50000,48840,Keppel - (East Singapore),Mumbai (Bombay),2025-01-06T22:00:00+00:00,2025-01-15T21:40:48+00:00,2491.24,14.33,14.33,173.85,7.244,38200.0,10.54,38200.0,10.54,Dry Bulk,Minor Bulk Fertilizers,28680.7,28680.7,31548.8,31548.8,0.7508,75.08,26.0,1,1.0,6.0,22.0,0.0,USD,215.68,326535.32
VYG-2025-0466,2,REFERENCE-SUPRAMAX,Supramax,42440,47110,Stilis,Lamu,2025-01-09T12:00:00+00:00,2025-01-20T04:39:00+00:00,3146.45,13.83,13.83,227.51,9.48,58328.0,12.8,58328.0,12.8,Liquid Bulk,Clean Refined Products,53545.6,53545.6,63183.8,63183.8,0.918,91.8,33.0,1,1.0,9.0,12.0,3.0,USD,256.65,557909.85
VYG-2025-0467,1,REFERENCE-HANDYSIZE,Handysize,57461,7780,Siam Seaport,Jersey City,2025-01-10T03:00:00+00:00,2025-02-14T04:44:24+00:00,11388.33,14.01,14.01,812.87,33.87,38200.0,10.54,38200.0,10.54,Dry Bulk,Agricultural Tapioca & Rice,36420.5,36420.5,46618.2,46618.2,0.9534,95.34,26.0,1,1.0,10.0,3.0,4.0,USD,841.74,1204449.82
VYG-2025-0468,2,REFERENCE-SUPRAMAX,Supramax,31140,7780,Rotterdam,Jersey City,2025-01-11T06:00:00+00:00,2025-01-22T15:52:48+00:00,3403.24,13.96,13.96,243.79,10.158,58328.0,12.8,58328.0,12.8,General Cargo,High-Value Industrial Goods,46798.4,46798.4,65517.8,65517.8,0.8023,80.23,33.0,1,1.0,11.0,6.0,5.0,USD,273.88,495191.0
VYG-2025-0469,3,REFERENCE-PANAMAX,Panamax,54620,60140,Port Hedland,Qingdao Gang,2025-01-11T14:00:00+00:00,2025-01-23T04:41:24+00:00,3371.97,13.12,13.12,257.01,10.709,82500.0,14.43,82500.0,14.43,Dry Bulk,Pilbara Iron Ore Fines,76009.0,76009.0,31923.8,31923.8,0.9213,92.13,33.0,1,1.0,11.0,14.0,5.0,USD,278.69,534017.11
VYG-2025-0470,4,REFERENCE-CAPESIZE,Capesize,54605,59970,Dampier,Shanghai,2025-01-13T08:00:00+00:00,2025-01-24T03:30:36+00:00,3320.39,14.08,14.08,235.82,9.826,182000.0,18.2,182000.0,18.2,Dry Bulk,Iron Ore,158640.5,158640.5,71388.2,71388.2,0.8717,87.17,52.0,1,1.0,13.0,8.0,0.0,USD,259.51,819675.1
VYG-2025-0471,3,REFERENCE-PANAMAX,Panamax,12970,31140,Santos,Rotterdam,2025-01-13T09:00:00+00:00,2025-01-31T05:06:36+00:00,5532.42,13.57,13.57,407.69,16.987,82500.0,14.43,82500.0,14.43,Dry Bulk,Agricultural Grain & Soybeans,59746.5,59746.5,74683.1,74683.1,0.7242,72.42,33.0,1,1.0,13.0,9.0,0.0,USD,428.11,820282.08
VYG-2025-0472,4,REFERENCE-CAPESIZE,Capesize,12855,60140,Tubarao,Qingdao Gang,2025-01-15T12:00:00+00:00,2025-02-19T20:21:00+00:00,11105.43,14.17,14.17,783.73,32.655,182000.0,18.2,182000.0,18.2,Dry Bulk,High-Grade Carajas Iron Ore,132202.3,132202.3,52880.9,52880.9,0.7264,72.64,52.0,1,1.0,15.0,12.0,2.0,USD,848.35,2340831.73
VYG-2025-0473,1,REFERENCE-HANDYSIZE,Handysize,9240,31250,Houston,Antwerpen,2025-01-18T20:00:00+00:00,2025-02-04T09:36:00+00:00,4863.39,13.73,13.73,354.22,14.759,38200.0,10.54,38200.0,10.54,General Cargo,Petrochemical Intermediates,30307.7,30307.7,34853.9,34853.9,0.7934,79.34,26.0,1,1.0,18.0,20.0,5.0,USD,397.6,516591.97
VYG-2025-0474,2,REFERENCE-SUPRAMAX,Supramax,54620,48840,Port Hedland,Mumbai (Bombay),2025-01-19T07:00:00+00:00,2025-02-01T03:33:00+00:00,3976.53,14.31,14.31,277.88,11.578,58328.0,12.8,58328.0,12.8,Dry Bulk,Premium Hard Coking Coal,52935.6,52935.6,64581.4,64581.4,0.9076,90.76,33.0,1,1.0,19.0,7.0,6.0,USD,308.55,556331.88
VYG-2025-0475,2,REFERENCE-SUPRAMAX,Supramax,50000,31140,Keppel - (East Singapore),Rotterdam,2025-01-24T09:00:00+00:00,2025-02-19T11:53:24+00:00,8336.87,13.84,13.84,602.38,25.099,58328.0,12.8,58328.0,12.8,General Cargo,Containerized Freight,52839.2,52839.2,79258.8,79258.8,0.9059,90.59,33.0,1,1.0,24.0,9.0,4.0,USD,626.89,1179725.01
VYG-2025-0476,2,REFERENCE-SUPRAMAX,Supramax,50000,59970,Keppel - (East Singapore),Shanghai,2025-01-28T13:00:00+00:00,2025-02-04T23:41:24+00:00,2252.07,14.41,14.41,156.29,6.512,58328.0,12.8,58328.0,12.8,General Cargo,Electronics & Machinery,54760.0,54760.0,73926.0,73926.0,0.9388,93.88,33.0,1,1.0,28.0,13.0,1.0,USD,178.69,354691.86
VYG-2025-0477,1,REFERENCE-HANDYSIZE,Handysize,50000,48840,Keppel - (East Singapore),Mumbai (Bombay),2025-01-30T15:00:00+00:00,2025-02-07T16:49:48+00:00,2482.38,14.0,14.0,177.31,7.388,38200.0,10.54,38200.0,10.54,Dry Bulk,Minor Bulk Fertilizers,36012.0,36012.0,39613.2,39613.2,0.9427,94.27,26.0,1,1.0,30.0,15.0,3.0,USD,193.83,282543.91
VYG-2025-0478,2,REFERENCE-SUPRAMAX,Supramax,42440,47110,Stilis,Lamu,2025-01-30T21:00:00+00:00,2025-02-10T19:41:24+00:00,3160.26,14.07,14.07,224.61,9.359,58328.0,12.8,58328.0,12.8,Liquid Bulk,Clean Refined Products,44358.4,44358.4,52342.9,52342.9,0.7605,76.05,33.0,1,1.0,30.0,21.0,3.0,USD,262.69,571672.6
VYG-2025-0479,1,REFERENCE-HANDYSIZE,Handysize,57461,7780,Siam Seaport,Jersey City,2025-01-31T19:00:00+00:00,2025-03-09T13:53:24+00:00,11533.28,13.54,13.54,851.79,35.491,38200.0,10.54,38200.0,10.54,Dry Bulk,Agricultural Tapioca & Rice,32223.5,32223.5,41246.1,41246.1,0.8435,84.35,26.0,1,1.0,31.0,19.0,4.0,USD,882.89,1226437.49
VYG-2025-0480,1,REFERENCE-HANDYSIZE,Handysize,31140,7780,Rotterdam,Jersey City,2025-02-01T22:00:00+00:00,2025-02-13T23:05:24+00:00,3449.26,13.68,13.68,252.14,10.506,38200.0,10.54,38200.0,10.54,General Cargo,High-Value Industrial Goods,32429.7,32429.7,45401.6,45401.6,0.8489,84.89,26.0,1,2.0,1.0,22.0,5.0,USD,289.09,392185.65
VYG-2025-0481,3,REFERENCE-PANAMAX,Panamax,54620,60140,Port Hedland,Qingdao Gang,2025-02-04T07:00:00+00:00,2025-02-15T10:31:48+00:00,3353.52,13.51,13.51,248.23,10.343,82500.0,14.43,82500.0,14.43,Dry Bulk,Pilbara Iron Ore Fines,67810.7,67810.7,28480.5,28480.5,0.8219,82.19,33.0,1,2.0,4.0,7.0,1.0,USD,267.53,537794.01
VYG-2025-0482,3,REFERENCE-PANAMAX,Panamax,54605,59970,Dampier,Shanghai,2025-02-05T16:00:00+00:00,2025-02-17T07:26:24+00:00,3275.54,13.34,13.34,245.54,10.231,82500.0,14.43,82500.0,14.43,Dry Bulk,Iron Ore,61519.2,61519.2,27683.6,27683.6,0.7457,74.57,33.0,1,2.0,5.0,16.0,2.0,USD,279.44,552911.38
VYG-2025-0483,3,REFERENCE-PANAMAX,Panamax,12970,31140,Santos,Rotterdam,2025-02-07T00:00:00+00:00,2025-02-25T06:58:12+00:00,5443.17,13.54,13.54,402.01,16.75,82500.0,14.43,82500.0,14.43,Dry Bulk,Agricultural Grain & Soybeans,68295.6,68295.6,85369.5,85369.5,0.8278,82.78,33.0,1,2.0,7.0,0.0,4.0,USD,438.97,849030.93
VYG-2025-0484,4,REFERENCE-CAPESIZE,Capesize,12855,60140,Tubarao,Qingdao Gang,2025-02-08T02:00:00+00:00,2025-03-16T09:18:00+00:00,11124.9,13.73,13.73,810.26,33.761,182000.0,18.2,182000.0,18.2,Dry Bulk,High-Grade Carajas Iron Ore,165606.7,165606.7,66242.7,66242.7,0.9099,90.99,52.0,1,2.0,8.0,2.0,5.0,USD,871.3,2231994.92
VYG-2025-0485,2,REFERENCE-SUPRAMAX,Supramax,9240,31250,Houston,Antwerpen,2025-02-08T21:00:00+00:00,2025-02-25T15:26:24+00:00,4888.28,13.6,13.6,359.43,14.976,58328.0,12.8,58328.0,12.8,General Cargo,Petrochemical Intermediates,43500.3,43500.3,50025.3,50025.3,0.7458,74.58,33.0,1,2.0,8.0,21.0,5.0,USD,402.44,664160.77
VYG-2025-0486,2,REFERENCE-SUPRAMAX,Supramax,54620,48840,Port Hedland,Mumbai (Bombay),2025-02-10T17:00:00+00:00,2025-02-23T19:38:24+00:00,3972.25,13.79,13.79,288.05,12.002,58328.0,12.8,58328.0,12.8,Dry Bulk,Premium Hard Coking Coal,45311.0,45311.0,55279.4,55279.4,0.7768,77.68,33.0,1,2.0,10.0,17.0,0.0,USD,314.64,540508.79
VYG-2025-0487,1,REFERENCE-HANDYSIZE,Handysize,50000,31140,Keppel - (East Singapore),Rotterdam,2025-02-13T18:00:00+00:00,2025-03-11T20:23:24+00:00,8348.68,13.85,13.85,602.79,25.116,38200.0,10.54,38200.0,10.54,General Cargo,Containerized Freight,30972.4,30972.4,46458.6,46458.6,0.8108,81.08,26.0,1,2.0,13.0,18.0,3.0,USD,626.39,1005246.93
VYG-2025-0488,1,REFERENCE-HANDYSIZE,Handysize,50000,59970,Keppel - (East Singapore),Shanghai,2025-02-14T14:00:00+00:00,2025-02-22T05:24:00+00:00,2259.28,13.77,13.77,164.07,6.836,38200.0,10.54,38200.0,10.54,General Cargo,Electronics & Machinery,34173.5,34173.5,46134.2,46134.2,0.8946,89.46,26.0,1,2.0,14.0,14.0,4.0,USD,183.4,269704.55
VYG-2025-0489,2,REFERENCE-SUPRAMAX,Supramax,50000,48840,Keppel - (East Singapore),Mumbai (Bombay),2025-02-17T10:00:00+00:00,2025-02-25T15:52:12+00:00,2455.94,13.73,13.73,178.87,7.453,58328.0,12.8,58328.0,12.8,Dry Bulk,Minor Bulk Fertilizers,50917.6,50917.6,56009.4,56009.4,0.873,87.3,33.0,1,2.0,17.0,10.0,0.0,USD,197.87,372522.12
VYG-2025-0490,1,REFERENCE-HANDYSIZE,Handysize,42440,47110,Stilis,Lamu,2025-02-17T10:00:00+00:00,2025-02-28T02:30:36+00:00,3114.36,13.6,13.6,229.0,9.542,38200.0,10.54,38200.0,10.54,Liquid Bulk,Clean Refined Products,35672.9,35672.9,42094.0,42094.0,0.9338,93.38,26.0,1,2.0,17.0,10.0,0.0,USD,256.51,448513.54
VYG-2025-0491,1,REFERENCE-HANDYSIZE,Handysize,57461,7780,Siam Seaport,Jersey City,2025-02-17T19:00:00+00:00,2025-03-24T22:16:48+00:00,11425.16,14.12,14.12,809.15,33.715,38200.0,10.54,38200.0,10.54,Dry Bulk,Agricultural Tapioca & Rice,29443.1,29443.1,37687.2,37687.2,0.7708,77.08,26.0,1,2.0,17.0,19.0,0.0,USD,843.28,1242251.67
VYG-2025-0492,2,REFERENCE-SUPRAMAX,Supramax,31140,7780,Rotterdam,Jersey City,2025-02-18T16:00:00+00:00,2025-03-01T23:03:00+00:00,3438.15,14.31,14.31,240.26,10.011,58328.0,12.8,58328.0,12.8,General Cargo,High-Value Industrial Goods,46803.0,46803.0,65524.2,65524.2,0.8024,80.24,33.0,1,2.0,18.0,16.0,1.0,USD,271.05,505509.67
VYG-2025-0493,3,REFERENCE-PANAMAX,Panamax,54620,60140,Port Hedland,Qingdao Gang,2025-02-20T14:00:00+00:00,2025-03-04T03:36:36+00:00,3384.15,13.47,13.47,251.24,10.468,82500.0,14.43,82500.0,14.43,Dry Bulk,Pilbara Iron Ore Fines,73617.7,73617.7,30919.4,30919.4,0.8923,89.23,33.0,1,2.0,20.0,14.0,3.0,USD,277.61,553712.17
VYG-2025-0494,4,REFERENCE-CAPESIZE,Capesize,54605,59970,Dampier,Shanghai,2025-02-21T04:00:00+00:00,2025-03-03T22:21:00+00:00,3236.92,13.97,13.97,231.71,9.655,182000.0,18.2,182000.0,18.2,Dry Bulk,Iron Ore,156296.6,156296.6,70333.5,70333.5,0.8588,85.88,52.0,1,2.0,21.0,4.0,4.0,USD,258.35,778495.17
VYG-2025-0495,3,REFERENCE-PANAMAX,Panamax,12970,31140,Santos,Rotterdam,2025-02-22T00:00:00+00:00,2025-03-11T07:33:00+00:00,5417.76,13.83,13.83,391.74,16.323,82500.0,14.43,82500.0,14.43,Dry Bulk,Agricultural Grain & Soybeans,79113.8,79113.8,98892.2,98892.2,0.959,95.9,33.0,1,2.0,22.0,0.0,5.0,USD,415.55,844923.36
VYG-2025-0496,4,REFERENCE-CAPESIZE,Capesize,12855,60140,Tubarao,Qingdao Gang,2025-02-26T01:00:00+00:00,2025-04-03T13:25:12+00:00,11402.3,13.9,13.9,820.31,34.18,182000.0,18.2,182000.0,18.2,Dry Bulk,High-Grade Carajas Iron Ore,156646.8,156646.8,62658.7,62658.7,0.8607,86.07,52.0,1,2.0,26.0,1.0,2.0,USD,876.42,2243444.33
VYG-2025-0497,1,REFERENCE-HANDYSIZE,Handysize,9240,31250,Houston,Antwerpen,2025-02-27T06:00:00+00:00,2025-03-15T11:25:12+00:00,4854.18,13.99,13.99,346.97,14.457,38200.0,10.54,38200.0,10.54,General Cargo,Petrochemical Intermediates,33344.8,33344.8,38346.5,38346.5,0.8729,87.29,26.0,1,2.0,27.0,6.0,3.0,USD,389.42,512957.97
VYG-2025-0498,2,REFERENCE-SUPRAMAX,Supramax,54620,48840,Port Hedland,Mumbai (Bombay),2025-02-27T08:00:00+00:00,2025-03-12T01:33:36+00:00,3940.52,13.96,13.96,282.27,11.761,58328.0,12.8,58328.0,12.8,Dry Bulk,Premium Hard Coking Coal,51941.2,51941.2,63368.3,63368.3,0.8905,89.05,33.0,1,2.0,27.0,8.0,3.0,USD,305.56,529383.42
VYG-2025-0499,2,REFERENCE-SUPRAMAX,Supramax,50000,31140,Keppel - (East Singapore),Rotterdam,2025-02-27T20:00:00+00:00,2025-03-25T17:15:36+00:00,8326.07,13.99,13.99,595.14,24.797,58328.0,12.8,58328.0,12.8,General Cargo,Containerized Freight,42064.3,42064.3,63096.5,63096.5,0.7212,72.12,33.0,1,2.0,27.0,20.0,3.0,USD,621.26,1190928.55
VYG-2025-0500,2,REFERENCE-SUPRAMAX,Supramax,50000,59970,Keppel - (East Singapore),Shanghai,2025-03-01T08:00:00+00:00,2025-03-08T22:49:12+00:00,2278.5,13.83,13.83,164.75,6.865,58328.0,12.8,58328.0,12.8,General Cargo,Electronics & Machinery,51581.4,51581.4,69634.9,69634.9,0.8843,88.43,33.0,1,3.0,1.0,8.0,5.0,USD,182.82,331021.75
VYG-2025-0501,2,REFERENCE-SUPRAMAX,Supramax,50000,48840,Keppel - (East Singapore),Mumbai (Bombay),2025-03-02T21:00:00+00:00,2025-03-12T13:24:00+00:00,2471.12,13.85,13.85,178.42,7.434,58328.0,12.8,58328.0,12.8,Dry Bulk,Minor Bulk Fertilizers,46188.2,46188.2,50807.0,50807.0,0.7919,79.19,33.0,1,3.0,2.0,21.0,6.0,USD,232.4,434315.07
VYG-2025-0502,2,REFERENCE-SUPRAMAX,Supramax,42440,47110,Stilis,Lamu,2025-03-03T14:00:00+00:00,2025-03-13T16:43:12+00:00,3130.73,14.03,14.03,223.15,9.298,58328.0,12.8,58328.0,12.8,Liquid Bulk,Clean Refined Products,50711.0,50711.0,59839.0,59839.0,0.8694,86.94,33.0,1,3.0,3.0,14.0,0.0,USD,242.72,548031.27
VYG-2025-0503,1,REFERENCE-HANDYSIZE,Handysize,57461,7780,Siam Seaport,Jersey City,2025-03-05T14:00:00+00:00,2025-04-10T12:30:00+00:00,11462.65,13.72,13.72,835.47,34.811,38200.0,10.54,38200.0,10.54,Dry Bulk,Agricultural Tapioca & Rice,27844.3,27844.3,35640.7,35640.7,0.7289,72.89,26.0,1,3.0,5.0,14.0,2.0,USD,862.5,1279945.77
VYG-2025-0504,1,REFERENCE-HANDYSIZE,Handysize,31140,7780,Rotterdam,Jersey City,2025-03-08T13:00:00+00:00,2025-03-19T21:46:48+00:00,3395.89,14.15,14.15,239.99,10.0,38200.0,10.54,38200.0,10.54,General Cargo,High-Value Industrial Goods,34885.3,34885.3,48839.4,48839.4,0.9132,91.32,26.0,1,3.0,8.0,13.0,5.0,USD,272.78,396401.98
VYG-2025-0505,4,REFERENCE-CAPESIZE,Capesize,54620,60140,Port Hedland,Qingdao Gang,2025-03-09T13:00:00+00:00,2025-03-20T14:12:00+00:00,3385.33,14.09,14.09,240.26,10.011,182000.0,18.2,182000.0,18.2,Dry Bulk,Pilbara Iron Ore Fines,152994.9,152994.9,64257.9,64257.9,0.8406,84.06,52.0,1,3.0,9.0,13.0,6.0,USD,265.2,821888.11
VYG-2025-0506,3,REFERENCE-PANAMAX,Panamax,54605,59970,Dampier,Shanghai,2025-03-12T19:00:00+00:00,2025-03-23T21:48:36+00:00,3235.62,13.5,13.5,239.68,9.987,82500.0,14.43,82500.0,14.43,Dry Bulk,Iron Ore,72951.8,72951.8,32828.3,32828.3,0.8843,88.43,33.0,1,3.0,12.0,19.0,2.0,USD,266.81,531564.28
VYG-2025-0507,3,REFERENCE-PANAMAX,Panamax,12970,31140,Santos,Rotterdam,2025-03-18T23:00:00+00:00,2025-04-06T11:20:24+00:00,5503.57,13.17,13.17,417.89,17.412,82500.0,14.43,82500.0,14.43,Dry Bulk,Agricultural Grain & Soybeans,61059.1,61059.1,76323.9,76323.9,0.7401,74.01,33.0,1,3.0,18.0,23.0,1.0,USD,444.34,827863.77
VYG-2025-0508,4,REFERENCE-CAPESIZE,Capesize,12855,60140,Tubarao,Qingdao Gang,2025-03-19T11:00:00+00:00,2025-04-24T21:12:36+00:00,11271.05,13.77,13.77,818.52,34.105,182000.0,18.2,182000.0,18.2,Dry Bulk,High-Grade Carajas Iron Ore,171855.5,171855.5,68742.2,68742.2,0.9443,94.43,52.0,1,3.0,19.0,11.0,2.0,USD,874.21,2324787.5
VYG-2025-0509,1,REFERENCE-HANDYSIZE,Handysize,9240,31250,Houston,Antwerpen,2025-03-19T19:00:00+00:00,2025-04-04T13:57:36+00:00,4868.02,13.94,13.94,349.21,14.55,38200.0,10.54,38200.0,10.54,General Cargo,Petrochemical Intermediates,35353.2,35353.2,40656.2,40656.2,0.9255,92.55,26.0,1,3.0,19.0,19.0,2.0,USD,378.96,523874.41
VYG-2025-0510,2,REFERENCE-SUPRAMAX,Supramax,54620,48840,Port Hedland,Mumbai (Bombay),2025-03-20T04:00:00+00:00,2025-04-01T16:45:00+00:00,3931.7,14.03,14.03,280.24,11.677,58328.0,12.8,58328.0,12.8,Dry Bulk,Premium Hard Coking Coal,54635.2,54635.2,66654.9,66654.9,0.9367,93.67,33.0,1,3.0,20.0,4.0,3.0,USD,300.75,530098.88
VYG-2025-0511,1,REFERENCE-HANDYSIZE,Handysize,50000,31140,Keppel - (East Singapore),Rotterdam,2025-03-21T07:00:00+00:00,2025-04-15T16:00:00+00:00,8312.33,14.26,14.26,582.91,24.288,38200.0,10.54,38200.0,10.54,General Cargo,Containerized Freight,28669.3,28669.3,43003.9,43003.9,0.7505,75.05,26.0,1,3.0,21.0,7.0,4.0,USD,609.0,1003673.55
VYG-2025-0512,1,REFERENCE-HANDYSIZE,Handysize,50000,59970,Keppel - (East Singapore),Shanghai,2025-03-23T23:00:00+00:00,2025-03-31T12:24:36+00:00,2212.11,13.9,13.9,159.14,6.631,38200.0,10.54,38200.0,10.54,General Cargo,Electronics & Machinery,30792.8,30792.8,41570.3,41570.3,0.8061,80.61,26.0,1,3.0,23.0,23.0,6.0,USD,181.41,278830.06
VYG-2025-0513,1,REFERENCE-HANDYSIZE,Handysize,50000,48840,Keppel - (East Singapore),Mumbai (Bombay),2025-03-25T08:00:00+00:00,2025-04-02T10:17:24+00:00,2458.31,14.29,14.29,172.03,7.168,38200.0,10.54,38200.0,10.54,Dry Bulk,Minor Bulk Fertilizers,30559.7,30559.7,33615.7,33615.7,0.8,80.0,26.0,1,3.0,25.0,8.0,1.0,USD,194.29,302287.87
VYG-2025-0514,2,REFERENCE-SUPRAMAX,Supramax,42440,47110,Stilis,Lamu,2025-03-26T10:00:00+00:00,2025-04-05T17:07:48+00:00,3148.42,13.92,13.92,226.18,9.424,58328.0,12.8,58328.0,12.8,Liquid Bulk,Clean Refined Products,44383.5,44383.5,52372.5,52372.5,0.7609,76.09,33.0,1,3.0,26.0,10.0,2.0,USD,247.13,543303.33
VYG-2025-0515,1,REFERENCE-HANDYSIZE,Handysize,57461,7780,Siam Seaport,Jersey City,2025-03-26T19:00:00+00:00,2025-05-02T04:40:48+00:00,11387.98,13.49,13.49,844.18,35.174,38200.0,10.54,38200.0,10.54,Dry Bulk,Agricultural Tapioca & Rice,36355.9,36355.9,46535.6,46535.6,0.9517,95.17,26.0,1,3.0,26.0,19.0,2.0,USD,873.68,1218089.94
VYG-2025-0516,2,REFERENCE-SUPRAMAX,Supramax,31140,7780,Rotterdam,Jersey City,2025-03-26T23:00:00+00:00,2025-04-07T11:45:36+00:00,3418.62,13.86,13.86,246.65,10.277,58328.0,12.8,58328.0,12.8,General Cargo,High-Value Industrial Goods,45321.7,45321.7,63450.4,63450.4,0.777,77.7,33.0,1,3.0,26.0,23.0,2.0,USD,276.76,498077.84
VYG-2025-0517,4,REFERENCE-CAPESIZE,Capesize,54620,60140,Port Hedland,Qingdao Gang,2025-03-29T00:00:00+00:00,2025-04-09T01:01:48+00:00,3374.98,14.1,14.1,239.36,9.973,182000.0,18.2,182000.0,18.2,Dry Bulk,Pilbara Iron Ore Fines,169233.7,169233.7,71078.2,71078.2,0.9299,92.99,52.0,1,3.0,29.0,0.0,5.0,USD,265.03,809272.98
VYG-2025-0518,3,REFERENCE-PANAMAX,Panamax,54605,59970,Dampier,Shanghai,2025-03-31T03:00:00+00:00,2025-04-11T07:25:12+00:00,3244.02,13.42,13.42,241.73,10.072,82500.0,14.43,82500.0,14.43,Dry Bulk,Iron Ore,61849.1,61849.1,27832.1,27832.1,0.7497,74.97,33.0,1,3.0,31.0,3.0,0.0,USD,268.42,544651.04
VYG-2025-0519,3,REFERENCE-PANAMAX,Panamax,12970,31140,Santos,Rotterdam,2025-04-01T05:00:00+00:00,2025-04-19T12:10:48+00:00,5520.1,13.2,13.2,418.19,17.425,82500.0,14.43,82500.0,14.43,Dry Bulk,Agricultural Grain & Soybeans,60430.1,60430.1,75537.6,75537.6,0.7325,73.25,33.0,1,4.0,1.0,5.0,1.0,USD,439.18,824560.51
VYG-2025-0520,4,REFERENCE-CAPESIZE,Capesize,12855,60140,Tubarao,Qingdao Gang,2025-04-04T06:00:00+00:00,2025-05-10T18:39:36+00:00,11202.85,13.81,13.81,811.21,33.8,182000.0,18.2,182000.0,18.2,Dry Bulk,High-Grade Carajas Iron Ore,147462.4,147462.4,58985.0,58985.0,0.8102,81.02,52.0,1,4.0,4.0,6.0,4.0,USD,876.66,2284716.64
VYG-2025-0521,1,REFERENCE-HANDYSIZE,Handysize,9240,31250,Houston,Antwerpen,2025-04-04T08:00:00+00:00,2025-04-18T20:32:24+00:00,4746.09,14.59,14.59,325.3,13.554,38200.0,10.54,38200.0,10.54,General Cargo,Petrochemical Intermediates,36498.7,36498.7,41973.5,41973.5,0.9555,95.55,26.0,1,4.0,4.0,8.0,4.0,USD,348.54,510453.46
VYG-2025-0522,3,REFERENCE-PANAMAX,Panamax,54620,48840,Port Hedland,Mumbai (Bombay),2025-04-04T10:00:00+00:00,2025-04-17T03:19:12+00:00,3921.46,13.65,13.65,287.29,11.97,82500.0,14.43,82500.0,14.43,Dry Bulk,Premium Hard Coking Coal,70096.3,70096.3,85517.5,85517.5,0.8497,84.97,33.0,1,4.0,4.0,10.0,4.0,USD,305.32,634670.5
VYG-2025-0523,1,REFERENCE-HANDYSIZE,Handysize,50000,31140,Keppel - (East Singapore),Rotterdam,2025-04-06T19:00:00+00:00,2025-05-02T13:11:24+00:00,8331.43,14.08,14.08,591.72,24.655,38200.0,10.54,38200.0,10.54,General Cargo,Containerized Freight,28069.4,28069.4,42104.1,42104.1,0.7348,73.48,26.0,1,4.0,6.0,19.0,6.0,USD,618.19,999268.73
VYG-2025-0524,2,REFERENCE-SUPRAMAX,Supramax,50000,59970,Keppel - (East Singapore),Shanghai,2025-04-06T21:00:00+00:00,2025-04-14T10:10:48+00:00,2242.38,14.04,14.04,159.71,6.655,58328.0,12.8,58328.0,12.8,General Cargo,Electronics & Machinery,53705.2,53705.2,72502.0,72502.0,0.9207,92.07,33.0,1,4.0,6.0,21.0,6.0,USD,181.18,344861.98
VYG-2025-0525,1,REFERENCE-HANDYSIZE,Handysize,50000,48840,Keppel - (East Singapore),Mumbai (Bombay),2025-04-07T03:00:00+00:00,2025-04-14T17:03:36+00:00,2455.81,15.01,15.01,163.61,6.817,38200.0,10.54,38200.0,10.54,Dry Bulk,Minor Bulk Fertilizers,28513.8,28513.8,31365.2,31365.2,0.7464,74.64,26.0,1,4.0,7.0,3.0,0.0,USD,182.06,297774.86
VYG-2025-0526,2,REFERENCE-SUPRAMAX,Supramax,42440,47110,Stilis,Lamu,2025-04-09T11:00:00+00:00,2025-04-19T20:28:12+00:00,3121.47,14.12,14.12,221.07,9.211,58328.0,12.8,58328.0,12.8,Liquid Bulk,Clean Refined Products,45404.0,45404.0,53576.7,53576.7,0.7784,77.84,33.0,1,4.0,9.0,11.0,2.0,USD,249.47,567668.77
VYG-2025-0527,2,REFERENCE-SUPRAMAX,Supramax,57461,7780,Siam Seaport,Jersey City,2025-04-10T12:00:00+00:00,2025-05-15T12:37:48+00:00,11274.81,13.96,13.96,807.65,33.652,58328.0,12.8,58328.0,12.8,Dry Bulk,Agricultural Tapioca & Rice,53040.4,53040.4,67891.7,67891.7,0.9093,90.93,33.0,1,4.0,10.0,12.0,3.0,USD,840.63,1557912.66
VYG-2025-0528,1,REFERENCE-HANDYSIZE,Handysize,31140,7780,Rotterdam,Jersey City,2025-04-11T01:00:00+00:00,2025-04-21T22:19:12+00:00,3400.71,14.09,14.09,241.36,10.057,38200.0,10.54,38200.0,10.54,General Cargo,High-Value Industrial Goods,30864.5,30864.5,43210.3,43210.3,0.808,80.8,26.0,1,4.0,11.0,1.0,4.0,USD,261.32,387413.82
VYG-2025-0529,3,REFERENCE-PANAMAX,Panamax,54620,60140,Port Hedland,Qingdao Gang,2025-04-12T07:00:00+00:00,2025-04-24T01:58:48+00:00,3385.92,12.94,12.94,261.66,10.903,82500.0,14.43,82500.0,14.43,Dry Bulk,Pilbara Iron Ore Fines,69167.0,69167.0,29050.1,29050.1,0.8384,83.84,33.0,1,4.0,12.0,7.0,5.0,USD,282.98,543376.91
VYG-2025-0530,3,REFERENCE-PANAMAX,Panamax,54605,59970,Dampier,Shanghai,2025-04-14T10:00:00+00:00,2025-04-25T08:53:24+00:00,3299.54,13.58,13.58,242.97,10.124,82500.0,14.43,82500.0,14.43,Dry Bulk,Iron Ore,74387.2,74387.2,33474.2,33474.2,0.9017,90.17,33.0,1,4.0,14.0,10.0,0.0,USD,262.89,548518.25
VYG-2025-0531,3,REFERENCE-PANAMAX,Panamax,12970,31140,Santos,Rotterdam,2025-04-16T16:00:00+00:00,2025-05-04T19:11:24+00:00,5439.18,13.2,13.2,412.06,17.169,82500.0,14.43,82500.0,14.43,Dry Bulk,Agricultural Grain & Soybeans,61689.0,61689.0,77111.2,77111.2,0.7477,74.77,33.0,1,4.0,16.0,16.0,2.0,USD,435.19,813889.75
VYG-2025-0532,4,REFERENCE-CAPESIZE,Capesize,12855,60140,Tubarao,Qingdao Gang,2025-04-16T21:00:00+00:00,2025-05-23T09:06:00+00:00,11327.32,13.98,13.98,810.25,33.76,182000.0,18.2,182000.0,18.2,Dry Bulk,High-Grade Carajas Iron Ore,133261.3,133261.3,53304.5,53304.5,0.7322,73.22,52.0,1,4.0,16.0,21.0,2.0,USD,876.1,2427953.15
VYG-2025-0533,1,REFERENCE-HANDYSIZE,Handysize,9240,31250,Houston,Antwerpen,2025-04-17T03:00:00+00:00,2025-05-02T03:59:24+00:00,4776.8,14.2,14.2,336.39,14.016,38200.0,10.54,38200.0,10.54,General Cargo,Petrochemical Intermediates,30846.3,30846.3,35473.2,35473.2,0.8075,80.75,26.0,1,4.0,17.0,3.0,3.0,USD,360.99,526899.27
VYG-2025-0534,3,REFERENCE-PANAMAX,Panamax,54620,48840,Port Hedland,Mumbai (Bombay),2025-04-18T12:00:00+00:00,2025-05-01T08:28:48+00:00,3882.89,13.46,13.46,288.48,12.02,82500.0,14.43,82500.0,14.43,Dry Bulk,Premium Hard Coking Coal,61429.4,61429.4,74943.9,74943.9,0.7446,74.46,33.0,1,4.0,18.0,12.0,4.0,USD,308.48,624007.84
VYG-2025-0535,1,REFERENCE-HANDYSIZE,Handysize,50000,31140,Keppel - (East Singapore),Rotterdam,2025-04-19T02:00:00+00:00,2025-05-14T19:03:00+00:00,8251.49,13.94,13.94,591.93,24.664,38200.0,10.54,38200.0,10.54,General Cargo,Containerized Freight,34146.7,34146.7,51220.0,51220.0,0.8939,89.39,26.0,1,4.0,19.0,2.0,5.0,USD,617.05,1015072.72
VYG-2025-0536,2,REFERENCE-SUPRAMAX,Supramax,50000,59970,Keppel - (East Singapore),Shanghai,2025-04-21T09:00:00+00:00,2025-04-28T16:22:12+00:00,2255.06,14.71,14.71,153.3,6.388,58328.0,12.8,58328.0,12.8,General Cargo,Electronics & Machinery,42185.3,42185.3,56950.2,56950.2,0.7232,72.32,33.0,1,4.0,21.0,9.0,0.0,USD,175.37,370270.74
VYG-2025-0537,1,REFERENCE-HANDYSIZE,Handysize,50000,48840,Keppel - (East Singapore),Mumbai (Bombay),2025-04-22T07:00:00+00:00,2025-04-30T08:44:24+00:00,2476.14,14.41,14.41,171.83,7.16,38200.0,10.54,38200.0,10.54,Dry Bulk,Minor Bulk Fertilizers,33442.3,33442.3,36786.5,36786.5,0.8755,87.55,26.0,1,4.0,22.0,7.0,1.0,USD,193.74,314851.21
VYG-2025-0538,2,REFERENCE-SUPRAMAX,Supramax,42440,47110,Stilis,Lamu,2025-04-22T21:00:00+00:00,2025-05-03T04:30:36+00:00,3112.0,14.28,14.28,217.93,9.08,58328.0,12.8,58328.0,12.8,Liquid Bulk,Clean Refined Products,51551.7,51551.7,60831.0,60831.0,0.8838,88.38,33.0,1,4.0,22.0,21.0,1.0,USD,247.51,542580.14
VYG-2025-0539,1,REFERENCE-HANDYSIZE,Handysize,57461,7780,Siam Seaport,Jersey City,2025-04-22T22:00:00+00:00,2025-05-28T08:22:48+00:00,11417.96,13.89,13.89,822.03,34.251,38200.0,10.54,38200.0,10.54,Dry Bulk,Agricultural Tapioca & Rice,31727.8,31727.8,40611.6,40611.6,0.8306,83.06,26.0,1,4.0,22.0,22.0,1.0,USD,850.38,1259742.64
VYG-2025-0540,2,REFERENCE-SUPRAMAX,Supramax,31140,7780,Rotterdam,Jersey City,2025-04-23T23:00:00+00:00,2025-05-05T00:30:36+00:00,3417.93,14.04,14.04,243.44,10.143,58328.0,12.8,58328.0,12.8,General Cargo,High-Value Industrial Goods,47793.5,47793.5,66910.9,66910.9,0.8194,81.94,33.0,1,4.0,23.0,23.0,2.0,USD,265.51,498859.01
VYG-2025-0541,3,REFERENCE-PANAMAX,Panamax,54620,60140,Port Hedland,Qingdao Gang,2025-04-24T09:00:00+00:00,2025-05-05T14:19:48+00:00,3388.81,13.6,13.6,249.18,10.383,82500.0,14.43,82500.0,14.43,Dry Bulk,Pilbara Iron Ore Fines,60685.0,60685.0,25487.7,25487.7,0.7356,73.56,33.0,1,4.0,24.0,9.0,3.0,USD,269.33,525725.72
VYG-2025-0542,4,REFERENCE-CAPESIZE,Capesize,54605,59970,Dampier,Shanghai,2025-04-24T09:00:00+00:00,2025-05-04T20:09:36+00:00,3237.56,14.0,14.0,231.25,9.635,182000.0,18.2,182000.0,18.2,Dry Bulk,Iron Ore,171048.0,171048.0,76971.6,76971.6,0.9398,93.98,52.0,1,4.0,24.0,9.0,3.0,USD,251.16,806385.28
VYG-2025-0543,3,REFERENCE-PANAMAX,Panamax,12970,31140,Santos,Rotterdam,2025-04-24T13:00:00+00:00,2025-05-12T01:10:48+00:00,5492.2,13.73,13.73,400.01,16.667,82500.0,14.43,82500.0,14.43,Dry Bulk,Agricultural Grain & Soybeans,69895.0,69895.0,87368.8,87368.8,0.8472,84.72,33.0,1,4.0,24.0,13.0,3.0,USD,420.18,804386.02
VYG-2025-0544,4,REFERENCE-CAPESIZE,Capesize,12855,60140,Tubarao,Qingdao Gang,2025-04-26T14:00:00+00:00,2025-05-31T04:52:48+00:00,11166.39,14.24,14.24,784.16,32.673,182000.0,18.2,182000.0,18.2,Dry Bulk,High-Grade Carajas Iron Ore,155717.1,155717.1,62286.8,62286.8,0.8556,85.56,52.0,1,4.0,26.0,14.0,5.0,USD,830.88,2351277.21
VYG-2025-0545,1,REFERENCE-HANDYSIZE,Handysize,9240,31250,Houston,Antwerpen,2025-04-28T08:00:00+00:00,2025-05-13T11:13:12+00:00,4818.16,14.29,14.29,337.17,14.049,38200.0,10.54,38200.0,10.54,General Cargo,Petrochemical Intermediates,35927.1,35927.1,41316.2,41316.2,0.9405,94.05,26.0,1,4.0,28.0,8.0,0.0,USD,363.22,535820.93
VYG-2025-0546,2,REFERENCE-SUPRAMAX,Supramax,54620,48840,Port Hedland,Mumbai (Bombay),2025-04-29T16:00:00+00:00,2025-05-12T07:55:48+00:00,3879.87,13.72,13.72,282.79,11.783,58328.0,12.8,58328.0,12.8,Dry Bulk,Premium Hard Coking Coal,49164.7,49164.7,59980.9,59980.9,0.8429,84.29,33.0,1,4.0,29.0,16.0,1.0,USD,303.93,528547.6
VYG-2025-0547,1,REFERENCE-HANDYSIZE,Handysize,50000,31140,Keppel - (East Singapore),Rotterdam,2025-04-29T20:00:00+00:00,2025-05-25T18:24:36+00:00,8312.85,14.09,14.09,589.98,24.582,38200.0,10.54,38200.0,10.54,General Cargo,Containerized Freight,34244.8,34244.8,51367.2,51367.2,0.8965,89.65,26.0,1,4.0,29.0,20.0,1.0,USD,622.41,1017075.57
VYG-2025-0548,2,REFERENCE-SUPRAMAX,Supramax,50000,59970,Keppel - (East Singapore),Shanghai,2025-05-04T05:00:00+00:00,2025-05-11T16:17:24+00:00,2230.76,13.95,13.95,159.91,6.663,58328.0,12.8,58328.0,12.8,General Cargo,Electronics & Machinery,55260.9,55260.9,74602.2,74602.2,0.9474,94.74,33.0,1,5.0,4.0,5.0,6.0,USD,179.29,368459.39
VYG-2025-0549,2,REFERENCE-SUPRAMAX,Supramax,50000,48840,Keppel - (East Singapore),Mumbai (Bombay),2025-05-04T14:00:00+00:00,2025-05-13T12:03:36+00:00,2468.76,13.83,13.83,178.51,7.438,58328.0,12.8,58328.0,12.8,Dry Bulk,Minor Bulk Fertilizers,51317.3,51317.3,56449.0,56449.0,0.8798,87.98,33.0,1,5.0,4.0,14.0,6.0,USD,214.06,402081.33
VYG-2025-0550,2,REFERENCE-SUPRAMAX,Supramax,42440,47110,Stilis,Lamu,2025-05-05T18:00:00+00:00,2025-05-16T18:38:24+00:00,3145.07,13.89,13.89,226.43,9.435,58328.0,12.8,58328.0,12.8,Liquid Bulk,Clean Refined Products,49544.2,49544.2,58462.2,58462.2,0.8494,84.94,33.0,1,5.0,5.0,18.0,0.0,USD,264.64,575345.11
VYG-2025-0551,2,REFERENCE-SUPRAMAX,Supramax,57461,7780,Siam Seaport,Jersey City,2025-05-06T06:00:00+00:00,2025-06-11T11:42:36+00:00,11688.9,13.99,13.99,835.52,34.813,58328.0,12.8,58328.0,12.8,Dry Bulk,Agricultural Tapioca & Rice,42870.8,42870.8,54874.6,54874.6,0.735,73.5,33.0,1,5.0,6.0,6.0,1.0,USD,869.71,1591216.43
VYG-2025-0552,2,REFERENCE-SUPRAMAX,Supramax,31140,7780,Rotterdam,Jersey City,2025-05-07T10:00:00+00:00,2025-05-18T14:45:36+00:00,3391.56,14.02,14.02,241.91,10.08,58328.0,12.8,58328.0,12.8,General Cargo,High-Value Industrial Goods,55071.4,55071.4,77100.0,77100.0,0.9442,94.42,33.0,1,5.0,7.0,10.0,2.0,USD,268.76,507078.29
VYG-2025-0553,3,REFERENCE-PANAMAX,Panamax,54620,60140,Port Hedland,Qingdao Gang,2025-05-09T21:00:00+00:00,2025-05-21T05:59:24+00:00,3402.38,13.84,13.84,245.84,10.243,82500.0,14.43,82500.0,14.43,Dry Bulk,Pilbara Iron Ore Fines,70093.6,70093.6,29439.3,29439.3,0.8496,84.96,33.0,1,5.0,9.0,21.0,4.0,USD,272.99,579598.86
VYG-2025-0554,3,REFERENCE-PANAMAX,Panamax,54605,59970,Dampier,Shanghai,2025-05-10T07:00:00+00:00,2025-05-21T11:13:12+00:00,3273.0,13.5,13.5,242.44,10.102,82500.0,14.43,82500.0,14.43,Dry Bulk,Iron Ore,66995.5,66995.5,30148.0,30148.0,0.8121,81.21,33.0,1,5.0,10.0,7.0,5.0,USD,268.22,539805.08
VYG-2025-0555,2,REFERENCE-SUPRAMAX,Supramax,12970,31140,Santos,Rotterdam,2025-05-10T21:00:00+00:00,2025-05-28T05:17:24+00:00,5524.07,13.97,13.97,395.42,16.476,58328.0,12.8,58328.0,12.8,Dry Bulk,Agricultural Grain & Soybeans,47754.3,47754.3,59692.9,59692.9,0.8187,81.87,33.0,1,5.0,10.0,21.0,5.0,USD,416.29,732133.78
VYG-2025-0556,4,REFERENCE-CAPESIZE,Capesize,12855,60140,Tubarao,Qingdao Gang,2025-05-15T05:00:00+00:00,2025-06-18T21:05:24+00:00,11130.13,14.24,14.24,781.61,32.567,182000.0,18.2,182000.0,18.2,Dry Bulk,High-Grade Carajas Iron Ore,155484.1,155484.1,62193.6,62193.6,0.8543,85.43,52.0,1,5.0,15.0,5.0,3.0,USD,832.09,2361235.23
VYG-2025-0557,1,REFERENCE-HANDYSIZE,Handysize,9240,31250,Houston,Antwerpen,2025-05-15T18:00:00+00:00,2025-05-31T01:18:00+00:00,4798.67,13.84,13.84,346.72,14.447,38200.0,10.54,38200.0,10.54,General Cargo,Petrochemical Intermediates,34770.0,34770.0,39985.5,39985.5,0.9102,91.02,26.0,1,5.0,15.0,18.0,3.0,USD,367.3,511504.67
VYG-2025-0558,2,REFERENCE-SUPRAMAX,Supramax,54620,48840,Port Hedland,Mumbai (Bombay),2025-05-16T05:00:00+00:00,2025-05-29T08:53:24+00:00,3907.36,13.81,13.81,282.94,11.789,58328.0,12.8,58328.0,12.8,Dry Bulk,Premium Hard Coking Coal,45082.0,45082.0,55000.0,55000.0,0.7729,77.29,33.0,1,5.0,16.0,5.0,4.0,USD,315.89,552062.17
VYG-2025-0559,1,REFERENCE-HANDYSIZE,Handysize,50000,31140,Keppel - (East Singapore),Rotterdam,2025-05-18T20:00:00+00:00,2025-06-14T11:36:36+00:00,8292.4,13.56,13.56,611.53,25.48,38200.0,10.54,38200.0,10.54,General Cargo,Containerized Freight,28293.5,28293.5,42440.2,42440.2,0.7407,74.07,26.0,1,5.0,18.0,20.0,6.0,USD,639.61,983436.34
VYG-2025-0560,1,REFERENCE-HANDYSIZE,Handysize,50000,59970,Keppel - (East Singapore),Shanghai,2025-05-26T07:00:00+00:00,2025-06-02T15:52:12+00:00,2218.18,13.96,13.96,158.9,6.621,38200.0,10.54,38200.0,10.54,General Cargo,Electronics & Machinery,29875.8,29875.8,40332.3,40332.3,0.7821,78.21,26.0,1,5.0,26.0,7.0,0.0,USD,176.87,279773.65
VYG-2025-0561,2,REFERENCE-SUPRAMAX,Supramax,50000,48840,Keppel - (East Singapore),Mumbai (Bombay),2025-05-27T17:00:00+00:00,2025-06-04T21:18:00+00:00,2442.34,14.06,14.06,173.71,7.238,58328.0,12.8,58328.0,12.8,Dry Bulk,Minor Bulk Fertilizers,46982.4,46982.4,51680.6,51680.6,0.8055,80.55,33.0,1,5.0,27.0,17.0,1.0,USD,196.3,358492.23
VYG-2025-0562,2,REFERENCE-SUPRAMAX,Supramax,42440,47110,Stilis,Lamu,2025-05-29T10:00:00+00:00,2025-06-09T03:39:00+00:00,3154.03,13.73,13.73,229.72,9.572,58328.0,12.8,58328.0,12.8,Liquid Bulk,Clean Refined Products,55641.7,55641.7,65657.2,65657.2,0.9539,95.39,33.0,1,5.0,29.0,10.0,3.0,USD,257.65,555971.56
VYG-2025-0563,2,REFERENCE-SUPRAMAX,Supramax,57461,7780,Siam Seaport,Jersey City,2025-05-29T17:00:00+00:00,2025-07-04T12:45:00+00:00,11480.12,13.84,13.84,829.49,34.562,58328.0,12.8,58328.0,12.8,Dry Bulk,Agricultural Tapioca & Rice,47739.9,47739.9,61107.1,61107.1,0.8185,81.85,33.0,1,5.0,29.0,17.0,3.0,USD,859.75,1569327.65
VYG-2025-0564,1,REFERENCE-HANDYSIZE,Handysize,31140,7780,Rotterdam,Jersey City,2025-06-01T18:00:00+00:00,2025-06-12T21:04:12+00:00,3346.32,13.91,13.91,240.57,10.024,38200.0,10.54,38200.0,10.54,General Cargo,High-Value Industrial Goods,35838.3,35838.3,50173.6,50173.6,0.9382,93.82,26.0,1,6.0,1.0,18.0,6.0,USD,267.07,397195.12
VYG-2025-0565,3,REFERENCE-PANAMAX,Panamax,54620,60140,Port Hedland,Qingdao Gang,2025-06-03T01:00:00+00:00,2025-06-14T03:33:00+00:00,3387.45,13.85,13.85,244.58,10.191,82500.0,14.43,82500.0,14.43,Dry Bulk,Pilbara Iron Ore Fines,61711.6,61711.6,25918.9,25918.9,0.748,74.8,33.0,1,6.0,3.0,1.0,1.0,USD,266.55,573718.88
VYG-2025-0566,4,REFERENCE-CAPESIZE,Capesize,54605,59970,Dampier,Shanghai,2025-06-05T07:00:00+00:00,2025-06-16T01:45:00+00:00,3260.45,13.9,13.9,234.56,9.773,182000.0,18.2,182000.0,18.2,Dry Bulk,Iron Ore,154208.9,154208.9,69394.0,69394.0,0.8473,84.73,52.0,1,6.0,5.0,7.0,3.0,USD,258.75,775216.34
VYG-2025-0567,2,REFERENCE-SUPRAMAX,Supramax,12970,31140,Santos,Rotterdam,2025-06-08T10:00:00+00:00,2025-06-26T07:54:36+00:00,5610.75,13.73,13.73,408.65,17.027,58328.0,12.8,58328.0,12.8,Dry Bulk,Agricultural Grain & Soybeans,53452.2,53452.2,66815.2,66815.2,0.9164,91.64,33.0,1,6.0,8.0,10.0,6.0,USD,429.91,741513.55
VYG-2025-0568,4,REFERENCE-CAPESIZE,Capesize,12855,60140,Tubarao,Qingdao Gang,2025-06-09T20:00:00+00:00,2025-07-15T16:34:12+00:00,11150.0,13.94,13.94,799.86,33.328,182000.0,18.2,182000.0,18.2,Dry Bulk,High-Grade Carajas Iron Ore,160120.6,160120.6,64048.2,64048.2,0.8798,87.98,52.0,1,6.0,9.0,20.0,0.0,USD,860.57,2318367.14
VYG-2025-0569,1,REFERENCE-HANDYSIZE,Handysize,9240,31250,Houston,Antwerpen,2025-06-13T17:00:00+00:00,2025-06-28T17:28:12+00:00,4783.06,14.18,14.18,337.31,14.055,38200.0,10.54,38200.0,10.54,General Cargo,Petrochemical Intermediates,33023.0,33023.0,37976.4,37976.4,0.8645,86.45,26.0,1,6.0,13.0,17.0,4.0,USD,360.47,497197.76
VYG-2025-0570,3,REFERENCE-PANAMAX,Panamax,54620,48840,Port Hedland,Mumbai (Bombay),2025-06-13T21:00:00+00:00,2025-06-26T23:20:24+00:00,3905.43,13.7,13.7,285.07,11.878,82500.0,14.43,82500.0,14.43,Dry Bulk,Premium Hard Coking Coal,62931.0,62931.0,76775.8,76775.8,0.7628,76.28,33.0,1,6.0,13.0,21.0,4.0,USD,314.34,618080.14
VYG-2025-0571,1,REFERENCE-HANDYSIZE,Handysize,50000,31140,Keppel - (East Singapore),Rotterdam,2025-06-14T11:00:00+00:00,2025-07-10T23:04:12+00:00,8370.22,13.87,13.87,603.48,25.145,38200.0,10.54,38200.0,10.54,General Cargo,Containerized Freight,31061.7,31061.7,46592.6,46592.6,0.8131,81.31,26.0,1,6.0,14.0,11.0,5.0,USD,636.07,1013956.39
VYG-2025-0572,1,REFERENCE-HANDYSIZE,Handysize,50000,59970,Keppel - (East Singapore),Shanghai,2025-06-14T23:00:00+00:00,2025-06-22T10:49:12+00:00,2245.46,13.78,13.78,162.95,6.79,38200.0,10.54,38200.0,10.54,General Cargo,Electronics & Machinery,34909.0,34909.0,47127.2,47127.2,0.9138,91.38,26.0,1,6.0,14.0,23.0,5.0,USD,179.82,274760.51
VYG-2025-0573,2,REFERENCE-SUPRAMAX,Supramax,50000,48840,Keppel - (East Singapore),Mumbai (Bombay),2025-06-21T14:00:00+00:00,2025-06-30T00:18:00+00:00,2471.94,14.13,14.13,174.94,7.289,58328.0,12.8,58328.0,12.8,Dry Bulk,Minor Bulk Fertilizers,42243.2,42243.2,46467.5,46467.5,0.7242,72.42,33.0,1,6.0,21.0,14.0,5.0,USD,202.3,377163.03
VYG-2025-0574,2,REFERENCE-SUPRAMAX,Supramax,42440,47110,Stilis,Lamu,2025-06-23T15:00:00+00:00,2025-07-03T22:52:48+00:00,3126.78,14.16,14.16,220.82,9.201,58328.0,12.8,58328.0,12.8,Liquid Bulk,Clean Refined Products,51473.8,51473.8,60739.1,60739.1,0.8825,88.25,33.0,1,6.0,23.0,15.0,0.0,USD,247.88,571431.96
VYG-2025-0575,1,REFERENCE-HANDYSIZE,Handysize,57461,7780,Siam Seaport,Jersey City,2025-06-26T19:00:00+00:00,2025-08-01T03:15:00+00:00,11317.61,13.77,13.77,821.9,34.246,38200.0,10.54,38200.0,10.54,Dry Bulk,Agricultural Tapioca & Rice,27731.9,27731.9,35496.8,35496.8,0.726,72.6,26.0,1,6.0,26.0,19.0,3.0,USD,848.25,1229225.18
VYG-2025-0576,2,REFERENCE-SUPRAMAX,Supramax,31140,7780,Rotterdam,Jersey City,2025-06-28T19:00:00+00:00,2025-07-09T19:50:24+00:00,3467.47,14.14,14.14,245.22,10.217,58328.0,12.8,58328.0,12.8,General Cargo,High-Value Industrial Goods,54640.8,54640.8,76497.1,76497.1,0.9368,93.68,33.0,1,6.0,28.0,19.0,5.0,USD,264.84,501099.84
VYG-2025-0577,4,REFERENCE-CAPESIZE,Capesize,54620,60140,Port Hedland,Qingdao Gang,2025-06-30T09:00:00+00:00,2025-07-11T13:08:24+00:00,3357.2,14.2,14.2,236.42,9.851,182000.0,18.2,182000.0,18.2,Dry Bulk,Pilbara Iron Ore Fines,151508.5,151508.5,63633.6,63633.6,0.8325,83.25,52.0,1,6.0,30.0,9.0,0.0,USD,268.14,840258.35
VYG-2025-0578,3,REFERENCE-PANAMAX,Panamax,54605,59970,Dampier,Shanghai,2025-07-01T01:00:00+00:00,2025-07-12T08:57:00+00:00,3239.09,13.43,13.43,241.18,10.049,82500.0,14.43,82500.0,14.43,Dry Bulk,Iron Ore,78438.6,78438.6,35297.4,35297.4,0.9508,95.08,33.0,1,7.0,1.0,1.0,1.0,USD,271.95,552206.14
VYG-2025-0579,2,REFERENCE-SUPRAMAX,Supramax,12970,31140,Santos,Rotterdam,2025-07-08T12:00:00+00:00,2025-07-25T16:57:36+00:00,5475.63,14.24,14.24,384.52,16.022,58328.0,12.8,58328.0,12.8,Dry Bulk,Agricultural Grain & Soybeans,43995.8,43995.8,54994.8,54994.8,0.7543,75.43,33.0,1,7.0,8.0,12.0,1.0,USD,412.96,754511.28
VYG-2025-0580,4,REFERENCE-CAPESIZE,Capesize,12855,60140,Tubarao,Qingdao Gang,2025-07-09T06:00:00+00:00,2025-08-14T03:00:00+00:00,11229.55,14.25,14.25,788.04,32.835,182000.0,18.2,182000.0,18.2,Dry Bulk,High-Grade Carajas Iron Ore,163695.0,163695.0,65478.0,65478.0,0.8994,89.94,52.0,1,7.0,9.0,6.0,2.0,USD,861.0,2346975.85
VYG-2025-0581,1,REFERENCE-HANDYSIZE,Handysize,9240,31250,Houston,Antwerpen,2025-07-10T12:00:00+00:00,2025-07-26T03:48:00+00:00,4872.71,13.95,13.95,349.3,14.554,38200.0,10.54,38200.0,10.54,General Cargo,Petrochemical Intermediates,32751.0,32751.0,37663.6,37663.6,0.8574,85.74,26.0,1,7.0,10.0,12.0,3.0,USD,375.8,507899.01
VYG-2025-0582,3,REFERENCE-PANAMAX,Panamax,54620,48840,Port Hedland,Mumbai (Bombay),2025-07-13T05:00:00+00:00,2025-07-26T10:48:36+00:00,3987.71,13.91,13.91,286.68,11.945,82500.0,14.43,82500.0,14.43,Dry Bulk,Premium Hard Coking Coal,69698.3,69698.3,85031.9,85031.9,0.8448,84.48,33.0,1,7.0,13.0,5.0,6.0,USD,317.81,640111.2
VYG-2025-0583,1,REFERENCE-HANDYSIZE,Handysize,50000,31140,Keppel - (East Singapore),Rotterdam,2025-07-15T14:00:00+00:00,2025-08-10T06:49:12+00:00,8182.06,13.86,13.86,590.34,24.598,38200.0,10.54,38200.0,10.54,General Cargo,Containerized Freight,34258.9,34258.9,51388.4,51388.4,0.8968,89.68,26.0,1,7.0,15.0,14.0,1.0,USD,616.82,968063.06
VYG-2025-0584,1,REFERENCE-HANDYSIZE,Handysize,50000,59970,Keppel - (East Singapore),Shanghai,2025-07-15T21:00:00+00:00,2025-07-23T21:09:36+00:00,2276.57,13.88,13.88,164.02,6.834,38200.0,10.54,38200.0,10.54,General Cargo,Electronics & Machinery,36133.1,36133.1,48779.7,48779.7,0.9459,94.59,26.0,1,7.0,15.0,21.0,1.0,USD,192.16,276207.42
VYG-2025-0585,1,REFERENCE-HANDYSIZE,Handysize,50000,48840,Keppel - (East Singapore),Mumbai (Bombay),2025-07-15T23:00:00+00:00,2025-07-24T03:45:36+00:00,2429.37,13.93,13.93,174.4,7.267,38200.0,10.54,38200.0,10.54,Dry Bulk,Minor Bulk Fertilizers,36320.1,36320.1,39952.1,39952.1,0.9508,95.08,26.0,1,7.0,15.0,23.0,1.0,USD,196.76,291651.1
VYG-2025-0586,1,REFERENCE-HANDYSIZE,Handysize,42440,47110,Stilis,Lamu,2025-07-16T18:00:00+00:00,2025-07-27T16:52:48+00:00,3179.67,14.04,14.04,226.47,9.436,38200.0,10.54,38200.0,10.54,Liquid Bulk,Clean Refined Products,35004.4,35004.4,41305.2,41305.2,0.9163,91.63,26.0,1,7.0,16.0,18.0,2.0,USD,262.88,479369.0
VYG-2025-0587,2,REFERENCE-SUPRAMAX,Supramax,57461,7780,Siam Seaport,Jersey City,2025-07-16T21:00:00+00:00,2025-08-21T11:40:48+00:00,11356.33,13.98,13.98,812.33,33.847,58328.0,12.8,58328.0,12.8,Dry Bulk,Agricultural Tapioca & Rice,45293.8,45293.8,57976.1,57976.1,0.7765,77.65,33.0,1,7.0,16.0,21.0,2.0,USD,854.68,1587471.59
VYG-2025-0588,1,REFERENCE-HANDYSIZE,Handysize,31140,7780,Rotterdam,Jersey City,2025-07-17T06:00:00+00:00,2025-07-28T05:48:00+00:00,3433.05,14.21,14.21,241.59,10.066,38200.0,10.54,38200.0,10.54,General Cargo,High-Value Industrial Goods,29650.3,29650.3,41510.4,41510.4,0.7762,77.62,26.0,1,7.0,17.0,6.0,3.0,USD,263.8,391345.73
VYG-2025-0589,3,REFERENCE-PANAMAX,Panamax,54620,60140,Port Hedland,Qingdao Gang,2025-07-18T18:00:00+00:00,2025-07-31T10:55:48+00:00,3421.18,13.12,13.12,260.76,10.865,82500.0,14.43,82500.0,14.43,Dry Bulk,Pilbara Iron Ore Fines,62556.0,62556.0,26273.5,26273.5,0.7583,75.83,33.0,1,7.0,18.0,18.0,4.0,USD,304.93,582890.57
VYG-2025-0590,3,REFERENCE-PANAMAX,Panamax,54605,59970,Dampier,Shanghai,2025-07-22T11:00:00+00:00,2025-08-02T14:22:48+00:00,3250.61,13.78,13.78,235.89,9.829,82500.0,14.43,82500.0,14.43,Dry Bulk,Iron Ore,67044.8,67044.8,30170.2,30170.2,0.8127,81.27,33.0,1,7.0,22.0,11.0,1.0,USD,267.38,566374.21
VYG-2025-0591,3,REFERENCE-PANAMAX,Panamax,12970,31140,Santos,Rotterdam,2025-07-23T19:00:00+00:00,2025-08-11T04:34:12+00:00,5454.41,13.55,13.55,402.54,16.773,82500.0,14.43,82500.0,14.43,Dry Bulk,Agricultural Grain & Soybeans,77398.3,77398.3,96747.9,96747.9,0.9382,93.82,33.0,1,7.0,23.0,19.0,2.0,USD,441.57,836916.38
VYG-2025-0592,4,REFERENCE-CAPESIZE,Capesize,12855,60140,Tubarao,Qingdao Gang,2025-07-24T11:00:00+00:00,2025-08-30T02:10:48+00:00,11272.49,13.69,13.69,823.41,34.309,182000.0,18.2,182000.0,18.2,Dry Bulk,High-Grade Carajas Iron Ore,172884.5,172884.5,69153.8,69153.8,0.9499,94.99,52.0,1,7.0,24.0,11.0,3.0,USD,879.18,2289624.66
VYG-2025-0593,1,REFERENCE-HANDYSIZE,Handysize,9240,31250,Houston,Antwerpen,2025-07-25T04:00:00+00:00,2025-08-09T16:19:48+00:00,4823.08,13.67,13.67,352.82,14.701,38200.0,10.54,38200.0,10.54,General Cargo,Petrochemical Intermediates,33959.9,33959.9,39053.9,39053.9,0.889,88.9,26.0,1,7.0,25.0,4.0,4.0,USD,372.33,493653.51
VYG-2025-0594,2,REFERENCE-SUPRAMAX,Supramax,54620,48840,Port Hedland,Mumbai (Bombay),2025-07-26T00:00:00+00:00,2025-08-08T04:28:48+00:00,3900.12,13.71,13.71,284.47,11.853,58328.0,12.8,58328.0,12.8,Dry Bulk,Premium Hard Coking Coal,44087.6,44087.6,53786.9,53786.9,0.7559,75.59,33.0,1,7.0,26.0,0.0,5.0,USD,316.48,541290.75
VYG-2025-0595,1,REFERENCE-HANDYSIZE,Handysize,50000,31140,Keppel - (East Singapore),Rotterdam,2025-07-26T13:00:00+00:00,2025-08-20T21:12:36+00:00,8304.11,14.35,14.35,578.68,24.112,38200.0,10.54,38200.0,10.54,General Cargo,Containerized Freight,31919.2,31919.2,47878.8,47878.8,0.8356,83.56,26.0,1,7.0,26.0,13.0,5.0,USD,608.21,1044996.94
VYG-2025-0596,2,REFERENCE-SUPRAMAX,Supramax,50000,59970,Keppel - (East Singapore),Shanghai,2025-07-29T10:00:00+00:00,2025-08-06T05:59:24+00:00,2264.39,13.85,13.85,163.49,6.812,58328.0,12.8,58328.0,12.8,General Cargo,Electronics & Machinery,53915.9,53915.9,72786.5,72786.5,0.9244,92.44,33.0,1,7.0,29.0,10.0,1.0,USD,187.99,349819.07
VYG-2025-0597,1,REFERENCE-HANDYSIZE,Handysize,50000,48840,Keppel - (East Singapore),Mumbai (Bombay),2025-07-30T05:00:00+00:00,2025-08-07T13:16:48+00:00,2446.67,14.02,14.02,174.51,7.271,38200.0,10.54,38200.0,10.54,Dry Bulk,Minor Bulk Fertilizers,34950.1,34950.1,38445.1,38445.1,0.9149,91.49,26.0,1,7.0,30.0,5.0,2.0,USD,200.28,313123.06
VYG-2025-0598,2,REFERENCE-SUPRAMAX,Supramax,42440,47110,Stilis,Lamu,2025-07-30T17:00:00+00:00,2025-08-09T15:22:12+00:00,3107.44,14.27,14.27,217.76,9.073,58328.0,12.8,58328.0,12.8,Liquid Bulk,Clean Refined Products,43305.3,43305.3,51100.3,51100.3,0.7424,74.24,33.0,1,7.0,30.0,17.0,2.0,USD,238.37,537660.56
VYG-2025-0599,1,REFERENCE-HANDYSIZE,Handysize,57461,7780,Siam Seaport,Jersey City,2025-07-31T20:00:00+00:00,2025-09-06T07:07:48+00:00,11529.39,13.59,13.59,848.37,35.349,38200.0,10.54,38200.0,10.54,Dry Bulk,Agricultural Tapioca & Rice,32433.5,32433.5,41514.9,41514.9,0.849,84.9,26.0,1,7.0,31.0,20.0,3.0,USD,875.13,1249964.51
VYG-2025-0600,2,REFERENCE-SUPRAMAX,Supramax,31140,7780,Rotterdam,Jersey City,2025-08-06T06:00:00+00:00,2025-08-17T06:19:48+00:00,3407.86,14.41,14.41,236.49,9.854,58328.0,12.8,58328.0,12.8,General Cargo,High-Value Industrial Goods,48250.4,48250.4,67550.6,67550.6,0.8272,82.72,33.0,1,8.0,6.0,6.0,2.0,USD,264.33,498800.19
VYG-2025-0601,4,REFERENCE-CAPESIZE,Capesize,54620,60140,Port Hedland,Qingdao Gang,2025-08-07T15:00:00+00:00,2025-08-19T04:33:36+00:00,3330.1,14.02,14.02,237.52,9.897,182000.0,18.2,182000.0,18.2,Dry Bulk,Pilbara Iron Ore Fines,173364.5,173364.5,72813.1,72813.1,0.9526,95.26,52.0,1,8.0,7.0,15.0,3.0,USD,277.56,872224.16
VYG-2025-0602,4,REFERENCE-CAPESIZE,Capesize,54605,59970,Dampier,Shanghai,2025-08-07T19:00:00+00:00,2025-08-18T09:58:48+00:00,3219.44,13.97,13.97,230.45,9.602,182000.0,18.2,182000.0,18.2,Dry Bulk,Iron Ore,157321.7,157321.7,70794.8,70794.8,0.8644,86.44,52.0,1,8.0,7.0,19.0,3.0,USD,254.98,789227.28
VYG-2025-0603,2,REFERENCE-SUPRAMAX,Supramax,12970,31140,Santos,Rotterdam,2025-08-09T10:00:00+00:00,2025-08-27T04:24:36+00:00,5499.0,13.79,13.79,398.77,16.615,58328.0,12.8,58328.0,12.8,Dry Bulk,Agricultural Grain & Soybeans,49117.2,49117.2,61396.5,61396.5,0.8421,84.21,33.0,1,8.0,9.0,10.0,5.0,USD,426.41,702545.75
VYG-2025-0604,4,REFERENCE-CAPESIZE,Capesize,12855,60140,Tubarao,Qingdao Gang,2025-08-16T14:00:00+00:00,2025-09-21T22:58:12+00:00,11334.24,13.91,13.91,814.83,33.951,182000.0,18.2,182000.0,18.2,Dry Bulk,High-Grade Carajas Iron Ore,166080.2,166080.2,66432.1,66432.1,0.9125,91.25,52.0,1,8.0,16.0,14.0,5.0,USD,872.97,2232470.71
VYG-2025-0605,2,REFERENCE-SUPRAMAX,Supramax,9240,31250,Houston,Antwerpen,2025-08-19T12:00:00+00:00,2025-09-03T19:48:00+00:00,4844.88,14.16,14.16,342.15,14.256,58328.0,12.8,58328.0,12.8,General Cargo,Petrochemical Intermediates,46904.7,46904.7,53940.4,53940.4,0.8042,80.42,33.0,1,8.0,19.0,12.0,1.0,USD,367.8,640033.15
VYG-2025-0606,2,REFERENCE-SUPRAMAX,Supramax,54620,48840,Port Hedland,Mumbai (Bombay),2025-08-19T19:00:00+00:00,2025-09-02T07:25:12+00:00,3941.52,13.79,13.79,285.82,11.909,58328.0,12.8,58328.0,12.8,Dry Bulk,Premium Hard Coking Coal,46332.0,46332.0,56525.0,56525.0,0.7943,79.43,33.0,1,8.0,19.0,19.0,1.0,USD,324.42,562199.69
VYG-2025-0607,1,REFERENCE-HANDYSIZE,Handysize,50000,31140,Keppel - (East Singapore),Rotterdam,2025-08-24T02:00:00+00:00,2025-09-19T10:52:48+00:00,8324.23,13.77,13.77,604.52,25.188,38200.0,10.54,38200.0,10.54,General Cargo,Containerized Freight,30110.4,30110.4,45165.6,45165.6,0.7882,78.82,26.0,1,8.0,24.0,2.0,6.0,USD,632.88,1011582.27
VYG-2025-0608,2,REFERENCE-SUPRAMAX,Supramax,50000,59970,Keppel - (East Singapore),Shanghai,2025-08-24T10:00:00+00:00,2025-09-01T19:32:24+00:00,2262.82,13.61,13.61,166.26,6.927,58328.0,12.8,58328.0,12.8,General Cargo,Electronics & Machinery,49076.3,49076.3,66253.0,66253.0,0.8414,84.14,33.0,1,8.0,24.0,10.0,6.0,USD,201.54,378707.88
VYG-2025-0609,1,REFERENCE-HANDYSIZE,Handysize,50000,48840,Keppel - (East Singapore),Mumbai (Bombay),2025-08-24T14:00:00+00:00,2025-09-02T04:49:48+00:00,2485.8,13.99,13.99,177.68,7.403,38200.0,10.54,38200.0,10.54,Dry Bulk,Minor Bulk Fertilizers,32337.9,32337.9,35571.7,35571.7,0.8465,84.65,26.0,1,8.0,24.0,14.0,6.0,USD,206.83,307054.33
VYG-2025-0610,1,REFERENCE-HANDYSIZE,Handysize,42440,47110,Stilis,Lamu,2025-08-27T09:00:00+00:00,2025-09-06T20:52:48+00:00,3118.73,13.42,13.42,232.39,9.683,38200.0,10.54,38200.0,10.54,Liquid Bulk,Clean Refined Products,27643.1,27643.1,32618.9,32618.9,0.7236,72.36,26.0,1,8.0,27.0,9.0,2.0,USD,251.88,448552.76
VYG-2025-0611,1,REFERENCE-HANDYSIZE,Handysize,57461,7780,Siam Seaport,Jersey City,2025-08-28T10:00:00+00:00,2025-10-02T09:15:36+00:00,11345.21,14.0,14.0,810.37,33.765,38200.0,10.54,38200.0,10.54,Dry Bulk,Agricultural Tapioca & Rice,29181.0,29181.0,37351.7,37351.7,0.7639,76.39,26.0,1,8.0,28.0,10.0,3.0,USD,839.26,1276020.49
VYG-2025-0612,1,REFERENCE-HANDYSIZE,Handysize,31140,7780,Rotterdam,Jersey City,2025-08-29T05:00:00+00:00,2025-09-09T02:19:48+00:00,3417.81,14.26,14.26,239.68,9.987,38200.0,10.54,38200.0,10.54,General Cargo,High-Value Industrial Goods,27586.5,27586.5,38621.1,38621.1,0.7222,72.22,26.0,1,8.0,29.0,5.0,4.0,USD,261.33,378128.99
VYG-2025-0613,4,REFERENCE-CAPESIZE,Capesize,54620,60140,Port Hedland,Qingdao Gang,2025-08-30T21:00:00+00:00,2025-09-11T04:52:12+00:00,3343.44,14.24,14.24,234.79,9.783,182000.0,18.2,182000.0,18.2,Dry Bulk,Pilbara Iron Ore Fines,134787.5,134787.5,56610.8,56610.8,0.7406,74.06,52.0,1,8.0,30.0,21.0,5.0,USD,271.87,843672.08
VYG-2025-0614,3,REFERENCE-PANAMAX,Panamax,54605,59970,Dampier,Shanghai,2025-09-01T09:00:00+00:00,2025-09-12T13:01:48+00:00,3267.96,13.75,13.75,237.67,9.903,82500.0,14.43,82500.0,14.43,Dry Bulk,Iron Ore,64853.5,64853.5,29184.1,29184.1,0.7861,78.61,33.0,1,9.0,1.0,9.0,0.0,USD,268.03,550814.63
VYG-2025-0615,2,REFERENCE-SUPRAMAX,Supramax,12970,31140,Santos,Rotterdam,2025-09-05T10:00:00+00:00,2025-09-22T21:06:00+00:00,5472.62,14.24,14.24,384.31,16.013,58328.0,12.8,58328.0,12.8,Dry Bulk,Agricultural Grain & Soybeans,52079.9,52079.9,65099.9,65099.9,0.8929,89.29,33.0,1,9.0,5.0,10.0,4.0,USD,419.1,727261.64
VYG-2025-0616,4,REFERENCE-CAPESIZE,Capesize,12855,60140,Tubarao,Qingdao Gang,2025-09-07T06:00:00+00:00,2025-10-11T21:42:36+00:00,11304.33,14.44,14.44,782.85,32.619,182000.0,18.2,182000.0,18.2,Dry Bulk,High-Grade Carajas Iron Ore,170678.0,170678.0,68271.2,68271.2,0.9378,93.78,52.0,1,9.0,7.0,6.0,6.0,USD,831.71,2344400.53
VYG-2025-0617,2,REFERENCE-SUPRAMAX,Supramax,9240,31250,Houston,Antwerpen,2025-09-08T15:00:00+00:00,2025-09-24T01:13:48+00:00,4775.44,13.98,13.98,341.59,14.233,58328.0,12.8,58328.0,12.8,General Cargo,Petrochemical Intermediates,52527.9,52527.9,60407.1,60407.1,0.9006,90.06,33.0,1,9.0,8.0,15.0,0.0,USD,370.23,663094.79
VYG-2025-0618,3,REFERENCE-PANAMAX,Panamax,54620,48840,Port Hedland,Mumbai (Bombay),2025-09-09T04:00:00+00:00,2025-09-22T12:47:24+00:00,3964.65,13.78,13.78,287.71,11.988,82500.0,14.43,82500.0,14.43,Dry Bulk,Premium Hard Coking Coal,61900.4,61900.4,75518.5,75518.5,0.7503,75.03,33.0,1,9.0,9.0,4.0,1.0,USD,320.79,659895.73
VYG-2025-0619,1,REFERENCE-HANDYSIZE,Handysize,50000,31140,Keppel - (East Singapore),Rotterdam,2025-09-12T22:00:00+00:00,2025-10-08T05:05:24+00:00,8295.95,14.25,14.25,582.17,24.257,38200.0,10.54,38200.0,10.54,General Cargo,Containerized Freight,28211.3,28211.3,42316.9,42316.9,0.7385,73.85,26.0,1,9.0,12.0,22.0,4.0,USD,607.09,1006904.74
VYG-2025-0620,1,REFERENCE-HANDYSIZE,Handysize,50000,59970,Keppel - (East Singapore),Shanghai,2025-09-13T10:00:00+00:00,2025-09-21T00:40:12+00:00,2253.35,14.33,14.33,157.25,6.552,38200.0,10.54,38200.0,10.54,General Cargo,Electronics & Machinery,31737.8,31737.8,42846.0,42846.0,0.8308,83.08,26.0,1,9.0,13.0,10.0,5.0,USD,182.67,297606.57
VYG-2025-0621,1,REFERENCE-HANDYSIZE,Handysize,50000,48840,Keppel - (East Singapore),Mumbai (Bombay),2025-09-17T03:00:00+00:00,2025-09-25T10:54:00+00:00,2495.83,14.35,14.35,173.93,7.247,38200.0,10.54,38200.0,10.54,Dry Bulk,Minor Bulk Fertilizers,28714.5,28714.5,31586.0,31586.0,0.7517,75.17,26.0,1,9.0,17.0,3.0,2.0,USD,199.9,309535.68
VYG-2025-0622,1,REFERENCE-HANDYSIZE,Handysize,42440,47110,Stilis,Lamu,2025-09-19T02:00:00+00:00,2025-09-29T13:13:12+00:00,3143.09,13.63,13.63,230.6,9.608,38200.0,10.54,38200.0,10.54,Liquid Bulk,Clean Refined Products,29645.9,29645.9,34982.2,34982.2,0.7761,77.61,26.0,1,9.0,19.0,2.0,4.0,USD,251.22,462475.91
VYG-2025-0623,2,REFERENCE-SUPRAMAX,Supramax,57461,7780,Siam Seaport,Jersey City,2025-09-19T21:00:00+00:00,2025-10-25T18:36:00+00:00,11430.03,13.93,13.93,820.53,34.189,58328.0,12.8,58328.0,12.8,Dry Bulk,Agricultural Tapioca & Rice,45562.6,45562.6,58320.1,58320.1,0.7811,78.11,33.0,1,9.0,19.0,21.0,4.0,USD,861.6,1565268.35
VYG-2025-0624,1,REFERENCE-HANDYSIZE,Handysize,31140,7780,Rotterdam,Jersey City,2025-09-20T11:00:00+00:00,2025-10-02T02:46:12+00:00,3382.9,14.03,14.03,241.12,10.047,38200.0,10.54,38200.0,10.54,General Cargo,High-Value Industrial Goods,34528.1,34528.1,48339.3,48339.3,0.9039,90.39,26.0,1,9.0,20.0,11.0,5.0,USD,279.77,391047.53
VYG-2025-0625,4,REFERENCE-CAPESIZE,Capesize,54620,60140,Port Hedland,Qingdao Gang,2025-09-21T18:00:00+00:00,2025-10-03T10:27:36+00:00,3382.31,13.53,13.53,249.99,10.416,182000.0,18.2,182000.0,18.2,Dry Bulk,Pilbara Iron Ore Fines,150198.5,150198.5,63083.4,63083.4,0.8253,82.53,52.0,1,9.0,21.0,18.0,6.0,USD,280.46,813470.63
VYG-2025-0626,4,REFERENCE-CAPESIZE,Capesize,54605,59970,Dampier,Shanghai,2025-09-21T23:00:00+00:00,2025-10-03T09:42:00+00:00,3245.78,13.81,13.81,235.03,9.793,182000.0,18.2,182000.0,18.2,Dry Bulk,Iron Ore,170137.3,170137.3,76561.8,76561.8,0.9348,93.48,52.0,1,9.0,21.0,23.0,6.0,USD,274.7,812780.45
VYG-2025-0627,3,REFERENCE-PANAMAX,Panamax,12970,31140,Santos,Rotterdam,2025-09-22T19:00:00+00:00,2025-10-10T13:03:00+00:00,5469.35,13.71,13.71,398.93,16.622,82500.0,14.43,82500.0,14.43,Dry Bulk,Agricultural Grain & Soybeans,62227.9,62227.9,77784.9,77784.9,0.7543,75.43,33.0,1,9.0,22.0,19.0,0.0,USD,426.05,836288.76
VYG-2025-0628,4,REFERENCE-CAPESIZE,Capesize,12855,60140,Tubarao,Qingdao Gang,2025-09-25T22:00:00+00:00,2025-11-01T04:53:24+00:00,11250.77,13.92,13.92,808.24,33.677,182000.0,18.2,182000.0,18.2,Dry Bulk,High-Grade Carajas Iron Ore,161415.5,161415.5,64566.2,64566.2,0.8869,88.69,52.0,1,9.0,25.0,22.0,3.0,USD,870.89,2352121.37
VYG-2025-0629,2,REFERENCE-SUPRAMAX,Supramax,9240,31250,Houston,Antwerpen,2025-09-26T06:00:00+00:00,2025-10-11T13:13:12+00:00,4817.0,14.1,14.1,341.63,14.235,58328.0,12.8,58328.0,12.8,General Cargo,Petrochemical Intermediates,54650.3,54650.3,62847.8,62847.8,0.9369,93.69,33.0,1,9.0,26.0,6.0,4.0,USD,367.22,649067.25
VYG-2025-0630,2,REFERENCE-SUPRAMAX,Supramax,54620,48840,Port Hedland,Mumbai (Bombay),2025-09-28T06:00:00+00:00,2025-10-10T23:25:12+00:00,3864.29,13.77,13.77,280.63,11.693,58328.0,12.8,58328.0,12.8,Dry Bulk,Premium Hard Coking Coal,52423.3,52423.3,63956.4,63956.4,0.8988,89.88,33.0,1,9.0,28.0,6.0,6.0,USD,305.42,504087.44
VYG-2025-0631,1,REFERENCE-HANDYSIZE,Handysize,50000,31140,Keppel - (East Singapore),Rotterdam,2025-09-29T13:00:00+00:00,2025-10-25T15:44:24+00:00,8285.39,14.01,14.01,591.39,24.641,38200.0,10.54,38200.0,10.54,General Cargo,Containerized Freight,31447.9,31447.9,47171.9,47171.9,0.8232,82.32,26.0,1,9.0,29.0,13.0,0.0,USD,626.74,1008694.37
VYG-2025-0632,2,REFERENCE-SUPRAMAX,Supramax,50000,59970,Keppel - (East Singapore),Shanghai,2025-10-01T02:00:00+00:00,2025-10-09T06:34:48+00:00,2253.35,14.26,14.26,158.02,6.584,58328.0,12.8,58328.0,12.8,General Cargo,Electronics & Machinery,53542.8,53542.8,72282.8,72282.8,0.918,91.8,33.0,1,10.0,1.0,2.0,2.0,USD,196.58,392868.17
VYG-2025-0633,2,REFERENCE-SUPRAMAX,Supramax,50000,48840,Keppel - (East Singapore),Mumbai (Bombay),2025-10-01T21:00:00+00:00,2025-10-10T03:35:24+00:00,2464.65,13.76,13.76,179.12,7.463,58328.0,12.8,58328.0,12.8,Dry Bulk,Minor Bulk Fertilizers,44245.9,44245.9,48670.5,48670.5,0.7586,75.86,33.0,1,10.0,1.0,21.0,2.0,USD,198.59,353920.36
VYG-2025-0634,2,REFERENCE-SUPRAMAX,Supramax,42440,47110,Stilis,Lamu,2025-10-02T10:00:00+00:00,2025-10-12T16:39:36+00:00,3120.61,13.64,13.64,228.78,9.533,58328.0,12.8,58328.0,12.8,Liquid Bulk,Clean Refined Products,51374.9,51374.9,60622.4,60622.4,0.8808,88.08,33.0,1,10.0,2.0,10.0,3.0,USD,246.66,530958.84
VYG-2025-0635,2,REFERENCE-SUPRAMAX,Supramax,57461,7780,Siam Seaport,Jersey City,2025-10-05T11:00:00+00:00,2025-11-09T10:52:12+00:00,11459.5,14.13,14.13,811.0,33.792,58328.0,12.8,58328.0,12.8,Dry Bulk,Agricultural Tapioca & Rice,46241.7,46241.7,59189.4,59189.4,0.7928,79.28,33.0,1,10.0,5.0,11.0,6.0,USD,839.87,1551054.98
VYG-2025-0636,2,REFERENCE-SUPRAMAX,Supramax,31140,7780,Rotterdam,Jersey City,2025-10-08T14:00:00+00:00,2025-10-20T05:32:24+00:00,3427.63,13.66,13.66,250.92,10.455,58328.0,12.8,58328.0,12.8,General Cargo,High-Value Industrial Goods,47633.0,47633.0,66686.2,66686.2,0.8166,81.66,33.0,1,10.0,8.0,14.0,2.0,USD,279.54,491296.36
VYG-2025-0637,4,REFERENCE-CAPESIZE,Capesize,54620,60140,Port Hedland,Qingdao Gang,2025-10-09T08:00:00+00:00,2025-10-20T15:55:48+00:00,3396.84,13.91,13.91,244.2,10.175,182000.0,18.2,182000.0,18.2,Dry Bulk,Pilbara Iron Ore Fines,172194.7,172194.7,72321.8,72321.8,0.9461,94.61,52.0,1,10.0,9.0,8.0,3.0,USD,271.93,823553.21
VYG-2025-0638,3,REFERENCE-PANAMAX,Panamax,54605,59970,Dampier,Shanghai,2025-10-10T07:00:00+00:00,2025-10-21T01:31:12+00:00,3243.94,13.76,13.76,235.75,9.823,82500.0,14.43,82500.0,14.43,Dry Bulk,Iron Ore,67811.6,67811.6,30515.2,30515.2,0.822,82.2,33.0,1,10.0,10.0,7.0,4.0,USD,258.52,560618.25
VYG-2025-0639,2,REFERENCE-SUPRAMAX,Supramax,12970,31140,Santos,Rotterdam,2025-10-10T10:00:00+00:00,2025-10-27T18:51:00+00:00,5481.79,13.85,13.85,395.8,16.492,58328.0,12.8,58328.0,12.8,Dry Bulk,Agricultural Grain & Soybeans,49617.9,49617.9,62022.4,62022.4,0.8507,85.07,33.0,1,10.0,10.0,10.0,4.0,USD,416.85,713606.36
VYG-2025-0640,4,REFERENCE-CAPESIZE,Capesize,12855,60140,Tubarao,Qingdao Gang,2025-10-11T13:00:00+00:00,2025-11-15T17:16:12+00:00,11238.91,14.3,14.3,785.94,32.748,182000.0,18.2,182000.0,18.2,Dry Bulk,High-Grade Carajas Iron Ore,147341.7,147341.7,58936.7,58936.7,0.8096,80.96,52.0,1,10.0,11.0,13.0,5.0,USD,844.27,2396066.38
VYG-2025-0641,2,REFERENCE-SUPRAMAX,Supramax,9240,31250,Houston,Antwerpen,2025-10-20T03:00:00+00:00,2025-11-04T16:16:48+00:00,4797.54,13.87,13.87,345.89,14.412,58328.0,12.8,58328.0,12.8,General Cargo,Petrochemical Intermediates,47074.4,47074.4,54135.6,54135.6,0.8071,80.71,33.0,1,10.0,20.0,3.0,0.0,USD,373.28,661644.52
VYG-2025-0642,2,REFERENCE-SUPRAMAX,Supramax,54620,48840,Port Hedland,Mumbai (Bombay),2025-10-20T19:00:00+00:00,2025-11-02T01:15:36+00:00,3883.06,14.3,14.3,271.54,11.314,58328.0,12.8,58328.0,12.8,Dry Bulk,Premium Hard Coking Coal,43322.4,43322.4,52853.3,52853.3,0.7427,74.27,33.0,1,10.0,20.0,19.0,0.0,USD,294.26,550573.72
VYG-2025-0643,2,REFERENCE-SUPRAMAX,Supramax,50000,31140,Keppel - (East Singapore),Rotterdam,2025-10-21T11:00:00+00:00,2025-11-16T06:45:00+00:00,8403.3,14.1,14.1,595.98,24.832,58328.0,12.8,58328.0,12.8,General Cargo,Containerized Freight,53371.7,53371.7,80057.5,80057.5,0.915,91.5,33.0,1,10.0,21.0,11.0,1.0,USD,619.75,1214150.05
VYG-2025-0644,2,REFERENCE-SUPRAMAX,Supramax,50000,59970,Keppel - (East Singapore),Shanghai,2025-10-22T18:00:00+00:00,2025-10-30T11:40:48+00:00,2229.88,13.85,13.85,161.0,6.708,58328.0,12.8,58328.0,12.8,General Cargo,Electronics & Machinery,51369.9,51369.9,69349.4,69349.4,0.8807,88.07,33.0,1,10.0,22.0,18.0,2.0,USD,185.68,350053.15
VYG-2025-0645,1,REFERENCE-HANDYSIZE,Handysize,50000,48840,Keppel - (East Singapore),Mumbai (Bombay),2025-10-23T04:00:00+00:00,2025-10-31T11:24:00+00:00,2486.41,13.72,13.72,181.23,7.551,38200.0,10.54,38200.0,10.54,Dry Bulk,Minor Bulk Fertilizers,35424.7,35424.7,38967.2,38967.2,0.9273,92.73,26.0,1,10.0,23.0,4.0,3.0,USD,199.4,288187.95
VYG-2025-0646,2,REFERENCE-SUPRAMAX,Supramax,42440,47110,Stilis,Lamu,2025-10-24T10:00:00+00:00,2025-11-03T21:20:24+00:00,3120.25,13.38,13.38,233.2,9.717,58328.0,12.8,58328.0,12.8,Liquid Bulk,Clean Refined Products,47143.6,47143.6,55629.4,55629.4,0.8082,80.82,33.0,1,10.0,24.0,10.0,4.0,USD,251.34,526660.15
VYG-2025-0647,2,REFERENCE-SUPRAMAX,Supramax,57461,7780,Siam Seaport,Jersey City,2025-10-24T13:00:00+00:00,2025-11-29T22:15:36+00:00,11431.31,13.68,13.68,835.62,34.818,58328.0,12.8,58328.0,12.8,Dry Bulk,Agricultural Tapioca & Rice,53441.0,53441.0,68404.5,68404.5,0.9162,91.62,33.0,1,10.0,24.0,13.0,4.0,USD,873.26,1548757.72
VYG-2025-0648,1,REFERENCE-HANDYSIZE,Handysize,31140,7780,Rotterdam,Jersey City,2025-10-28T06:00:00+00:00,2025-11-08T06:06:00+00:00,3395.15,14.05,14.05,241.65,10.069,38200.0,10.54,38200.0,10.54,General Cargo,High-Value Industrial Goods,28734.4,28734.4,40228.2,40228.2,0.7522,75.22,26.0,1,10.0,28.0,6.0,1.0,USD,264.1,394899.45
VYG-2025-0649,4,REFERENCE-CAPESIZE,Capesize,54620,60140,Port Hedland,Qingdao Gang,2025-10-29T22:00:00+00:00,2025-11-10T06:39:36+00:00,3387.87,13.98,13.98,242.34,10.098,182000.0,18.2,182000.0,18.2,Dry Bulk,Pilbara Iron Ore Fines,151073.8,151073.8,63451.0,63451.0,0.8301,83.01,52.0,1,10.0,29.0,22.0,2.0,USD,272.66,833020.14
VYG-2025-0650,3,REFERENCE-PANAMAX,Panamax,54605,59970,Dampier,Shanghai,2025-10-30T22:00:00+00:00,2025-11-11T13:42:00+00:00,3252.48,13.08,13.08,248.66,10.361,82500.0,14.43,82500.0,14.43,Dry Bulk,Iron Ore,66672.1,66672.1,30002.4,30002.4,0.8081,80.81,33.0,1,10.0,30.0,22.0,3.0,USD,279.7,530682.72
VYG-2025-0651,2,REFERENCE-SUPRAMAX,Supramax,12970,31140,Santos,Rotterdam,2025-11-03T12:00:00+00:00,2025-11-20T07:03:00+00:00,5434.73,14.26,14.26,381.12,15.88,58328.0,12.8,58328.0,12.8,Dry Bulk,Agricultural Grain & Soybeans,46702.0,46702.0,58377.5,58377.5,0.8007,80.07,33.0,1,11.0,3.0,12.0,0.0,USD,403.05,711067.84
VYG-2025-0652,4,REFERENCE-CAPESIZE,Capesize,12855,60140,Tubarao,Qingdao Gang,2025-11-08T11:00:00+00:00,2025-12-14T12:54:00+00:00,11257.43,13.72,13.72,820.51,34.188,182000.0,18.2,182000.0,18.2,Dry Bulk,High-Grade Carajas Iron Ore,131389.8,131389.8,52555.9,52555.9,0.7219,72.19,52.0,1,11.0,8.0,11.0,5.0,USD,865.9,2223148.01
VYG-2025-0653,1,REFERENCE-HANDYSIZE,Handysize,9240,31250,Houston,Antwerpen,2025-11-10T12:00:00+00:00,2025-11-26T12:54:36+00:00,4844.92,13.98,13.98,346.56,14.44,38200.0,10.54,38200.0,10.54,General Cargo,Petrochemical Intermediates,32998.2,32998.2,37947.9,37947.9,0.8638,86.38,26.0,1,11.0,10.0,12.0,0.0,USD,384.91,512530.48
VYG-2025-0654,2,REFERENCE-SUPRAMAX,Supramax,54620,48840,Port Hedland,Mumbai (Bombay),2025-11-15T00:00:00+00:00,2025-11-27T03:37:48+00:00,3920.75,14.63,14.63,267.99,11.166,58328.0,12.8,58328.0,12.8,Dry Bulk,Premium Hard Coking Coal,54134.2,54134.2,66043.7,66043.7,0.9281,92.81,33.0,1,11.0,15.0,0.0,5.0,USD,291.63,557144.16
VYG-2025-0655,1,REFERENCE-HANDYSIZE,Handysize,50000,31140,Keppel - (East Singapore),Rotterdam,2025-11-15T18:00:00+00:00,2025-12-11T08:04:12+00:00,8287.32,14.15,14.15,585.68,24.403,38200.0,10.54,38200.0,10.54,General Cargo,Containerized Freight,30501.4,30501.4,45752.1,45752.1,0.7985,79.85,26.0,1,11.0,15.0,18.0,5.0,USD,614.07,994225.36
VYG-2025-0656,2,REFERENCE-SUPRAMAX,Supramax,50000,59970,Keppel - (East Singapore),Shanghai,2025-11-16T08:00:00+00:00,2025-11-23T23:47:24+00:00,2266.4,14.17,14.17,159.94,6.664,58328.0,12.8,58328.0,12.8,General Cargo,Electronics & Machinery,46540.3,46540.3,62829.4,62829.4,0.7979,79.79,33.0,1,11.0,16.0,8.0,6.0,USD,183.79,369327.12
VYG-2025-0657,2,REFERENCE-SUPRAMAX,Supramax,50000,48840,Keppel - (East Singapore),Mumbai (Bombay),2025-11-18T22:00:00+00:00,2025-11-27T03:00:00+00:00,2458.1,13.95,13.95,176.21,7.342,58328.0,12.8,58328.0,12.8,Dry Bulk,Minor Bulk Fertilizers,43665.8,43665.8,48032.4,48032.4,0.7486,74.86,33.0,1,11.0,18.0,22.0,1.0,USD,197.0,377385.23
VYG-2025-0658,2,REFERENCE-SUPRAMAX,Supramax,42440,47110,Stilis,Lamu,2025-11-22T04:00:00+00:00,2025-12-02T10:24:00+00:00,3129.61,14.21,14.21,220.24,9.177,58328.0,12.8,58328.0,12.8,Liquid Bulk,Clean Refined Products,54243.6,54243.6,64007.4,64007.4,0.93,93.0,33.0,1,11.0,22.0,4.0,5.0,USD,246.4,562490.74
VYG-2025-0659,2,REFERENCE-SUPRAMAX,Supramax,57461,7780,Siam Seaport,Jersey City,2025-11-23T05:00:00+00:00,2025-12-29T15:36:00+00:00,11521.24,13.87,13.87,830.66,34.611,58328.0,12.8,58328.0,12.8,Dry Bulk,Agricultural Tapioca & Rice,51850.4,51850.4,66368.5,66368.5,0.8889,88.89,33.0,1,11.0,23.0,5.0,6.0,USD,874.6,1575973.35
VYG-2025-0660,1,REFERENCE-HANDYSIZE,Handysize,31140,7780,Rotterdam,Jersey City,2025-11-23T16:00:00+00:00,2025-12-05T02:56:24+00:00,3425.48,14.49,14.49,236.4,9.85,38200.0,10.54,38200.0,10.54,General Cargo,High-Value Industrial Goods,29640.6,29640.6,41496.8,41496.8,0.7759,77.59,26.0,1,11.0,23.0,16.0,6.0,USD,274.94,406011.75
VYG-2025-0661,4,REFERENCE-CAPESIZE,Capesize,54620,60140,Port Hedland,Qingdao Gang,2025-11-23T19:00:00+00:00,2025-12-04T23:43:48+00:00,3381.66,13.91,13.91,243.11,10.13,182000.0,18.2,182000.0,18.2,Dry Bulk,Pilbara Iron Ore Fines,154727.7,154727.7,64985.6,64985.6,0.8502,85.02,52.0,1,11.0,23.0,19.0,6.0,USD,268.73,839199.73
VYG-2025-0662,3,REFERENCE-PANAMAX,Panamax,54605,59970,Dampier,Shanghai,2025-11-24T12:00:00+00:00,2025-12-05T19:04:12+00:00,3293.08,13.29,13.29,247.79,10.325,82500.0,14.43,82500.0,14.43,Dry Bulk,Iron Ore,72784.7,72784.7,32753.1,32753.1,0.8822,88.22,33.0,1,11.0,24.0,12.0,0.0,USD,271.07,529114.39
VYG-2025-0663,2,REFERENCE-SUPRAMAX,Supramax,12970,31140,Santos,Rotterdam,2025-11-26T11:00:00+00:00,2025-12-14T08:12:36+00:00,5501.07,13.9,13.9,395.76,16.49,58328.0,12.8,58328.0,12.8,Dry Bulk,Agricultural Grain & Soybeans,52144.0,52144.0,65180.0,65180.0,0.894,89.4,33.0,1,11.0,26.0,11.0,2.0,USD,429.21,722503.36
VYG-2025-0664,4,REFERENCE-CAPESIZE,Capesize,12855,60140,Tubarao,Qingdao Gang,2025-11-27T19:00:00+00:00,2026-01-03T20:21:00+00:00,11348.69,13.7,13.7,828.37,34.515,182000.0,18.2,182000.0,18.2,Dry Bulk,High-Grade Carajas Iron Ore,139247.6,139247.6,55699.0,55699.0,0.7651,76.51,52.0,1,11.0,27.0,19.0,3.0,USD,889.35,2229935.92
VYG-2025-0665,1,REFERENCE-HANDYSIZE,Handysize,9240,31250,Houston,Antwerpen,2025-11-29T06:00:00+00:00,2025-12-15T09:20:24+00:00,4803.65,13.99,13.99,343.36,14.307,38200.0,10.54,38200.0,10.54,General Cargo,Petrochemical Intermediates,33358.2,33358.2,38361.9,38361.9,0.8733,87.33,26.0,1,11.0,29.0,6.0,5.0,USD,387.34,524497.7
VYG-2025-0666,2,REFERENCE-SUPRAMAX,Supramax,54620,48840,Port Hedland,Mumbai (Bombay),2025-12-02T22:00:00+00:00,2025-12-15T19:00:00+00:00,3942.78,14.08,14.08,280.03,11.668,58328.0,12.8,58328.0,12.8,Dry Bulk,Premium Hard Coking Coal,48161.7,48161.7,58757.3,58757.3,0.8257,82.57,33.0,1,12.0,2.0,22.0,1.0,USD,309.0,569725.89
VYG-2025-0667,1,REFERENCE-HANDYSIZE,Handysize,50000,31140,Keppel - (East Singapore),Rotterdam,2025-12-03T19:00:00+00:00,2025-12-29T13:55:12+00:00,8357.72,14.03,14.03,595.7,24.821,38200.0,10.54,38200.0,10.54,General Cargo,Containerized Freight,36436.8,36436.8,54655.2,54655.2,0.9538,95.38,26.0,1,12.0,3.0,19.0,2.0,USD,618.92,975723.95
VYG-2025-0668,2,REFERENCE-SUPRAMAX,Supramax,50000,59970,Keppel - (East Singapore),Shanghai,2025-12-04T15:00:00+00:00,2025-12-12T03:09:36+00:00,2240.9,13.74,13.74,163.09,6.795,58328.0,12.8,58328.0,12.8,General Cargo,Electronics & Machinery,50280.7,50280.7,67878.9,67878.9,0.862,86.2,33.0,1,12.0,4.0,15.0,3.0,USD,180.16,348994.17
VYG-2025-0669,1,REFERENCE-HANDYSIZE,Handysize,50000,48840,Keppel - (East Singapore),Mumbai (Bombay),2025-12-04T21:00:00+00:00,2025-12-13T02:10:12+00:00,2468.92,13.95,13.95,176.98,7.374,38200.0,10.54,38200.0,10.54,Dry Bulk,Minor Bulk Fertilizers,34161.7,34161.7,37577.9,37577.9,0.8943,89.43,26.0,1,12.0,4.0,21.0,3.0,USD,197.17,296840.55
VYG-2025-0670,2,REFERENCE-SUPRAMAX,Supramax,42440,47110,Stilis,Lamu,2025-12-08T05:00:00+00:00,2025-12-18T07:46:48+00:00,3133.77,14.21,14.21,220.53,9.189,58328.0,12.8,58328.0,12.8,Liquid Bulk,Clean Refined Products,52772.0,52772.0,62271.0,62271.0,0.9047,90.47,33.0,1,12.0,8.0,5.0,0.0,USD,242.78,551521.13
VYG-2025-0671,2,REFERENCE-SUPRAMAX,Supramax,57461,7780,Siam Seaport,Jersey City,2025-12-09T01:00:00+00:00,2026-01-13T06:18:00+00:00,11286.91,14.05,14.05,803.34,33.473,58328.0,12.8,58328.0,12.8,Dry Bulk,Agricultural Tapioca & Rice,45732.4,45732.4,58537.5,58537.5,0.7841,78.41,33.0,1,12.0,9.0,1.0,1.0,USD,845.3,1516144.89
VYG-2025-0672,2,REFERENCE-SUPRAMAX,Supramax,31140,7780,Rotterdam,Jersey City,2025-12-09T20:00:00+00:00,2025-12-21T10:46:48+00:00,3433.29,14.21,14.21,241.61,10.067,58328.0,12.8,58328.0,12.8,General Cargo,High-Value Industrial Goods,46359.6,46359.6,64903.4,64903.4,0.7948,79.48,33.0,1,12.0,9.0,20.0,1.0,USD,278.78,506778.71
VYG-2025-0673,4,REFERENCE-CAPESIZE,Capesize,54620,60140,Port Hedland,Qingdao Gang,2025-12-10T18:00:00+00:00,2025-12-21T23:56:24+00:00,3409.08,13.75,13.75,247.93,10.33,182000.0,18.2,182000.0,18.2,Dry Bulk,Pilbara Iron Ore Fines,135407.4,135407.4,56871.1,56871.1,0.744,74.4,52.0,1,12.0,10.0,18.0,2.0,USD,269.94,798504.16
VYG-2025-0674,3,REFERENCE-PANAMAX,Panamax,54605,59970,Dampier,Shanghai,2025-12-11T02:00:00+00:00,2025-12-22T00:42:36+00:00,3288.01,13.53,13.53,243.02,10.126,82500.0,14.43,82500.0,14.43,Dry Bulk,Iron Ore,60061.8,60061.8,27027.8,27027.8,0.728,72.8,33.0,1,12.0,11.0,2.0,3.0,USD,262.71,524243.83
VYG-2025-0675,2,REFERENCE-SUPRAMAX,Supramax,12970,31140,Santos,Rotterdam,2025-12-12T09:00:00+00:00,2025-12-29T23:43:12+00:00,5498.38,13.76,13.76,399.59,16.65,58328.0,12.8,58328.0,12.8,Dry Bulk,Agricultural Grain & Soybeans,42761.7,42761.7,53452.1,53452.1,0.7331,73.31,33.0,1,12.0,12.0,9.0,4.0,USD,422.72,701412.13
VYG-2025-0676,4,REFERENCE-CAPESIZE,Capesize,12855,60140,Tubarao,Qingdao Gang,2025-12-13T01:00:00+00:00,2026-01-17T01:12:00+00:00,11215.42,14.46,14.46,775.62,32.318,182000.0,18.2,182000.0,18.2,Dry Bulk,High-Grade Carajas Iron Ore,166267.7,166267.7,66507.1,66507.1,0.9136,91.36,52.0,1,12.0,13.0,1.0,5.0,USD,840.2,2235310.01
VYG-2025-0677,1,REFERENCE-HANDYSIZE,Handysize,9240,31250,Houston,Antwerpen,2025-12-13T09:00:00+00:00,2025-12-29T15:08:24+00:00,4849.51,13.72,13.72,353.46,14.727,38200.0,10.54,38200.0,10.54,General Cargo,Petrochemical Intermediates,28225.5,28225.5,32459.3,32459.3,0.7389,73.89,26.0,1,12.0,13.0,9.0,5.0,USD,390.14,517007.25
VYG-2025-0678,3,REFERENCE-PANAMAX,Panamax,54620,48840,Port Hedland,Mumbai (Bombay),2025-12-13T23:00:00+00:00,2025-12-27T06:06:00+00:00,3959.28,13.44,13.44,294.59,12.275,82500.0,14.43,82500.0,14.43,Dry Bulk,Premium Hard Coking Coal,77008.5,77008.5,93950.4,93950.4,0.9334,93.34,33.0,1,12.0,13.0,23.0,5.0,USD,319.1,622563.32
VYG-2025-0679,1,REFERENCE-HANDYSIZE,Handysize,50000,31140,Keppel - (East Singapore),Rotterdam,2025-12-16T22:00:00+00:00,2026-01-11T15:05:24+00:00,8244.45,14.05,14.05,586.79,24.45,38200.0,10.54,38200.0,10.54,General Cargo,Containerized Freight,31093.6,31093.6,46640.4,46640.4,0.814,81.4,26.0,1,12.0,16.0,22.0,1.0,USD,617.09,1018622.92
VYG-2025-0680,1,REFERENCE-HANDYSIZE,Handysize,50000,59970,Keppel - (East Singapore),Shanghai,2025-12-17T01:00:00+00:00,2025-12-24T08:25:12+00:00,2227.88,14.31,14.31,155.69,6.487,38200.0,10.54,38200.0,10.54,General Cargo,Electronics & Machinery,31812.8,31812.8,42947.3,42947.3,0.8328,83.28,26.0,1,12.0,17.0,1.0,2.0,USD,175.42,284166.82
VYG-2025-0681,2,REFERENCE-SUPRAMAX,Supramax,50000,48840,Keppel - (East Singapore),Mumbai (Bombay),2025-12-18T05:00:00+00:00,2025-12-26T22:01:48+00:00,2455.45,13.99,13.99,175.51,7.313,58328.0,12.8,58328.0,12.8,Dry Bulk,Minor Bulk Fertilizers,54303.9,54303.9,59734.3,59734.3,0.931,93.1,33.0,1,12.0,18.0,5.0,3.0,USD,209.03,373029.72
VYG-2025-0682,1,REFERENCE-HANDYSIZE,Handysize,42440,47110,Stilis,Lamu,2025-12-19T03:00:00+00:00,2025-12-29T10:30:00+00:00,3105.9,13.83,13.83,224.58,9.357,38200.0,10.54,38200.0,10.54,Liquid Bulk,Clean Refined Products,36256.1,36256.1,42782.2,42782.2,0.9491,94.91,26.0,1,12.0,19.0,3.0,4.0,USD,247.5,448116.09
VYG-2025-0683,2,REFERENCE-SUPRAMAX,Supramax,57461,7780,Siam Seaport,Jersey City,2025-12-19T06:00:00+00:00,2026-01-23T09:03:00+00:00,11523.21,14.11,14.11,816.67,34.028,58328.0,12.8,58328.0,12.8,Dry Bulk,Agricultural Tapioca & Rice,45593.2,45593.2,58359.3,58359.3,0.7817,78.17,33.0,1,12.0,19.0,6.0,4.0,USD,843.05,1511081.33
VYG-2025-0684,2,REFERENCE-SUPRAMAX,Supramax,31140,7780,Rotterdam,Jersey City,2025-12-20T10:00:00+00:00,2026-01-01T10:52:12+00:00,3453.38,14.3,14.3,241.5,10.062,58328.0,12.8,58328.0,12.8,General Cargo,High-Value Industrial Goods,42981.2,42981.2,60173.7,60173.7,0.7369,73.69,33.0,1,12.0,20.0,10.0,5.0,USD,288.87,547202.56
VYG-2025-0685,3,REFERENCE-PANAMAX,Panamax,54620,60140,Port Hedland,Qingdao Gang,2025-12-21T22:00:00+00:00,2026-01-02T00:59:24+00:00,3380.21,13.61,13.61,248.36,10.348,82500.0,14.43,82500.0,14.43,Dry Bulk,Pilbara Iron Ore Fines,70501.8,70501.8,29610.8,29610.8,0.8546,85.46,33.0,1,12.0,21.0,22.0,6.0,USD,266.99,527197.02
VYG-2025-0686,4,REFERENCE-CAPESIZE,Capesize,54605,59970,Dampier,Shanghai,2025-12-22T13:00:00+00:00,2026-01-02T01:38:24+00:00,3253.44,14.31,14.31,227.35,9.473,182000.0,18.2,182000.0,18.2,Dry Bulk,Iron Ore,148999.0,148999.0,67049.6,67049.6,0.8187,81.87,52.0,1,12.0,22.0,13.0,0.0,USD,252.64,787427.17
VYG-2025-0687,2,REFERENCE-SUPRAMAX,Supramax,12970,31140,Santos,Rotterdam,2025-12-22T18:00:00+00:00,2026-01-08T20:18:00+00:00,5436.41,14.0,14.0,388.31,16.18,58328.0,12.8,58328.0,12.8,Dry Bulk,Agricultural Grain & Soybeans,42187.1,42187.1,52733.9,52733.9,0.7233,72.33,33.0,1,12.0,22.0,18.0,0.0,USD,410.3,709177.54
VYG-2025-0688,4,REFERENCE-CAPESIZE,Capesize,12855,60140,Tubarao,Qingdao Gang,2025-12-23T19:00:00+00:00,2026-01-28T17:07:48+00:00,11083.43,13.6,13.6,814.96,33.957,182000.0,18.2,182000.0,18.2,Dry Bulk,High-Grade Carajas Iron Ore,141145.3,141145.3,56458.1,56458.1,0.7755,77.55,52.0,1,12.0,23.0,19.0,1.0,USD,862.13,2118702.65
VYG-2025-0689,1,REFERENCE-HANDYSIZE,Handysize,9240,31250,Houston,Antwerpen,2025-12-28T01:00:00+00:00,2026-01-13T06:04:12+00:00,4853.48,14.2,14.2,341.79,14.241,38200.0,10.54,38200.0,10.54,General Cargo,Petrochemical Intermediates,30518.2,30518.2,35095.9,35095.9,0.7989,79.89,26.0,1,12.0,28.0,1.0,6.0,USD,389.07,532958.8
VYG-2025-0690,2,REFERENCE-SUPRAMAX,Supramax,54620,48840,Port Hedland,Mumbai (Bombay),2025-12-28T20:00:00+00:00,2026-01-10T12:16:12+00:00,3916.02,13.84,13.84,282.95,11.79,58328.0,12.8,58328.0,12.8,Dry Bulk,Premium Hard Coking Coal,49690.2,49690.2,60622.0,60622.0,0.8519,85.19,33.0,1,12.0,28.0,20.0,6.0,USD,304.27,522375.74
VYG-2025-0691,1,REFERENCE-HANDYSIZE,Handysize,50000,31140,Keppel - (East Singapore),Rotterdam,2025-12-29T18:00:00+00:00,2026-01-24T12:49:12+00:00,8377.59,14.07,14.07,595.42,24.809,38200.0,10.54,38200.0,10.54,General Cargo,Containerized Freight,30027.4,30027.4,45041.1,45041.1,0.7861,78.61,26.0,1,12.0,29.0,18.0,0.0,USD,618.82,1022745.59
VYG-2025-0692,2,REFERENCE-SUPRAMAX,Supramax,50000,59970,Keppel - (East Singapore),Shanghai,2025-12-29T20:00:00+00:00,2026-01-06T08:45:36+00:00,2261.38,13.92,13.92,162.46,6.769,58328.0,12.8,58328.0,12.8,General Cargo,Electronics & Machinery,50073.7,50073.7,67599.5,67599.5,0.8585,85.85,33.0,1,12.0,29.0,20.0,0.0,USD,180.76,353307.68
VYG-2026-0693,2,REFERENCE-SUPRAMAX,Supramax,50000,48840,Keppel - (East Singapore),Mumbai (Bombay),2026-01-03T22:00:00+00:00,2026-01-12T02:35:24+00:00,2455.6,14.41,14.41,170.41,7.1,58328.0,12.8,58328.0,12.8,Dry Bulk,Minor Bulk Fertilizers,51511.5,51511.5,56662.7,56662.7,0.8831,88.31,33.0,1,1.0,3.0,22.0,5.0,USD,196.59,359890.49
VYG-2026-0694,1,REFERENCE-HANDYSIZE,Handysize,42440,47110,Stilis,Lamu,2026-01-06T22:00:00+00:00,2026-01-17T12:58:48+00:00,3121.46,14.14,14.14,220.75,9.198,38200.0,10.54,38200.0,10.54,Liquid Bulk,Clean Refined Products,28233.7,28233.7,33315.8,33315.8,0.7391,73.91,26.0,1,1.0,6.0,22.0,1.0,USD,254.98,471370.99
VYG-2026-0695,2,REFERENCE-SUPRAMAX,Supramax,57461,7780,Siam Seaport,Jersey City,2026-01-09T10:00:00+00:00,2026-02-14T22:19:12+00:00,11481.07,13.88,13.88,827.17,34.465,58328.0,12.8,58328.0,12.8,Dry Bulk,Agricultural Tapioca & Rice,46533.6,46533.6,59563.0,59563.0,0.7978,79.78,33.0,1,1.0,9.0,10.0,4.0,USD,876.32,1524083.37
VYG-2026-0696,1,REFERENCE-HANDYSIZE,Handysize,31140,7780,Rotterdam,Jersey City,2026-01-11T19:00:00+00:00,2026-01-24T03:36:36+00:00,3401.95,13.45,13.45,252.93,10.539,38200.0,10.54,38200.0,10.54,General Cargo,High-Value Industrial Goods,30836.7,30836.7,43171.4,43171.4,0.8072,80.72,26.0,1,1.0,11.0,19.0,6.0,USD,296.61,385945.06
VYG-2026-0697,3,REFERENCE-PANAMAX,Panamax,54620,60140,Port Hedland,Qingdao Gang,2026-01-15T14:00:00+00:00,2026-01-26T14:51:00+00:00,3401.59,13.78,13.78,246.85,10.285,82500.0,14.43,82500.0,14.43,Dry Bulk,Pilbara Iron Ore Fines,66245.5,66245.5,27823.1,27823.1,0.803,80.3,33.0,1,1.0,15.0,14.0,3.0,USD,264.85,562812.06
VYG-2026-0698,4,REFERENCE-CAPESIZE,Capesize,54605,59970,Dampier,Shanghai,2026-01-16T11:00:00+00:00,2026-01-26T23:35:24+00:00,3248.94,14.07,14.07,230.91,9.621,182000.0,18.2,182000.0,18.2,Dry Bulk,Iron Ore,132725.7,132725.7,59726.6,59726.6,0.7293,72.93,52.0,1,1.0,16.0,11.0,4.0,USD,252.59,751764.89
VYG-2026-0699,3,REFERENCE-PANAMAX,Panamax,12970,31140,Santos,Rotterdam,2026-01-19T14:00:00+00:00,2026-02-06T00:45:00+00:00,5520.97,13.9,13.9,397.19,16.55,82500.0,14.43,82500.0,14.43,Dry Bulk,Agricultural Grain & Soybeans,77929.1,77929.1,97411.4,97411.4,0.9446,94.46,33.0,1,1.0,19.0,14.0,0.0,USD,418.75,791587.78
VYG-2026-0700,4,REFERENCE-CAPESIZE,Capesize,12855,60140,Tubarao,Qingdao Gang,2026-01-20T08:00:00+00:00,2026-02-24T04:06:36+00:00,11223.48,14.17,14.17,792.06,33.002,182000.0,18.2,182000.0,18.2,Dry Bulk,High-Grade Carajas Iron Ore,148984.1,148984.1,59593.6,59593.6,0.8186,81.86,52.0,1,1.0,20.0,8.0,1.0,USD,836.11,2279302.85
VYG-2026-0701,1,REFERENCE-HANDYSIZE,Handysize,9240,31250,Houston,Antwerpen,2026-01-24T04:00:00+00:00,2026-02-09T13:41:24+00:00,4881.33,13.92,13.92,350.67,14.611,38200.0,10.54,38200.0,10.54,General Cargo,Petrochemical Intermediates,34691.3,34691.3,39895.0,39895.0,0.9081,90.81,26.0,1,1.0,24.0,4.0,5.0,USD,393.69,530857.16
VYG-2026-0702,2,REFERENCE-SUPRAMAX,Supramax,54620,48840,Port Hedland,Mumbai (Bombay),2026-01-24T14:00:00+00:00,2026-02-06T03:02:24+00:00,3934.75,14.02,14.02,280.65,11.694,58328.0,12.8,58328.0,12.8,Dry Bulk,Premium Hard Coking Coal,50778.9,50778.9,61950.3,61950.3,0.8706,87.06,33.0,1,1.0,24.0,14.0,5.0,USD,301.04,536589.73
VYG-2026-0703,2,REFERENCE-SUPRAMAX,Supramax,50000,31140,Keppel - (East Singapore),Rotterdam,2026-01-28T05:00:00+00:00,2026-02-22T21:25:12+00:00,8303.37,14.19,14.19,585.16,24.382,58328.0,12.8,58328.0,12.8,General Cargo,Containerized Freight,47087.9,47087.9,70631.9,70631.9,0.8073,80.73,33.0,1,1.0,28.0,5.0,2.0,USD,616.42,1208133.82
VYG-2026-0704,2,REFERENCE-SUPRAMAX,Supramax,50000,59970,Keppel - (East Singapore),Shanghai,2026-01-30T07:00:00+00:00,2026-02-06T15:08:24+00:00,2246.1,14.28,14.28,157.29,6.554,58328.0,12.8,58328.0,12.8,General Cargo,Electronics & Machinery,49305.3,49305.3,66562.2,66562.2,0.8453,84.53,33.0,1,1.0,30.0,7.0,4.0,USD,176.14,343338.9
VYG-2026-0705,1,REFERENCE-HANDYSIZE,Handysize,50000,48840,Keppel - (East Singapore),Mumbai (Bombay),2026-02-02T22:00:00+00:00,2026-02-11T01:01:12+00:00,2472.95,14.11,14.11,175.26,7.302,38200.0,10.54,38200.0,10.54,Dry Bulk,Minor Bulk Fertilizers,31267.5,31267.5,34394.2,34394.2,0.8185,81.85,26.0,1,2.0,2.0,22.0,0.0,USD,195.02,298472.98
VYG-2026-0706,2,REFERENCE-SUPRAMAX,Supramax,42440,47110,Stilis,Lamu,2026-02-03T12:00:00+00:00,2026-02-13T17:58:48+00:00,3103.72,14.35,14.35,216.29,9.012,58328.0,12.8,58328.0,12.8,Liquid Bulk,Clean Refined Products,53109.7,53109.7,62669.4,62669.4,0.9105,91.05,33.0,1,2.0,3.0,12.0,1.0,USD,245.98,559329.94
VYG-2026-0707,2,REFERENCE-SUPRAMAX,Supramax,57461,7780,Siam Seaport,Jersey City,2026-02-05T11:00:00+00:00,2026-03-11T18:21:00+00:00,11417.2,14.45,14.45,790.12,32.922,58328.0,12.8,58328.0,12.8,Dry Bulk,Agricultural Tapioca & Rice,43406.6,43406.6,55560.4,55560.4,0.7442,74.42,33.0,1,2.0,5.0,11.0,3.0,USD,823.35,1562464.26
VYG-2026-0708,2,REFERENCE-SUPRAMAX,Supramax,31140,7780,Rotterdam,Jersey City,2026-02-06T20:00:00+00:00,2026-02-17T20:02:24+00:00,3374.8,14.29,14.29,236.17,9.84,58328.0,12.8,58328.0,12.8,General Cargo,High-Value Industrial Goods,54036.1,54036.1,75650.5,75650.5,0.9264,92.64,33.0,1,2.0,6.0,20.0,4.0,USD,264.04,474269.78
VYG-2026-0709,4,REFERENCE-CAPESIZE,Capesize,54620,60140,Port Hedland,Qingdao Gang,2026-02-07T22:00:00+00:00,2026-02-19T04:56:24+00:00,3368.36,13.51,13.51,249.32,10.388,182000.0,18.2,182000.0,18.2,Dry Bulk,Pilbara Iron Ore Fines,155966.6,155966.6,65506.0,65506.0,0.857,85.7,52.0,1,2.0,7.0,22.0,5.0,USD,270.94,789992.36
VYG-2026-0710,3,REFERENCE-PANAMAX,Panamax,54605,59970,Dampier,Shanghai,2026-02-11T04:00:00+00:00,2026-02-21T20:37:12+00:00,3262.64,13.93,13.93,234.22,9.759,82500.0,14.43,82500.0,14.43,Dry Bulk,Iron Ore,77834.3,77834.3,35025.4,35025.4,0.9434,94.34,33.0,1,2.0,11.0,4.0,2.0,USD,256.62,544979.02
VYG-2026-0711,3,REFERENCE-PANAMAX,Panamax,12970,31140,Santos,Rotterdam,2026-02-12T12:00:00+00:00,2026-03-02T19:55:12+00:00,5474.47,13.77,13.77,397.56,16.565,82500.0,14.43,82500.0,14.43,Dry Bulk,Agricultural Grain & Soybeans,71000.1,71000.1,88750.1,88750.1,0.8606,86.06,33.0,1,2.0,12.0,12.0,3.0,USD,439.92,832087.92
VYG-2026-0712,4,REFERENCE-CAPESIZE,Capesize,12855,60140,Tubarao,Qingdao Gang,2026-02-15T01:00:00+00:00,2026-03-24T22:06:36+00:00,11430.12,13.64,13.64,837.99,34.916,182000.0,18.2,182000.0,18.2,Dry Bulk,High-Grade Carajas Iron Ore,166692.8,166692.8,66677.1,66677.1,0.9159,91.59,52.0,1,2.0,15.0,1.0,6.0,USD,909.11,2241402.49
VYG-2026-0713,2,REFERENCE-SUPRAMAX,Supramax,9240,31250,Houston,Antwerpen,2026-02-18T02:00:00+00:00,2026-03-05T14:10:48+00:00,4796.03,14.09,14.09,340.39,14.183,58328.0,12.8,58328.0,12.8,General Cargo,Petrochemical Intermediates,53005.9,53005.9,60956.8,60956.8,0.9088,90.88,33.0,1,2.0,18.0,2.0,2.0,USD,372.18,643980.82
VYG-2026-0714,2,REFERENCE-SUPRAMAX,Supramax,54620,48840,Port Hedland,Mumbai (Bombay),2026-02-20T06:00:00+00:00,2026-03-04T16:28:12+00:00,3860.53,14.07,14.07,274.38,11.432,58328.0,12.8,58328.0,12.8,Dry Bulk,Premium Hard Coking Coal,50800.0,50800.0,61976.0,61976.0,0.8709,87.09,33.0,1,2.0,20.0,6.0,4.0,USD,298.47,526788.11
VYG-2026-0715,2,REFERENCE-SUPRAMAX,Supramax,50000,31140,Keppel - (East Singapore),Rotterdam,2026-02-21T06:00:00+00:00,2026-03-19T07:57:36+00:00,8392.09,13.97,13.97,600.72,25.03,58328.0,12.8,58328.0,12.8,General Cargo,Containerized Freight,43865.6,43865.6,65798.4,65798.4,0.7521,75.21,33.0,1,2.0,21.0,6.0,5.0,USD,625.96,1232029.32
VYG-2026-0716,1,REFERENCE-HANDYSIZE,Handysize,50000,59970,Keppel - (East Singapore),Shanghai,2026-02-23T09:00:00+00:00,2026-03-02T17:15:00+00:00,2269.4,14.34,14.34,158.26,6.594,38200.0,10.54,38200.0,10.54,General Cargo,Electronics & Machinery,30932.3,30932.3,41758.6,41758.6,0.8097,80.97,26.0,1,2.0,23.0,9.0,0.0,USD,176.25,272675.77
VYG-2026-0717,1,REFERENCE-HANDYSIZE,Handysize,50000,48840,Keppel - (East Singapore),Mumbai (Bombay),2026-02-24T10:00:00+00:00,2026-03-04T14:25:12+00:00,2444.41,14.15,14.15,172.75,7.198,38200.0,10.54,38200.0,10.54,Dry Bulk,Minor Bulk Fertilizers,35715.3,35715.3,39286.8,39286.8,0.935,93.5,26.0,1,2.0,24.0,10.0,1.0,USD,196.42,301541.99
VYG-2026-0718,1,REFERENCE-HANDYSIZE,Handysize,42440,47110,Stilis,Lamu,2026-02-25T03:00:00+00:00,2026-03-07T17:27:36+00:00,3127.09,13.35,13.35,234.24,9.76,38200.0,10.54,38200.0,10.54,Liquid Bulk,Clean Refined Products,30954.0,30954.0,36525.7,36525.7,0.8103,81.03,26.0,1,2.0,25.0,3.0,2.0,USD,254.46,429373.03
VYG-2026-0719,1,REFERENCE-HANDYSIZE,Handysize,57461,7780,Siam Seaport,Jersey City,2026-02-25T07:00:00+00:00,2026-04-01T02:27:00+00:00,11353.78,14.14,14.14,802.95,33.456,38200.0,10.54,38200.0,10.54,Dry Bulk,Agricultural Tapioca & Rice,29707.2,29707.2,38025.2,38025.2,0.7777,77.77,26.0,1,2.0,25.0,7.0,2.0,USD,835.45,1226996.86
VYG-2026-0720,2,REFERENCE-SUPRAMAX,Supramax,31140,7780,Rotterdam,Jersey City,2026-02-26T11:00:00+00:00,2026-03-09T23:31:48+00:00,3400.5,13.85,13.85,245.52,10.23,58328.0,12.8,58328.0,12.8,General Cargo,High-Value Industrial Goods,55100.7,55100.7,77141.0,77141.0,0.9447,94.47,33.0,1,2.0,26.0,11.0,3.0,USD,276.53,477464.27
VYG-2026-0721,4,REFERENCE-CAPESIZE,Capesize,54620,60140,Port Hedland,Qingdao Gang,2026-02-28T11:00:00+00:00,2026-03-11T18:33:00+00:00,3418.33,13.82,13.82,247.35,10.306,182000.0,18.2,182000.0,18.2,Dry Bulk,Pilbara Iron Ore Fines,156479.3,156479.3,65721.3,65721.3,0.8598,85.98,52.0,1,2.0,28.0,11.0,5.0,USD,271.55,808184.23
VYG-2026-0722,4,REFERENCE-CAPESIZE,Capesize,54605,59970,Dampier,Shanghai,2026-03-02T05:00:00+00:00,2026-03-12T17:12:00+00:00,3234.07,13.88,13.88,233.0,9.708,182000.0,18.2,182000.0,18.2,Dry Bulk,Iron Ore,138640.8,138640.8,62388.4,62388.4,0.7618,76.18,52.0,1,3.0,2.0,5.0,0.0,USD,252.2,736538.35
VYG-2026-0723,2,REFERENCE-SUPRAMAX,Supramax,12970,31140,Santos,Rotterdam,2026-03-04T06:00:00+00:00,2026-03-21T13:49:48+00:00,5460.13,13.83,13.83,394.8,16.45,58328.0,12.8,58328.0,12.8,Dry Bulk,Agricultural Grain & Soybeans,46781.8,46781.8,58477.2,58477.2,0.802,80.2,33.0,1,3.0,4.0,6.0,2.0,USD,415.83,684568.06
VYG-2026-0724,4,REFERENCE-CAPESIZE,Capesize,12855,60140,Tubarao,Qingdao Gang,2026-03-05T03:00:00+00:00,2026-04-09T02:29:24+00:00,11064.12,14.08,14.08,785.8,32.742,182000.0,18.2,182000.0,18.2,Dry Bulk,High-Grade Carajas Iron Ore,135890.0,135890.0,54356.0,54356.0,0.7466,74.66,52.0,1,3.0,5.0,3.0,3.0,USD,839.49,2193757.66
VYG-2026-0725,2,REFERENCE-SUPRAMAX,Supramax,9240,31250,Houston,Antwerpen,2026-03-07T01:00:00+00:00,2026-03-23T02:39:36+00:00,4782.75,14.16,14.16,337.76,14.073,58328.0,12.8,58328.0,12.8,General Cargo,Petrochemical Intermediates,50267.6,50267.6,57807.7,57807.7,0.8618,86.18,33.0,1,3.0,7.0,1.0,5.0,USD,385.66,671655.16
VYG-2026-0726,3,REFERENCE-PANAMAX,Panamax,54620,48840,Port Hedland,Mumbai (Bombay),2026-03-11T02:00:00+00:00,2026-03-24T14:22:48+00:00,3884.18,13.34,13.34,291.17,12.132,82500.0,14.43,82500.0,14.43,Dry Bulk,Premium Hard Coking Coal,69254.2,69254.2,84490.1,84490.1,0.8394,83.94,33.0,1,3.0,11.0,2.0,2.0,USD,324.38,611053.15
VYG-2026-0727,2,REFERENCE-SUPRAMAX,Supramax,50000,31140,Keppel - (East Singapore),Rotterdam,2026-03-11T06:00:00+00:00,2026-04-05T20:07:12+00:00,8397.94,14.22,14.22,590.57,24.607,58328.0,12.8,58328.0,12.8,General Cargo,Containerized Freight,46790.4,46790.4,70185.6,70185.6,0.8022,80.22,33.0,1,3.0,11.0,6.0,2.0,USD,614.12,1192199.03
VYG-2026-0728,1,REFERENCE-HANDYSIZE,Handysize,50000,59970,Keppel - (East Singapore),Shanghai,2026-03-11T20:00:00+00:00,2026-03-19T09:51:36+00:00,2230.7,14.1,14.1,158.21,6.592,38200.0,10.54,38200.0,10.54,General Cargo,Electronics & Machinery,29573.8,29573.8,39924.6,39924.6,0.7742,77.42,26.0,1,3.0,11.0,20.0,2.0,USD,181.86,284465.29
VYG-2026-0729,2,REFERENCE-SUPRAMAX,Supramax,50000,48840,Keppel - (East Singapore),Mumbai (Bombay),2026-03-12T00:00:00+00:00,2026-03-20T04:50:24+00:00,2465.39,13.8,13.8,178.65,7.444,58328.0,12.8,58328.0,12.8,Dry Bulk,Minor Bulk Fertilizers,55567.1,55567.1,61123.8,61123.8,0.9527,95.27,33.0,1,3.0,12.0,0.0,3.0,USD,196.84,363363.24
VYG-2026-0730,2,REFERENCE-SUPRAMAX,Supramax,42440,47110,Stilis,Lamu,2026-03-12T01:00:00+00:00,2026-03-22T02:17:24+00:00,3118.36,14.17,14.17,220.07,9.17,58328.0,12.8,58328.0,12.8,Liquid Bulk,Clean Refined Products,42280.1,42280.1,49890.5,49890.5,0.7249,72.49,33.0,1,3.0,12.0,1.0,3.0,USD,241.29,523117.16
VYG-2026-0731,1,REFERENCE-HANDYSIZE,Handysize,57461,7780,Siam Seaport,Jersey City,2026-03-12T04:00:00+00:00,2026-04-17T01:06:00+00:00,11409.45,13.74,13.74,830.38,34.599,38200.0,10.54,38200.0,10.54,Dry Bulk,Agricultural Tapioca & Rice,31340.3,31340.3,40115.6,40115.6,0.8204,82.04,26.0,1,3.0,12.0,4.0,3.0,USD,861.1,1182261.15
VYG-2026-0732,2,REFERENCE-SUPRAMAX,Supramax,31140,7780,Rotterdam,Jersey City,2026-03-24T20:00:00+00:00,2026-04-04T22:05:24+00:00,3407.59,14.16,14.16,240.65,10.027,58328.0,12.8,58328.0,12.8,General Cargo,High-Value Industrial Goods,43097.3,43097.3,60336.2,60336.2,0.7389,73.89,33.0,1,3.0,24.0,20.0,1.0,USD,266.09,465498.69
VYG-2026-0733,4,REFERENCE-CAPESIZE,Capesize,54620,60140,Port Hedland,Qingdao Gang,2026-03-25T00:00:00+00:00,2026-04-05T01:18:36+00:00,3381.67,14.28,14.28,236.81,9.867,182000.0,18.2,182000.0,18.2,Dry Bulk,Pilbara Iron Ore Fines,163554.0,163554.0,68692.7,68692.7,0.8986,89.86,52.0,1,3.0,25.0,0.0,2.0,USD,265.31,825245.34
VYG-2026-0734,4,REFERENCE-CAPESIZE,Capesize,54605,59970,Dampier,Shanghai,2026-03-25T16:00:00+00:00,2026-04-05T11:39:36+00:00,3283.78,13.6,13.6,241.45,10.06,182000.0,18.2,182000.0,18.2,Dry Bulk,Iron Ore,156190.3,156190.3,70285.6,70285.6,0.8582,85.82,52.0,1,3.0,25.0,16.0,2.0,USD,259.66,747411.0
VYG-2026-0735,2,REFERENCE-SUPRAMAX,Supramax,12970,31140,Santos,Rotterdam,2026-03-28T17:00:00+00:00,2026-04-14T16:21:36+00:00,5421.42,14.06,14.06,385.59,16.066,58328.0,12.8,58328.0,12.8,Dry Bulk,Agricultural Grain & Soybeans,46437.3,46437.3,58046.6,58046.6,0.7961,79.61,33.0,1,3.0,28.0,17.0,5.0,USD,407.36,679512.41
VYG-2026-0736,4,REFERENCE-CAPESIZE,Capesize,12855,60140,Tubarao,Qingdao Gang,2026-03-29T01:00:00+00:00,2026-05-04T08:51:00+00:00,11212.15,13.87,13.87,808.37,33.682,182000.0,18.2,182000.0,18.2,Dry Bulk,High-Grade Carajas Iron Ore,150843.2,150843.2,60337.3,60337.3,0.8288,82.88,52.0,1,3.0,29.0,1.0,6.0,USD,871.85,2253526.43
VYG-2026-0737,2,REFERENCE-SUPRAMAX,Supramax,9240,31250,Houston,Antwerpen,2026-03-29T09:00:00+00:00,2026-04-14T15:01:48+00:00,4900.59,13.94,13.94,351.55,14.648,58328.0,12.8,58328.0,12.8,General Cargo,Petrochemical Intermediates,50503.3,50503.3,58078.8,58078.8,0.8659,86.59,33.0,1,3.0,29.0,9.0,6.0,USD,390.03,626246.18
VYG-2026-0738,3,REFERENCE-PANAMAX,Panamax,54620,48840,Port Hedland,Mumbai (Bombay),2026-03-30T05:00:00+00:00,2026-04-12T02:26:24+00:00,3877.58,13.51,13.51,287.02,11.959,82500.0,14.43,82500.0,14.43,Dry Bulk,Premium Hard Coking Coal,72525.5,72525.5,88481.1,88481.1,0.8791,87.91,33.0,1,3.0,30.0,5.0,0.0,USD,309.44,598121.84
VYG-2026-0739,2,REFERENCE-SUPRAMAX,Supramax,50000,31140,Keppel - (East Singapore),Rotterdam,2026-03-31T09:00:00+00:00,2026-04-25T14:54:36+00:00,8171.35,14.25,14.25,573.43,23.893,58328.0,12.8,58328.0,12.8,General Cargo,Containerized Freight,45852.2,45852.2,68778.3,68778.3,0.7861,78.61,33.0,1,3.0,31.0,9.0,1.0,USD,605.91,1157564.28
VYG-2026-0740,2,REFERENCE-SUPRAMAX,Supramax,50000,59970,Keppel - (East Singapore),Shanghai,2026-04-01T02:00:00+00:00,2026-04-08T14:23:24+00:00,2226.08,13.94,13.94,159.69,6.654,58328.0,12.8,58328.0,12.8,General Cargo,Electronics & Machinery,42048.2,42048.2,56765.1,56765.1,0.7209,72.09,33.0,1,4.0,1.0,2.0,2.0,USD,180.39,327348.85
VYG-2026-0741,1,REFERENCE-HANDYSIZE,Handysize,50000,48840,Keppel - (East Singapore),Mumbai (Bombay),2026-04-02T20:00:00+00:00,2026-04-10T21:58:48+00:00,2458.41,14.18,14.18,173.37,7.224,38200.0,10.54,38200.0,10.54,Dry Bulk,Minor Bulk Fertilizers,29025.8,29025.8,31928.4,31928.4,0.7598,75.98,26.0,1,4.0,2.0,20.0,3.0,USD,193.98,300041.26
VYG-2026-0742,2,REFERENCE-SUPRAMAX,Supramax,42440,47110,Stilis,Lamu,2026-04-04T01:00:00+00:00,2026-04-14T05:15:00+00:00,3125.15,13.91,13.91,224.67,9.361,58328.0,12.8,58328.0,12.8,Liquid Bulk,Clean Refined Products,55796.9,55796.9,65840.3,65840.3,0.9566,95.66,33.0,1,4.0,4.0,1.0,5.0,USD,244.25,516485.59
VYG-2026-0743,1,REFERENCE-HANDYSIZE,Handysize,57461,7780,Siam Seaport,Jersey City,2026-04-04T13:00:00+00:00,2026-05-09T03:15:00+00:00,11208.89,13.98,13.98,801.78,33.407,38200.0,10.54,38200.0,10.54,Dry Bulk,Agricultural Tapioca & Rice,29262.8,29262.8,37456.4,37456.4,0.766,76.6,26.0,1,4.0,4.0,13.0,5.0,USD,830.25,1233038.44
VYG-2026-0744,1,REFERENCE-HANDYSIZE,Handysize,31140,7780,Rotterdam,Jersey City,2026-04-04T23:00:00+00:00,2026-04-15T18:15:00+00:00,3385.79,14.45,14.45,234.31,9.763,38200.0,10.54,38200.0,10.54,General Cargo,High-Value Industrial Goods,29151.1,29151.1,40811.5,40811.5,0.7631,76.31,26.0,1,4.0,4.0,23.0,5.0,USD,259.25,389715.73
VYG-2026-0745,4,REFERENCE-CAPESIZE,Capesize,54620,60140,Port Hedland,Qingdao Gang,2026-04-05T17:00:00+00:00,2026-04-16T16:07:12+00:00,3362.91,14.16,14.16,237.49,9.895,182000.0,18.2,182000.0,18.2,Dry Bulk,Pilbara Iron Ore Fines,167878.5,167878.5,70509.0,70509.0,0.9224,92.24,52.0,1,4.0,5.0,17.0,6.0,USD,263.12,811236.89
VYG-2026-0746,4,REFERENCE-CAPESIZE,Capesize,54605,59970,Dampier,Shanghai,2026-04-06T15:00:00+00:00,2026-04-17T07:31:12+00:00,3245.62,13.6,13.6,238.65,9.944,182000.0,18.2,182000.0,18.2,Dry Bulk,Iron Ore,153761.5,153761.5,69192.7,69192.7,0.8448,84.48,52.0,1,4.0,6.0,15.0,0.0,USD,256.52,715012.45
VYG-2026-0747,2,REFERENCE-SUPRAMAX,Supramax,12970,31140,Santos,Rotterdam,2026-04-06T15:00:00+00:00,2026-04-23T22:27:36+00:00,5523.3,14.29,14.29,386.52,16.105,58328.0,12.8,58328.0,12.8,Dry Bulk,Agricultural Grain & Soybeans,49311.5,49311.5,61639.4,61639.4,0.8454,84.54,33.0,1,4.0,6.0,15.0,0.0,USD,415.46,690219.21
VYG-2026-0748,4,REFERENCE-CAPESIZE,Capesize,12855,60140,Tubarao,Qingdao Gang,2026-04-07T02:00:00+00:00,2026-05-12T18:54:36+00:00,11087.44,13.81,13.81,802.86,33.453,182000.0,18.2,182000.0,18.2,Dry Bulk,High-Grade Carajas Iron Ore,132594.2,132594.2,53037.7,53037.7,0.7285,72.85,52.0,1,4.0,7.0,2.0,1.0,USD,856.91,2164720.56
VYG-2026-0749,2,REFERENCE-SUPRAMAX,Supramax,9240,31250,Houston,Antwerpen,2026-04-07T05:00:00+00:00,2026-04-22T16:48:36+00:00,4805.48,13.77,13.77,348.98,14.541,58328.0,12.8,58328.0,12.8,General Cargo,Petrochemical Intermediates,47938.5,47938.5,55129.3,55129.3,0.8219,82.19,33.0,1,4.0,7.0,5.0,1.0,USD,371.81,611465.13
VYG-2026-0750,2,REFERENCE-SUPRAMAX,Supramax,54620,48840,Port Hedland,Mumbai (Bombay),2026-04-08T23:00:00+00:00,2026-04-21T15:22:12+00:00,3953.55,13.96,13.96,283.21,11.8,58328.0,12.8,58328.0,12.8,Dry Bulk,Premium Hard Coking Coal,42673.6,42673.6,52061.8,52061.8,0.7316,73.16,33.0,1,4.0,8.0,23.0,2.0,USD,304.37,501983.66
VYG-2026-0751,1,REFERENCE-HANDYSIZE,Handysize,50000,31140,Keppel - (East Singapore),Rotterdam,2026-04-10T08:00:00+00:00,2026-05-06T01:00:00+00:00,8218.05,13.94,13.94,589.53,24.564,38200.0,10.54,38200.0,10.54,General Cargo,Containerized Freight,31413.3,31413.3,47119.9,47119.9,0.8223,82.23,26.0,1,4.0,10.0,8.0,4.0,USD,617.0,965762.72
VYG-2026-0752,2,REFERENCE-SUPRAMAX,Supramax,50000,59970,Keppel - (East Singapore),Shanghai,2026-04-11T10:00:00+00:00,2026-04-18T23:22:48+00:00,2226.0,13.58,13.58,163.92,6.83,58328.0,12.8,58328.0,12.8,General Cargo,Electronics & Machinery,50073.0,50073.0,67598.6,67598.6,0.8585,85.85,33.0,1,4.0,11.0,10.0,5.0,USD,181.38,333438.76
VYG-2026-0753,2,REFERENCE-SUPRAMAX,Supramax,50000,48840,Keppel - (East Singapore),Mumbai (Bombay),2026-04-12T10:00:00+00:00,2026-04-20T08:06:00+00:00,2444.02,14.42,14.42,169.49,7.062,58328.0,12.8,58328.0,12.8,Dry Bulk,Minor Bulk Fertilizers,49186.4,49186.4,54105.0,54105.0,0.8433,84.33,33.0,1,4.0,12.0,10.0,6.0,USD,190.1,359769.44
VYG-2026-0754,2,REFERENCE-SUPRAMAX,Supramax,42440,47110,Stilis,Lamu,2026-04-14T06:00:00+00:00,2026-04-24T09:17:24+00:00,3143.41,14.04,14.04,223.89,9.329,58328.0,12.8,58328.0,12.8,Liquid Bulk,Clean Refined Products,46988.4,46988.4,55446.3,55446.3,0.8056,80.56,33.0,1,4.0,14.0,6.0,1.0,USD,243.29,535961.09
VYG-2026-0755,2,REFERENCE-SUPRAMAX,Supramax,57461,7780,Siam Seaport,Jersey City,2026-04-16T09:00:00+00:00,2026-05-21T13:18:00+00:00,11453.14,14.26,14.26,803.17,33.465,58328.0,12.8,58328.0,12.8,Dry Bulk,Agricultural Tapioca & Rice,49583.9,49583.9,63467.4,63467.4,0.8501,85.01,33.0,1,4.0,16.0,9.0,3.0,USD,844.3,1537395.52
VYG-2026-0756,2,REFERENCE-SUPRAMAX,Supramax,31140,7780,Rotterdam,Jersey City,2026-04-17T22:00:00+00:00,2026-04-29T02:19:48+00:00,3399.64,13.87,13.87,245.11,10.213,58328.0,12.8,58328.0,12.8,General Cargo,High-Value Industrial Goods,45925.7,45925.7,64296.0,64296.0,0.7874,78.74,33.0,1,4.0,17.0,22.0,4.0,USD,268.33,459474.66
VYG-2026-0757,3,REFERENCE-PANAMAX,Panamax,54620,60140,Port Hedland,Qingdao Gang,2026-04-17T23:00:00+00:00,2026-04-29T07:33:36+00:00,3395.77,13.57,13.57,250.24,10.427,82500.0,14.43,82500.0,14.43,Dry Bulk,Pilbara Iron Ore Fines,63786.2,63786.2,26790.2,26790.2,0.7732,77.32,33.0,1,4.0,17.0,23.0,4.0,USD,272.56,544858.9
VYG-2026-0758,4,REFERENCE-CAPESIZE,Capesize,54605,59970,Dampier,Shanghai,2026-04-19T06:00:00+00:00,2026-04-29T21:10:48+00:00,3267.71,13.83,13.83,236.28,9.845,182000.0,18.2,182000.0,18.2,Dry Bulk,Iron Ore,157308.6,157308.6,70788.9,70788.9,0.8643,86.43,52.0,1,4.0,19.0,6.0,6.0,USD,255.18,712976.22
VYG-2026-0759,2,REFERENCE-SUPRAMAX,Supramax,12970,31140,Santos,Rotterdam,2026-04-19T10:00:00+00:00,2026-05-06T16:12:36+00:00,5480.59,14.01,14.01,391.19,16.3,58328.0,12.8,58328.0,12.8,Dry Bulk,Agricultural Grain & Soybeans,48317.2,48317.2,60396.5,60396.5,0.8284,82.84,33.0,1,4.0,19.0,10.0,6.0,USD,414.21,690292.62
VYG-2026-0760,4,REFERENCE-CAPESIZE,Capesize,12855,60140,Tubarao,Qingdao Gang,2026-04-20T21:00:00+00:00,2026-05-26T14:22:48+00:00,11319.14,13.96,13.96,810.83,33.785,182000.0,18.2,182000.0,18.2,Dry Bulk,High-Grade Carajas Iron Ore,174421.4,174421.4,69768.6,69768.6,0.9584,95.84,52.0,1,4.0,20.0,21.0,0.0,USD,857.38,2154865.36
VYG-2026-0761,1,REFERENCE-HANDYSIZE,Handysize,9240,31250,Houston,Antwerpen,2026-04-21T19:00:00+00:00,2026-05-06T20:21:36+00:00,4803.2,14.28,14.28,336.36,14.015,38200.0,10.54,38200.0,10.54,General Cargo,Petrochemical Intermediates,29884.1,29884.1,34366.7,34366.7,0.7823,78.23,26.0,1,4.0,21.0,19.0,1.0,USD,361.36,507589.53
VYG-2026-0762,3,REFERENCE-PANAMAX,Panamax,54620,48840,Port Hedland,Mumbai (Bombay),2026-04-22T01:00:00+00:00,2026-05-05T02:46:48+00:00,3934.85,13.64,13.64,288.48,12.02,82500.0,14.43,82500.0,14.43,Dry Bulk,Premium Hard Coking Coal,68449.1,68449.1,83507.9,83507.9,0.8297,82.97,33.0,1,4.0,22.0,1.0,2.0,USD,313.78,608058.42
VYG-2026-0763,2,REFERENCE-SUPRAMAX,Supramax,50000,31140,Keppel - (East Singapore),Rotterdam,2026-04-23T04:00:00+00:00,2026-05-18T15:47:24+00:00,8165.9,13.99,13.99,583.7,24.321,58328.0,12.8,58328.0,12.8,General Cargo,Containerized Freight,54975.9,54975.9,82463.9,82463.9,0.9425,94.25,33.0,1,4.0,23.0,4.0,3.0,USD,611.79,1185941.79
VYG-2026-0764,2,REFERENCE-SUPRAMAX,Supramax,50000,59970,Keppel - (East Singapore),Shanghai,2026-04-25T07:00:00+00:00,2026-05-02T12:30:36+00:00,2219.2,14.3,14.3,155.19,6.466,58328.0,12.8,58328.0,12.8,General Cargo,Electronics & Machinery,48280.3,48280.3,65178.4,65178.4,0.8277,82.77,33.0,1,4.0,25.0,7.0,5.0,USD,173.51,321617.02
VYG-2026-0765,2,REFERENCE-SUPRAMAX,Supramax,50000,48840,Keppel - (East Singapore),Mumbai (Bombay),2026-04-28T08:00:00+00:00,2026-05-06T13:54:00+00:00,2474.49,13.74,13.74,180.09,7.504,58328.0,12.8,58328.0,12.8,Dry Bulk,Minor Bulk Fertilizers,42352.7,42352.7,46588.0,46588.0,0.7261,72.61,33.0,1,4.0,28.0,8.0,1.0,USD,197.9,366215.41
VYG-2026-0766,1,REFERENCE-HANDYSIZE,Handysize,42440,47110,Stilis,Lamu,2026-04-30T11:00:00+00:00,2026-05-10T17:45:00+00:00,3154.02,13.81,13.81,228.39,9.516,38200.0,10.54,38200.0,10.54,Liquid Bulk,Clean Refined Products,32397.2,32397.2,38228.7,38228.7,0.8481,84.81,26.0,1,4.0,30.0,11.0,3.0,USD,246.75,435851.77
VYG-2026-0767,1,REFERENCE-HANDYSIZE,Handysize,57461,7780,Siam Seaport,Jersey City,2026-04-30T11:00:00+00:00,2026-06-03T20:09:00+00:00,11333.5,14.26,14.26,794.78,33.116,38200.0,10.54,38200.0,10.54,Dry Bulk,Agricultural Tapioca & Rice,33061.7,33061.7,42319.0,42319.0,0.8655,86.55,26.0,1,4.0,30.0,11.0,3.0,USD,825.15,1175982.43
VYG-2026-0768,2,REFERENCE-SUPRAMAX,Supramax,31140,7780,Rotterdam,Jersey City,2026-05-07T01:00:00+00:00,2026-05-18T07:43:12+00:00,3391.0,13.78,13.78,246.08,10.253,58328.0,12.8,58328.0,12.8,General Cargo,High-Value Industrial Goods,49057.4,49057.4,68680.4,68680.4,0.8411,84.11,33.0,1,5.0,7.0,1.0,3.0,USD,270.72,461554.04
VYG-2026-0769,3,REFERENCE-PANAMAX,Panamax,54620,60140,Port Hedland,Qingdao Gang,2026-05-08T09:00:00+00:00,2026-05-19T10:49:12+00:00,3398.64,13.68,13.68,248.44,10.352,82500.0,14.43,82500.0,14.43,Dry Bulk,Pilbara Iron Ore Fines,76161.9,76161.9,31988.0,31988.0,0.9232,92.32,33.0,1,5.0,8.0,9.0,4.0,USD,265.82,537162.49
VYG-2026-0770,3,REFERENCE-PANAMAX,Panamax,54605,59970,Dampier,Shanghai,2026-05-08T10:00:00+00:00,2026-05-19T14:34:12+00:00,3242.48,13.17,13.17,246.2,10.258,82500.0,14.43,82500.0,14.43,Dry Bulk,Iron Ore,76541.4,76541.4,34443.6,34443.6,0.9278,92.78,33.0,1,5.0,8.0,10.0,4.0,USD,268.57,491538.21
VYG-2026-0771,2,REFERENCE-SUPRAMAX,Supramax,12970,31140,Santos,Rotterdam,2026-05-09T17:00:00+00:00,2026-05-26T12:52:48+00:00,5484.05,14.35,14.35,382.16,15.923,58328.0,12.8,58328.0,12.8,Dry Bulk,Agricultural Grain & Soybeans,55678.9,55678.9,69598.6,69598.6,0.9546,95.46,33.0,1,5.0,9.0,17.0,5.0,USD,403.88,653066.9
VYG-2026-0772,4,REFERENCE-CAPESIZE,Capesize,12855,60140,Tubarao,Qingdao Gang,2026-05-10T13:00:00+00:00,2026-06-15T09:45:00+00:00,11173.2,13.88,13.88,804.99,33.541,182000.0,18.2,182000.0,18.2,Dry Bulk,High-Grade Carajas Iron Ore,143364.6,143364.6,57345.8,57345.8,0.7877,78.77,52.0,1,5.0,10.0,13.0,6.0,USD,860.75,2178227.0
VYG-2026-0773,2,REFERENCE-SUPRAMAX,Supramax,9240,31250,Houston,Antwerpen,2026-05-13T11:00:00+00:00,2026-05-28T23:17:24+00:00,4834.31,13.79,13.79,350.57,14.607,58328.0,12.8,58328.0,12.8,General Cargo,Petrochemical Intermediates,44746.7,44746.7,51458.7,51458.7,0.7672,76.72,33.0,1,5.0,13.0,11.0,2.0,USD,372.29,593674.1
VYG-2026-0774,3,REFERENCE-PANAMAX,Panamax,54620,48840,Port Hedland,Mumbai (Bombay),2026-05-14T14:00:00+00:00,2026-05-27T17:27:00+00:00,3922.65,13.45,13.45,291.65,12.152,82500.0,14.43,82500.0,14.43,Dry Bulk,Premium Hard Coking Coal,64413.5,64413.5,78584.5,78584.5,0.7808,78.08,33.0,1,5.0,14.0,14.0,3.0,USD,315.45,596519.09
VYG-2026-0775,2,REFERENCE-SUPRAMAX,Supramax,50000,31140,Keppel - (East Singapore),Rotterdam,2026-05-15T22:00:00+00:00,2026-06-09T14:26:24+00:00,8154.99,14.33,14.33,569.09,23.712,58328.0,12.8,58328.0,12.8,General Cargo,Containerized Freight,55263.2,55263.2,82894.8,82894.8,0.9475,94.75,33.0,1,5.0,15.0,22.0,4.0,USD,592.44,1175294.53
VYG-2026-0776,2,REFERENCE-SUPRAMAX,Supramax,50000,59970,Keppel - (East Singapore),Shanghai,2026-05-18T05:00:00+00:00,2026-05-25T17:49:48+00:00,2247.85,13.7,13.7,164.08,6.837,58328.0,12.8,58328.0,12.8,General Cargo,Electronics & Machinery,48327.4,48327.4,65242.0,65242.0,0.8285,82.85,33.0,1,5.0,18.0,5.0,0.0,USD,180.83,337159.59
VYG-2026-0777,2,REFERENCE-SUPRAMAX,Supramax,50000,48840,Keppel - (East Singapore),Mumbai (Bombay),2026-05-19T15:00:00+00:00,2026-05-27T19:57:00+00:00,2473.53,13.82,13.82,178.98,7.457,58328.0,12.8,58328.0,12.8,Dry Bulk,Minor Bulk Fertilizers,48117.5,48117.5,52929.3,52929.3,0.8249,82.49,33.0,1,5.0,19.0,15.0,1.0,USD,196.95,357400.84
VYG-2026-0778,2,REFERENCE-SUPRAMAX,Supramax,42440,47110,Stilis,Lamu,2026-05-19T20:00:00+00:00,2026-05-30T06:12:36+00:00,3119.87,13.9,13.9,224.45,9.352,58328.0,12.8,58328.0,12.8,Liquid Bulk,Clean Refined Products,49725.7,49725.7,58676.3,58676.3,0.8525,85.25,33.0,1,5.0,19.0,20.0,1.0,USD,250.21,519274.69
VYG-2026-0779,1,REFERENCE-HANDYSIZE,Handysize,57461,7780,Siam Seaport,Jersey City,2026-05-20T01:00:00+00:00,2026-06-25T01:18:00+00:00,11417.42,13.67,13.67,835.22,34.801,38200.0,10.54,38200.0,10.54,Dry Bulk,Agricultural Tapioca & Rice,35257.8,35257.8,45130.0,45130.0,0.923,92.3,26.0,1,5.0,20.0,1.0,2.0,USD,864.3,1235709.61
VYG-2026-0780,2,REFERENCE-SUPRAMAX,Supramax,31140,7780,Rotterdam,Jersey City,2026-05-21T10:00:00+00:00,2026-06-02T03:06:36+00:00,3369.66,13.94,13.94,241.73,10.072,58328.0,12.8,58328.0,12.8,General Cargo,High-Value Industrial Goods,50777.8,50777.8,71088.9,71088.9,0.8706,87.06,33.0,1,5.0,21.0,10.0,3.0,USD,281.11,480874.73
VYG-2026-0781,4,REFERENCE-CAPESIZE,Capesize,54620,60140,Port Hedland,Qingdao Gang,2026-05-23T05:00:00+00:00,2026-06-03T08:42:00+00:00,3344.93,13.83,13.83,241.86,10.078,182000.0,18.2,182000.0,18.2,Dry Bulk,Pilbara Iron Ore Fines,146024.2,146024.2,61330.2,61330.2,0.8023,80.23,52.0,1,5.0,23.0,5.0,5.0,USD,267.7,775995.31
VYG-2026-0782,4,REFERENCE-CAPESIZE,Capesize,54605,59970,Dampier,Shanghai,2026-05-24T01:00:00+00:00,2026-06-03T14:40:12+00:00,3272.05,14.16,14.16,231.08,9.628,182000.0,18.2,182000.0,18.2,Dry Bulk,Iron Ore,146428.6,146428.6,65892.9,65892.9,0.8046,80.46,52.0,1,5.0,24.0,1.0,6.0,USD,253.67,769711.7
VYG-2026-0783,2,REFERENCE-SUPRAMAX,Supramax,12970,31140,Santos,Rotterdam,2026-05-26T05:00:00+00:00,2026-06-12T11:09:00+00:00,5460.96,13.99,13.99,390.35,16.265,58328.0,12.8,58328.0,12.8,Dry Bulk,Agricultural Grain & Soybeans,51652.8,51652.8,64566.0,64566.0,0.8856,88.56,33.0,1,5.0,26.0,5.0,1.0,USD,414.15,677101.83
VYG-2026-0784,4,REFERENCE-CAPESIZE,Capesize,12855,60140,Tubarao,Qingdao Gang,2026-05-28T13:00:00+00:00,2026-07-02T11:05:24+00:00,11255.04,14.59,14.59,771.42,32.142,182000.0,18.2,182000.0,18.2,Dry Bulk,High-Grade Carajas Iron Ore,166731.0,166731.0,66692.4,66692.4,0.9161,91.61,52.0,1,5.0,28.0,13.0,3.0,USD,838.09,2293522.92
VYG-2026-0785,2,REFERENCE-SUPRAMAX,Supramax,9240,31250,Houston,Antwerpen,2026-05-29T07:00:00+00:00,2026-06-13T13:22:48+00:00,4789.2,14.18,14.18,337.74,14.072,58328.0,12.8,58328.0,12.8,General Cargo,Petrochemical Intermediates,43374.1,43374.1,49880.2,49880.2,0.7436,74.36,33.0,1,5.0,29.0,7.0,4.0,USD,366.38,624143.48
VYG-2026-0786,2,REFERENCE-SUPRAMAX,Supramax,54620,48840,Port Hedland,Mumbai (Bombay),2026-05-31T10:00:00+00:00,2026-06-12T17:06:00+00:00,3874.04,14.52,14.52,266.81,11.117,58328.0,12.8,58328.0,12.8,Dry Bulk,Premium Hard Coking Coal,42474.6,42474.6,51819.0,51819.0,0.7282,72.82,33.0,1,5.0,31.0,10.0,6.0,USD,295.1,549523.1
VYG-2026-0787,1,REFERENCE-HANDYSIZE,Handysize,50000,31140,Keppel - (East Singapore),Rotterdam,2026-06-01T23:00:00+00:00,2026-06-28T12:54:00+00:00,8268.29,13.7,13.7,603.52,25.147,38200.0,10.54,38200.0,10.54,General Cargo,Containerized Freight,29105.2,29105.2,43657.8,43657.8,0.7619,76.19,26.0,1,6.0,1.0,23.0,0.0,USD,637.9,954610.9
VYG-2026-0788,1,REFERENCE-HANDYSIZE,Handysize,50000,59970,Keppel - (East Singapore),Shanghai,2026-06-02T10:00:00+00:00,2026-06-10T03:37:12+00:00,2264.88,13.94,13.94,162.47,6.77,38200.0,10.54,38200.0,10.54,General Cargo,Electronics & Machinery,34659.8,34659.8,46790.7,46790.7,0.9073,90.73,26.0,1,6.0,2.0,10.0,1.0,USD,185.62,286468.76
VYG-2026-0789,2,REFERENCE-SUPRAMAX,Supramax,50000,48840,Keppel - (East Singapore),Mumbai (Bombay),2026-06-02T22:00:00+00:00,2026-06-11T05:40:12+00:00,2438.7,13.92,13.92,175.19,7.3,58328.0,12.8,58328.0,12.8,Dry Bulk,Minor Bulk Fertilizers,42386.0,42386.0,46624.6,46624.6,0.7267,72.67,33.0,1,6.0,2.0,22.0,1.0,USD,199.67,370383.1
VYG-2026-0790,1,REFERENCE-HANDYSIZE,Handysize,42440,47110,Stilis,Lamu,2026-06-03T05:00:00+00:00,2026-06-13T04:20:24+00:00,3167.55,14.64,14.64,216.36,9.015,38200.0,10.54,38200.0,10.54,Liquid Bulk,Clean Refined Products,27854.2,27854.2,32868.0,32868.0,0.7292,72.92,26.0,1,6.0,3.0,5.0,2.0,USD,239.34,458288.11
VYG-2026-0791,1,REFERENCE-HANDYSIZE,Handysize,57461,7780,Siam Seaport,Jersey City,2026-06-04T13:00:00+00:00,2026-07-09T03:40:12+00:00,11419.48,14.25,14.25,801.37,33.39,38200.0,10.54,38200.0,10.54,Dry Bulk,Agricultural Tapioca & Rice,28496.8,28496.8,36475.9,36475.9,0.746,74.6,26.0,1,6.0,4.0,13.0,3.0,USD,830.67,1218026.39
VYG-2026-0792,2,REFERENCE-SUPRAMAX,Supramax,31140,7780,Rotterdam,Jersey City,2026-06-06T11:00:00+00:00,2026-06-17T22:45:36+00:00,3369.6,13.77,13.77,244.71,10.196,58328.0,12.8,58328.0,12.8,General Cargo,High-Value Industrial Goods,48468.6,48468.6,67856.0,67856.0,0.831,83.1,33.0,1,6.0,6.0,11.0,5.0,USD,275.76,478645.18
VYG-2026-0793,4,REFERENCE-CAPESIZE,Capesize,54620,60140,Port Hedland,Qingdao Gang,2026-06-08T22:00:00+00:00,2026-06-19T17:52:12+00:00,3385.47,14.07,14.07,240.62,10.026,182000.0,18.2,182000.0,18.2,Dry Bulk,Pilbara Iron Ore Fines,143185.2,143185.2,60137.8,60137.8,0.7867,78.67,52.0,1,6.0,8.0,22.0,0.0,USD,259.87,787602.05
VYG-2026-0794,3,REFERENCE-PANAMAX,Panamax,54605,59970,Dampier,Shanghai,2026-06-12T04:00:00+00:00,2026-06-22T23:19:12+00:00,3264.76,13.76,13.76,237.26,9.886,82500.0,14.43,82500.0,14.43,Dry Bulk,Iron Ore,76292.8,76292.8,34331.8,34331.8,0.9248,92.48,33.0,1,6.0,12.0,4.0,4.0,USD,259.32,524247.19
VYG-2026-0795,3,REFERENCE-PANAMAX,Panamax,12970,31140,Santos,Rotterdam,2026-06-12T05:00:00+00:00,2026-06-29T22:34:48+00:00,5422.64,13.53,13.53,400.79,16.7,82500.0,14.43,82500.0,14.43,Dry Bulk,Agricultural Grain & Soybeans,67826.2,67826.2,84782.8,84782.8,0.8221,82.21,33.0,1,6.0,12.0,5.0,4.0,USD,425.58,801305.06
VYG-2026-0796,4,REFERENCE-CAPESIZE,Capesize,12855,60140,Tubarao,Qingdao Gang,2026-06-14T08:00:00+00:00,2026-07-21T01:48:00+00:00,11291.58,13.78,13.78,819.42,34.142,182000.0,18.2,182000.0,18.2,Dry Bulk,High-Grade Carajas Iron Ore,159231.0,159231.0,63692.4,63692.4,0.8749,87.49,52.0,1,6.0,14.0,8.0,6.0,USD,881.8,2217593.9
VYG-2026-0797,2,REFERENCE-SUPRAMAX,Supramax,9240,31250,Houston,Antwerpen,2026-06-15T04:00:00+00:00,2026-06-30T15:12:36+00:00,4846.97,13.96,13.96,347.2,14.467,58328.0,12.8,58328.0,12.8,General Cargo,Petrochemical Intermediates,53446.9,53446.9,61463.9,61463.9,0.9163,91.63,33.0,1,6.0,15.0,4.0,0.0,USD,371.21,602713.1
VYG-2026-0798,2,REFERENCE-SUPRAMAX,Supramax,54620,48840,Port Hedland,Mumbai (Bombay),2026-06-15T13:00:00+00:00,2026-06-28T19:52:48+00:00,3949.47,13.5,13.5,292.55,12.19,58328.0,12.8,58328.0,12.8,Dry Bulk,Premium Hard Coking Coal,42658.6,42658.6,52043.5,52043.5,0.7314,73.14,33.0,1,6.0,15.0,13.0,0.0,USD,318.88,528491.8
VYG-2026-0799,2,REFERENCE-SUPRAMAX,Supramax,50000,31140,Keppel - (East Singapore),Rotterdam,2026-06-15T21:00:00+00:00,2026-07-10T10:15:36+00:00,8290.68,14.68,14.68,564.76,23.532,58328.0,12.8,58328.0,12.8,General Cargo,Containerized Freight,50108.9,50108.9,75163.4,75163.4,0.8591,85.91,33.0,1,6.0,15.0,21.0,0.0,USD,589.26,1180453.51
VYG-2026-0800,1,REFERENCE-HANDYSIZE,Handysize,50000,59970,Keppel - (East Singapore),Shanghai,2026-06-16T08:00:00+00:00,2026-06-23T21:16:48+00:00,2262.39,14.33,14.33,157.88,6.578,38200.0,10.54,38200.0,10.54,General Cargo,Electronics & Machinery,32992.3,32992.3,44539.6,44539.6,0.8637,86.37,26.0,1,6.0,16.0,8.0,1.0,USD,181.28,273629.52
VYG-2026-0801,1,REFERENCE-HANDYSIZE,Handysize,50000,48840,Keppel - (East Singapore),Mumbai (Bombay),2026-06-16T15:00:00+00:00,2026-06-25T12:28:48+00:00,2486.62,13.5,13.5,184.19,7.675,38200.0,10.54,38200.0,10.54,Dry Bulk,Minor Bulk Fertilizers,28554.0,28554.0,31409.4,31409.4,0.7475,74.75,26.0,1,6.0,16.0,15.0,1.0,USD,213.48,302325.09
VYG-2026-0802,2,REFERENCE-SUPRAMAX,Supramax,42440,47110,Stilis,Lamu,2026-06-16T18:00:00+00:00,2026-06-26T20:59:24+00:00,3082.14,14.11,14.11,218.44,9.102,58328.0,12.8,58328.0,12.8,Liquid Bulk,Clean Refined Products,50075.1,50075.1,59088.6,59088.6,0.8585,85.85,33.0,1,6.0,16.0,18.0,1.0,USD,242.99,523694.94
VYG-2026-0803,2,REFERENCE-SUPRAMAX,Supramax,57461,7780,Siam Seaport,Jersey City,2026-06-21T00:00:00+00:00,2026-07-27T04:24:00+00:00,11449.11,13.9,13.9,823.68,34.32,58328.0,12.8,58328.0,12.8,Dry Bulk,Agricultural Tapioca & Rice,49993.9,49993.9,63992.2,63992.2,0.8571,85.71,33.0,1,6.0,21.0,0.0,6.0,USD,868.4,1531515.93
VYG-2026-0804,2,REFERENCE-SUPRAMAX,Supramax,31140,7780,Rotterdam,Jersey City,2026-06-21T03:00:00+00:00,2026-07-02T08:27:36+00:00,3426.71,13.96,13.96,245.47,10.228,58328.0,12.8,58328.0,12.8,General Cargo,High-Value Industrial Goods,51951.1,51951.1,72731.5,72731.5,0.8907,89.07,33.0,1,6.0,21.0,3.0,6.0,USD,269.46,483737.12
VYG-2026-0805,3,REFERENCE-PANAMAX,Panamax,54620,60140,Port Hedland,Qingdao Gang,2026-06-22T05:00:00+00:00,2026-07-03T18:56:24+00:00,3371.02,13.5,13.5,249.71,10.405,82500.0,14.43,82500.0,14.43,Dry Bulk,Pilbara Iron Ore Fines,62009.8,62009.8,26044.1,26044.1,0.7516,75.16,33.0,1,6.0,22.0,5.0,0.0,USD,277.94,529449.97
VYG-2026-0806,3,REFERENCE-PANAMAX,Panamax,54605,59970,Dampier,Shanghai,2026-06-30T13:00:00+00:00,2026-07-11T16:09:00+00:00,3240.31,13.51,13.51,239.85,9.994,82500.0,14.43,82500.0,14.43,Dry Bulk,Iron Ore,77882.1,77882.1,35046.9,35046.9,0.944,94.4,33.0,1,6.0,30.0,13.0,1.0,USD,267.15,536605.22
VYG-2026-0807,3,REFERENCE-PANAMAX,Panamax,12970,31140,Santos,Rotterdam,2026-07-01T20:00:00+00:00,2026-07-19T21:03:00+00:00,5493.94,13.49,13.49,407.26,16.969,82500.0,14.43,82500.0,14.43,Dry Bulk,Agricultural Grain & Soybeans,63872.5,63872.5,79840.6,79840.6,0.7742,77.42,33.0,1,7.0,1.0,20.0,2.0,USD,433.05,784055.97
VYG-2026-0808,4,REFERENCE-CAPESIZE,Capesize,12855,60140,Tubarao,Qingdao Gang,2026-07-02T05:00:00+00:00,2026-08-07T11:35:24+00:00,11342.63,14.01,14.01,809.61,33.734,182000.0,18.2,182000.0,18.2,Dry Bulk,High-Grade Carajas Iron Ore,143660.8,143660.8,57464.3,57464.3,0.7893,78.93,52.0,1,7.0,2.0,5.0,3.0,USD,870.59,2227764.69
VYG-2026-0809,1,REFERENCE-HANDYSIZE,Handysize,9240,31250,Houston,Antwerpen,2026-07-02T12:00:00+00:00,2026-07-18T04:49:12+00:00,4805.14,13.73,13.73,349.97,14.582,38200.0,10.54,38200.0,10.54,General Cargo,Petrochemical Intermediates,36035.1,36035.1,41440.4,41440.4,0.9433,94.33,26.0,1,7.0,2.0,12.0,3.0,USD,376.82,483493.59
VYG-2026-0810,3,REFERENCE-PANAMAX,Panamax,54620,48840,Port Hedland,Mumbai (Bombay),2026-07-03T06:00:00+00:00,2026-07-17T12:52:12+00:00,3855.9,13.39,13.39,287.97,11.999,82500.0,14.43,82500.0,14.43,Dry Bulk,Premium Hard Coking Coal,68818.0,68818.0,83958.0,83958.0,0.8342,83.42,33.0,1,7.0,3.0,6.0,4.0,USD,342.87,655019.21
VYG-2026-0811,2,REFERENCE-SUPRAMAX,Supramax,50000,31140,Keppel - (East Singapore),Rotterdam,2026-07-03T18:00:00+00:00,2026-07-29T11:57:00+00:00,8315.99,14.14,14.14,588.12,24.505,58328.0,12.8,58328.0,12.8,General Cargo,Containerized Freight,50185.3,50185.3,75278.0,75278.0,0.8604,86.04,33.0,1,7.0,3.0,18.0,4.0,USD,617.95,1222388.33
VYG-2026-0812,2,REFERENCE-SUPRAMAX,Supramax,50000,59970,Keppel - (East Singapore),Shanghai,2026-07-05T15:00:00+00:00,2026-07-13T11:30:00+00:00,2287.67,14.16,14.16,161.56,6.732,58328.0,12.8,58328.0,12.8,General Cargo,Electronics & Machinery,46516.4,46516.4,62797.1,62797.1,0.7975,79.75,33.0,1,7.0,5.0,15.0,6.0,USD,188.5,353452.68
VYG-2026-0813,2,REFERENCE-SUPRAMAX,Supramax,50000,48840,Keppel - (East Singapore),Mumbai (Bombay),2026-07-06T10:00:00+00:00,2026-07-14T17:57:36+00:00,2442.98,14.46,14.46,168.95,7.04,58328.0,12.8,58328.0,12.8,Dry Bulk,Minor Bulk Fertilizers,49109.8,49109.8,54020.8,54020.8,0.842,84.2,33.0,1,7.0,6.0,10.0,0.0,USD,199.96,390913.67
VYG-2026-0814,2,REFERENCE-SUPRAMAX,Supramax,42440,47110,Stilis,Lamu,2026-07-07T18:00:00+00:00,2026-07-18T01:29:24+00:00,3141.46,13.99,13.99,224.55,9.356,58328.0,12.8,58328.0,12.8,Liquid Bulk,Clean Refined Products,55052.0,55052.0,64961.4,64961.4,0.9438,94.38,33.0,1,7.0,7.0,18.0,1.0,USD,247.49,542096.05
VYG-2026-0815,2,REFERENCE-SUPRAMAX,Supramax,57461,7780,Siam Seaport,Jersey City,2026-07-11T06:00:00+00:00,2026-08-15T15:13:12+00:00,11353.9,13.83,13.83,820.96,34.207,58328.0,12.8,58328.0,12.8,Dry Bulk,Agricultural Tapioca & Rice,48947.2,48947.2,62652.4,62652.4,0.8392,83.92,33.0,1,7.0,11.0,6.0,5.0,USD,849.22,1434016.52
VYG-2026-0816,2,REFERENCE-SUPRAMAX,Supramax,31140,7780,Rotterdam,Jersey City,2026-07-11T11:00:00+00:00,2026-07-22T20:05:24+00:00,3407.36,13.91,13.91,244.96,10.207,58328.0,12.8,58328.0,12.8,General Cargo,High-Value Industrial Goods,44794.1,44794.1,62711.7,62711.7,0.768,76.8,33.0,1,7.0,11.0,11.0,5.0,USD,273.09,471533.06
VYG-2026-0817,3,REFERENCE-PANAMAX,Panamax,54620,60140,Port Hedland,Qingdao Gang,2026-07-11T15:00:00+00:00,2026-07-23T14:24:36+00:00,3399.2,13.25,13.25,256.54,10.689,82500.0,14.43,82500.0,14.43,Dry Bulk,Pilbara Iron Ore Fines,68497.8,68497.8,28769.1,28769.1,0.8303,83.03,33.0,1,7.0,11.0,15.0,5.0,USD,287.41,558827.53
VYG-2026-0818,4,REFERENCE-CAPESIZE,Capesize,54605,59970,Dampier,Shanghai,2026-07-12T00:00:00+00:00,2026-07-22T15:56:24+00:00,3274.93,14.45,14.45,226.64,9.443,182000.0,18.2,182000.0,18.2,Dry Bulk,Iron Ore,172345.1,172345.1,77555.3,77555.3,0.947,94.7,52.0,1,7.0,12.0,0.0,6.0,USD,255.94,795060.18
VYG-2026-0819,2,REFERENCE-SUPRAMAX,Supramax,12970,31140,Santos,Rotterdam,2026-07-12T01:00:00+00:00,2026-07-29T04:12:36+00:00,5473.58,14.16,14.16,386.55,16.106,58328.0,12.8,58328.0,12.8,Dry Bulk,Agricultural Grain & Soybeans,45378.0,45378.0,56722.5,56722.5,0.778,77.8,33.0,1,7.0,12.0,1.0,6.0,USD,411.21,720396.76
VYG-2026-0820,4,REFERENCE-CAPESIZE,Capesize,12855,60140,Tubarao,Qingdao Gang,2026-07-12T01:00:00+00:00,2026-08-17T13:48:00+00:00,11314.37,13.83,13.83,818.1,34.087,182000.0,18.2,182000.0,18.2,Dry Bulk,High-Grade Carajas Iron Ore,158756.5,158756.5,63502.6,63502.6,0.8723,87.23,52.0,1,7.0,12.0,1.0,6.0,USD,876.8,2225870.47
VYG-2026-0821,2,REFERENCE-SUPRAMAX,Supramax,9240,31250,Houston,Antwerpen,2026-07-14T13:00:00+00:00,2026-07-29T13:55:12+00:00,4815.43,14.22,14.22,338.64,14.11,58328.0,12.8,58328.0,12.8,General Cargo,Petrochemical Intermediates,52310.7,52310.7,60157.3,60157.3,0.8968,89.68,33.0,1,7.0,14.0,13.0,1.0,USD,360.92,626950.34
VYG-2026-0822,2,REFERENCE-SUPRAMAX,Supramax,54620,48840,Port Hedland,Mumbai (Bombay),2026-07-16T03:00:00+00:00,2026-07-28T12:50:24+00:00,3871.12,14.29,14.29,270.9,11.287,58328.0,12.8,58328.0,12.8,Dry Bulk,Premium Hard Coking Coal,43766.7,43766.7,53395.4,53395.4,0.7504,75.04,33.0,1,7.0,16.0,3.0,3.0,USD,297.84,531427.81
VYG-2026-0823,2,REFERENCE-SUPRAMAX,Supramax,50000,31140,Keppel - (East Singapore),Rotterdam,2026-07-17T23:00:00+00:00,2026-08-12T09:10:12+00:00,8098.96,13.84,13.84,585.18,24.382,58328.0,12.8,58328.0,12.8,General Cargo,Containerized Freight,44787.2,44787.2,67180.8,67180.8,0.7679,76.79,33.0,1,7.0,17.0,23.0,4.0,USD,610.17,1139161.58
VYG-2026-0824,1,REFERENCE-HANDYSIZE,Handysize,50000,59970,Keppel - (East Singapore),Shanghai,2026-07-19T21:00:00+00:00,2026-07-27T13:55:48+00:00,2262.88,14.18,14.18,159.58,6.649,38200.0,10.54,38200.0,10.54,General Cargo,Electronics & Machinery,30776.4,30776.4,41548.1,41548.1,0.8057,80.57,26.0,1,7.0,19.0,21.0,6.0,USD,184.93,279265.67
VYG-2026-0825,2,REFERENCE-SUPRAMAX,Supramax,50000,48840,Keppel - (East Singapore),Mumbai (Bombay),2026-07-25T10:00:00+00:00,2026-08-02T19:37:12+00:00,2444.29,13.76,13.76,177.64,7.402,58328.0,12.8,58328.0,12.8,Dry Bulk,Minor Bulk Fertilizers,44040.2,44040.2,48444.2,48444.2,0.755,75.5,33.0,1,7.0,25.0,10.0,5.0,USD,201.62,377849.75
VYG-2026-0826,1,REFERENCE-HANDYSIZE,Handysize,42440,47110,Stilis,Lamu,2026-07-28T12:00:00+00:00,2026-08-08T23:40:12+00:00,3143.83,14.03,14.03,224.08,9.337,38200.0,10.54,38200.0,10.54,Liquid Bulk,Clean Refined Products,30051.5,30051.5,35460.8,35460.8,0.7867,78.67,26.0,1,7.0,28.0,12.0,1.0,USD,275.67,491494.04
VYG-2026-0827,1,REFERENCE-HANDYSIZE,Handysize,57461,7780,Siam Seaport,Jersey City,2026-07-31T18:00:00+00:00,2026-09-05T01:29:24+00:00,11500.3,14.18,14.18,811.02,33.792,38200.0,10.54,38200.0,10.54,Dry Bulk,Agricultural Tapioca & Rice,33105.2,33105.2,42374.7,42374.7,0.8666,86.66,26.0,1,7.0,31.0,18.0,4.0,USD,847.49,1215747.27
VYG-2026-0828,2,REFERENCE-SUPRAMAX,Supramax,31140,7780,Rotterdam,Jersey City,2026-08-01T19:00:00+00:00,2026-08-12T06:52:12+00:00,3369.9,14.52,14.52,232.09,9.67,58328.0,12.8,58328.0,12.8,General Cargo,High-Value Industrial Goods,51354.1,51354.1,71895.7,71895.7,0.8804,88.04,33.0,1,8.0,1.0,19.0,5.0,USD,251.87,467807.1
VYG-2026-0829,4,REFERENCE-CAPESIZE,Capesize,54620,60140,Port Hedland,Qingdao Gang,2026-08-02T07:00:00+00:00,2026-08-13T03:33:36+00:00,3385.09,14.3,14.3,236.72,9.863,182000.0,18.2,182000.0,18.2,Dry Bulk,Pilbara Iron Ore Fines,163714.2,163714.2,68760.0,68760.0,0.8995,89.95,52.0,1,8.0,2.0,7.0,6.0,USD,260.56,788321.67
VYG-2026-0830,3,REFERENCE-PANAMAX,Panamax,54605,59970,Dampier,Shanghai,2026-08-02T13:00:00+00:00,2026-08-13T12:46:48+00:00,3268.02,13.94,13.94,234.43,9.768,82500.0,14.43,82500.0,14.43,Dry Bulk,Iron Ore,77303.0,77303.0,34786.3,34786.3,0.937,93.7,33.0,1,8.0,2.0,13.0,6.0,USD,263.78,529930.25
VYG-2026-0831,3,REFERENCE-PANAMAX,Panamax,12970,31140,Santos,Rotterdam,2026-08-02T23:00:00+00:00,2026-08-20T23:31:12+00:00,5425.94,13.43,13.43,404.02,16.834,82500.0,14.43,82500.0,14.43,Dry Bulk,Agricultural Grain & Soybeans,78057.6,78057.6,97572.0,97572.0,0.9462,94.62,33.0,1,8.0,2.0,23.0,6.0,USD,432.52,776217.58
VYG-2026-0832,4,REFERENCE-CAPESIZE,Capesize,12855,60140,Tubarao,Qingdao Gang,2026-08-03T03:00:00+00:00,2026-09-06T18:38:24+00:00,11214.7,14.38,14.38,779.88,32.495,182000.0,18.2,182000.0,18.2,Dry Bulk,High-Grade Carajas Iron Ore,162335.7,162335.7,64934.3,64934.3,0.892,89.2,52.0,1,8.0,3.0,3.0,0.0,USD,831.64,2248828.44
VYG-2026-0833,1,REFERENCE-HANDYSIZE,Handysize,9240,31250,Houston,Antwerpen,2026-08-03T11:00:00+00:00,2026-08-18T18:14:24+00:00,4852.1,14.09,14.09,344.36,14.348,38200.0,10.54,38200.0,10.54,General Cargo,Petrochemical Intermediates,31832.4,31832.4,36607.3,36607.3,0.8333,83.33,26.0,1,8.0,3.0,11.0,0.0,USD,367.24,504768.15
VYG-2026-0834,3,REFERENCE-PANAMAX,Panamax,54620,48840,Port Hedland,Mumbai (Bombay),2026-08-03T23:00:00+00:00,2026-08-17T07:24:00+00:00,3908.2,13.3,13.3,293.85,12.244,82500.0,14.43,82500.0,14.43,Dry Bulk,Premium Hard Coking Coal,76753.1,76753.1,93638.8,93638.8,0.9303,93.03,33.0,1,8.0,3.0,23.0,0.0,USD,320.4,611576.44
VYG-2026-0835,2,REFERENCE-SUPRAMAX,Supramax,50000,31140,Keppel - (East Singapore),Rotterdam,2026-08-07T12:00:00+00:00,2026-09-02T11:27:00+00:00,8286.15,13.97,13.97,593.14,24.714,58328.0,12.8,58328.0,12.8,General Cargo,Containerized Freight,49649.0,49649.0,74473.5,74473.5,0.8512,85.12,33.0,1,8.0,7.0,12.0,4.0,USD,623.45,1200334.22
VYG-2026-0836,2,REFERENCE-SUPRAMAX,Supramax,50000,59970,Keppel - (East Singapore),Shanghai,2026-08-07T15:00:00+00:00,2026-08-15T04:50:24+00:00,2240.65,14.14,14.14,158.46,6.603,58328.0,12.8,58328.0,12.8,General Cargo,Electronics & Machinery,42697.0,42697.0,57641.0,57641.0,0.732,73.2,33.0,1,8.0,7.0,15.0,4.0,USD,181.84,353811.35
VYG-2026-0837,2,REFERENCE-SUPRAMAX,Supramax,50000,48840,Keppel - (East Singapore),Mumbai (Bombay),2026-08-08T05:00:00+00:00,2026-08-16T18:56:24+00:00,2455.05,14.03,14.03,174.99,7.291,58328.0,12.8,58328.0,12.8,Dry Bulk,Minor Bulk Fertilizers,54302.6,54302.6,59732.9,59732.9,0.931,93.1,33.0,1,8.0,8.0,5.0,5.0,USD,205.94,381565.57
VYG-2026-0838,1,REFERENCE-HANDYSIZE,Handysize,42440,47110,Stilis,Lamu,2026-08-11T11:00:00+00:00,2026-08-21T05:50:24+00:00,3123.52,14.36,14.36,217.52,9.063,38200.0,10.54,38200.0,10.54,Liquid Bulk,Clean Refined Products,27578.3,27578.3,32542.4,32542.4,0.7219,72.19,26.0,1,8.0,11.0,11.0,1.0,USD,234.84,428409.43
VYG-2026-0839,2,REFERENCE-SUPRAMAX,Supramax,57461,7780,Siam Seaport,Jersey City,2026-08-16T07:00:00+00:00,2026-09-20T23:33:00+00:00,11430.69,13.86,13.86,824.73,34.364,58328.0,12.8,58328.0,12.8,Dry Bulk,Agricultural Tapioca & Rice,42755.9,42755.9,54727.6,54727.6,0.733,73.3,33.0,1,8.0,16.0,7.0,6.0,USD,856.55,1481821.99
VYG-2026-0840,1,REFERENCE-HANDYSIZE,Handysize,31140,7780,Rotterdam,Jersey City,2026-08-20T09:00:00+00:00,2026-08-31T10:31:12+00:00,3391.41,13.99,13.99,242.42,10.101,38200.0,10.54,38200.0,10.54,General Cargo,High-Value Industrial Goods,32988.1,32988.1,46183.3,46183.3,0.8636,86.36,26.0,1,8.0,20.0,9.0,3.0,USD,265.52,379190.08
