id,name,unlocode,country,city,latitude,longitude,port_type,facilities
7950,Maurer,,United States,,40.533333,-74.25,seaport,[]
47620,Iharana,,Madagascar,,-13.35,50.0,seaport,[]
47360,Andoany,,Madagascar,,-13.4,48.3,seaport,[]
47020,Chake Chake,,Tanzania,,-5.25,39.766667,seaport,[]
47005,Mjimwema Terminal,,Tanzania,,-6.816667,39.366667,seaport,[]
44804,Delta Terminal,,Turkey,,36.85,36.166667,seaport,[]
50350,Cinta Oil Terminal,,Indonesia,,-5.5,106.233333,seaport,[]
38330,Europa Point,,Gibraltar,,36.133333,-5.35,seaport,[]
7010,New Harbor,,United States,,43.866667,-69.483333,seaport,[]
12900,Dtse / Gegua Oil Terminal,,Brazil,,-22.816667,-43.15,seaport,[]
48104,Sharmah,,Saudi Arabia,,27.933333,35.25,seaport,[]
9210,Norsworthy,,United States,,29.733333,-95.2,seaport,[]
6750,Minturn,,United States,,44.15,-68.45,seaport,[]
6820,Criehaven,,United States,,43.833333,-68.883333,seaport,[]
46691,North Point,,"Saint Helena, Ascension, and Tristan da Cunha",,-7.883333,-14.366667,seaport,[]
57433,Bongkot Terminal,,Thailand,,8.05,102.333333,seaport,[]
52350,Donggala,,Indonesia,,-0.65,119.733333,seaport,[]
42415,Larimna,,Greece,,38.566667,23.283333,seaport,[]
38420,Hornillo,,Spain,,37.4,-1.55,seaport,[]
40245,Melilli Oil Terminal,,Italy,,37.116667,15.25,seaport,[]
57415,Kirteh Oil Terminal,,Malaysia,,4.566667,103.466667,seaport,[]
47942,Al Khair Oil Terminal,,Sudan,,19.583333,37.25,seaport,[]
6670,Corea,,United States,,44.4,-67.966667,seaport,[]
59550,Margosatubig,,Philippines,,7.583333,123.166667,seaport,[]
45635,Arzew El Djedid,,Algeria,,35.816667,-0.25,seaport,[]
45822,Karabane,,Senegal,,12.566667,-16.666667,seaport,[]
14175,Caleta Mina Elena,,Chile,,-52.683333,-71.9,seaport,[]
6970,Monhegan,,United States,,43.766667,-69.316667,seaport,[]
6710,Northeast Harbor,,United States,,44.3,-68.283333,seaport,[]
6800,Bucks Harbor,,United States,,44.333333,-68.733333,seaport,[]
6830,Matinicus,,United States,,43.866667,-68.883333,seaport,[]
49460,Machilipatnam,,India,,16.15,81.166667,seaport,[]
49875,Malong Marine Terminal,,Malaysia,,4.633333,104.816667,seaport,[]
63090,Admiralty Bay,,Antarctica,,-62.083333,-58.416667,seaport,[]
63110,Melchior Harbor,,Antarctica,,-64.316667,-63.0,seaport,[]
7900,Grasselli,,United States,,40.616667,-74.2,seaport,[]
44807,Aksaz Limani,,Turkey,,36.833333,28.383333,seaport,[]
46239,Egina Oil Terminal,,Nigeria,,3.066667,6.7,seaport,[]
47625,Antsohim Bondrona,,Madagascar,,-13.083333,48.833333,seaport,[]
42180,Ayios Nikolaos,,Greece,,37.983333,23.533333,seaport,[]
43093,Akra Kavonisi,,Greece,,35.516667,23.633333,seaport,[]
43384,Borusan Fertilizer Jetty,,Turkey,,40.416667,29.1,seaport,[]
63070,Ellefsen Harbor,,Antarctica,,-60.733333,-45.033333,seaport,[]
63120,Andersen Harbor,,Antarctica,,-64.316667,-62.933333,seaport,[]
11360,Baie Du Marigot,,France,,18.066667,-63.083333,seaport,[]
11372,Coles Bay Oil Terminal,,Sint Maarten,,18.016667,-63.083333,seaport,[]
48057,Zafarana Terminal,,Egypt,,29.166667,32.683333,seaport,[]
60205,Suizhang Gang,,China,,40.066667,121.05,seaport,[]
49685,Yetagun Marine Terminal,,Burma,,13.05,96.85,seaport,[]
47989,Zeit Bay Lpg Terminal,,Egypt,,27.8,33.566667,seaport,[]
51800,Tanjungredeb,,Indonesia,,2.15,117.483333,seaport,[]
59575,Santa Clara,,Philippines,,7.783333,122.683333,seaport,[]
11048,Punta Nizao Oil Terminal,,Dominican Republic,,18.2,-70.2,seaport,[]
57490,Phsar Ream,,Cambodia,,10.5,103.6,seaport,[]
50932,Tanjung Gerem,,Indonesia,,-5.966667,105.983333,seaport,[]
48341,Ras Al Ghar,,Saudi Arabia,,26.9,49.866667,seaport,[]
7890,Port Socony,,United States,,40.55,-74.25,seaport,[]
11005,Puerto Botado,,Dominican Republic,,19.2,-69.45,seaport,[]
63100,Port Lockroy,,Antarctica,,-64.816667,-63.5,seaport,[]
51500,Tarempah,,Indonesia,,3.216667,106.216667,seaport,[]
52440,Tahuna,,Indonesia,,3.616667,125.483333,seaport,[]
57472,Petchburi Terminal,,Thailand,,13.166667,100.15,seaport,[]
63080,Scotia Bay,,Antarctica,,-60.75,-44.716667,seaport,[]
47690,Port Est,,Reunion,,-20.933333,55.316667,seaport,[]
42790,Vrakhonisis Kallonis,,Greece,,39.083333,26.083333,seaport,[]
45515,Port Methanier,,Algeria,,36.883333,6.95,seaport,[]
9665,Puerto Este,,Honduras,,16.083333,-86.9,seaport,[]
35835,Port Du Havre-Antifer,,France,,49.65,0.15,seaport,[]
7020,Pemaquid Beach,,United States,,43.866667,-69.533333,seaport,[]
40750,Porto Di Malamocco,,Italy,,45.333333,12.316667,seaport,[]
46544,Psvm Terminal,,Angola,,-6.25,10.733333,seaport,[]
47695,Port Ouest,,Reunion,,-20.933333,55.283333,seaport,[]
9230,Sinco,,United States,,29.716667,-95.233333,seaport,[]
14020,Prince Olav Harbor,,South Georgia and South Sandwich Islands,,-54.033333,-37.15,seaport,[]
7070,Robinhood,,United States,,43.85,-69.733333,seaport,[]
6980,Port Clyde,,United States,,43.916667,-69.25,seaport,[]
42440,Stilis,,Greece,,38.916667,22.616667,seaport,[]
14040,Stromness Harbor,,South Georgia and South Sandwich Islands,,-54.15,-36.7,seaport,[]
45845,Victoria,,Guinea,,10.816667,-14.566667,seaport,[]
7000,Friendship,US FSP,United States,,43.966667,-69.333333,seaport,[]
6880,Bucksport,US BUP,United States,,44.566667,-68.783333,seaport,[]
9240,Houston,US HOU,United States,,29.75,-95.283333,seaport,[]
12772,Aratu,BR ARB,Brazil,,-12.783333,-38.5,seaport,[]
10010,Matthew Town,BS MAT,The Bahamas,,20.95,-73.683333,seaport,[]
11100,Arecibo,PR ARE,Puerto Rico,,18.483333,-66.7,seaport,[]
7190,Newburyport,US ZMP,United States,,42.816667,-70.866667,seaport,[]
10430,Ceiba Hueca,CU CEI,Cuba,,20.216667,-77.316667,seaport,[]
60320,Inchon,KR INC,South Korea,,37.466667,126.616667,seaport,[]
60250,Dalian,CN DAL,China,,38.916667,121.666667,seaport,[]
48076,Elat,IL ETH,Israel,,29.55,34.95,seaport,[]
47990,El Ghardaqa,EG HRG,Egypt,,27.216667,33.85,seaport,[]
47630,Antsiranana,MG DIE,Madagascar,,-12.266667,49.283333,seaport,[]
47510,Mananjary,MG MNJ,Madagascar,,-21.25,48.333333,seaport,[]
47130,Kismaayo,SO KMU,Somalia,,-0.366667,42.55,seaport,[]
47100,Mombasa,KE MBA,Kenya,,-4.066667,39.666667,seaport,[]
45820,Dakar,SN DKR,Senegal,,14.683333,-17.433333,seaport,[]
48465,Kharg Island Oil Terminal,IR KHK,Iran,,29.233333,50.333333,seaport,[]
48450,Bandar-E Mahshahr,IR MRX,Iran,,30.466667,49.183333,seaport,[]
41820,Itea,GR ITA,Greece,,38.433333,22.416667,seaport,[]
41550,Dubrovnik,HR DBV,Croatia,,42.666667,18.083333,seaport,[]
39590,Livorno,IT LIV,Italy,,43.542,10.29,seaport,[]
39025,Monaco,MC MON,Monaco,,43.733333,7.416667,seaport,[]
37770,La Coruna,ES LCG,Spain,,43.366667,-8.4,seaport,[]
37120,Le Verdon,FR LVE,France,,45.55,-1.05,seaport,[]
42345,Astakos,GR AST,Greece,,38.483333,21.1,seaport,[]
41800,Mesolongion,GR MEL,Greece,,38.366667,21.416667,seaport,[]
45350,Abu Khammash,LY ABK,Libya,,33.066667,11.816667,seaport,[]
45819,M Bao Oil Terminal,SN MBA,Senegal,,14.716667,-17.4,seaport,[]
46237,Agbami Oil Terminal,NG ABM,Nigeria,,3.466667,5.566667,seaport,[]
42890,Andros,GR AND,Greece,,37.833333,24.95,seaport,[]
37960,Oporto,PT DOU,Portugal,,41.15,-8.666667,seaport,[]
57990,Claveria,PH CLV,Philippines,,18.616667,121.083333,seaport,[]
58370,Manila,PH MNL,Philippines,,14.583333,120.966667,seaport,[]
60240,Lushun,CN LSH,China,,38.783333,121.25,seaport,[]
51501,Belanak Field Terminal,ID BNT,Indonesia,,4.15,106.25,seaport,[]
51570,Bintangor,MY BTN,Malaysia,,2.166667,111.633333,seaport,[]
39820,Fiumicino,IT FCO,Italy,,41.772,12.214,seaport,[]
46900,Chinde,MZ INE,Mozambique,,-18.566667,36.5,seaport,[]
47420,Maintirano,MG MXT,Madagascar,,-18.066667,44.016667,seaport,[]
47590,Maroantsetra,MG WMN,Madagascar,,-15.45,49.816667,seaport,[]
52240,Kendari,ID KDI,Indonesia,,-3.966667,122.583333,seaport,[]
61360,Choshi,JP CHO,Japan,,35.733333,140.85,seaport,[]
61555,Amagasaki,JP AMA,Japan,,34.7,135.383333,seaport,[]
58170,Legazpi Port,PH LGP,Philippines,,13.15,123.75,seaport,[]
44965,Dhekelia,CY DHK,Cyprus,,34.966667,33.716667,seaport,[]
45100,Ashdod,IL ASH,Israel,,31.816667,34.65,seaport,[]
45620,Mostaganem,DZ MOS,Algeria,,35.933333,0.083333,seaport,[]
46552,Greater Plutonio Terminal,AO GPO,Angola,,-7.833333,12.1,seaport,[]
49780,Krabi,TH KRV,Thailand,,8.066667,98.916667,seaport,[]
49792,Bang Saphan,TH BSP,Thailand,,11.183333,99.6,seaport,[]
50180,Blinyu,ID BLI,Indonesia,,-1.633333,105.783333,seaport,[]
44808,Antalya Offshore Terminal,TR UZE,Turkey,,36.816667,30.6,seaport,[]
44820,Antalya,TR AYT,Turkey,,36.833333,30.616667,seaport,[]
45630,Arzew,DZ AZW,Algeria,,35.85,-0.3,seaport,[]
46286,Moudi Marine Terminal,CM MOU,Cameroon,,4.116667,8.483333,seaport,[]
57410,Kuantan New Port,MY KUA,Malaysia,,3.966667,103.433333,seaport,[]
58540,Calapan,PH CLP,Philippines,,13.416667,121.183333,seaport,[]
42434,Achladi,GR ACL,Greece,,38.9,22.816667,seaport,[]
38083,Lajes,PT LDP,Portugal,,38.4,-28.266667,seaport,[]
38440,Alicante,ES ALC,Spain,,38.333333,-0.483333,seaport,[]
43130,Iraklion,GR HER,Greece,,35.35,25.15,seaport,[]
12117,Venterminals,,Venezuela,,10.483333,-68.033333,seaport,[]
11782,Salina,,Caribbean Netherlands,,12.083333,-68.283333,seaport,[]
8280,Norfolk,US ORF,United States,,36.85,-76.3,seaport,[]
63130,Mcmurdo Station,AQ MCM,Antarctica,,-77.85,166.65,seaport,[]
62520,Ishigaki,JP ISG,Japan,,24.333333,124.166667,seaport,[]
7460,Greenport,US GP4,United States,,41.1,-72.366667,seaport,[]
39000,Villefranche,FR VSS,France,,43.7,7.316667,seaport,[]
6910,Searsport,US SRP,United States,,44.45,-68.916667,seaport,[]
39261,Porto Di Oristano,IT QOS,Italy,,39.866667,8.55,seaport,[]
38870,Toulon,FR TLN,France,,43.1,5.916667,seaport,[]
15445,Pedregal,PA PED,Panama,,8.35,-82.433333,seaport,[]
38095,Praia De Vitoria,PT PRV,Portugal,,38.716667,-27.05,seaport,[]
40620,Ortona,IT OTN,Italy,,42.35,14.416667,seaport,[]
6950,Rockport,US RP3,United States,,44.183333,-69.066667,seaport,[]
38050,Vila Real De S Antonio,PT VNC,Portugal,,37.183333,-7.4,seaport,[]
39215,Sarroch Oil Terminal,IT PFX,Italy,,39.083333,9.033333,seaport,[]
15915,San Juan De La Costa,MX SJC,Mexico,,24.4,-110.7,seaport,[]
39220,Porto Ponte Romano,IT PPF,Italy,,39.05,8.466667,seaport,[]
6680,Winter Harbor,US WH5,United States,,44.383333,-68.083333,seaport,[]
38100,Ponta Delgada,PT PDL,Portugal,,37.733333,-25.666667,seaport,[]
40470,Taranto,IT TAR,Italy,,40.466667,17.2,seaport,[]
8030,New Castle,US NSX,United States,,39.65,-75.566667,seaport,[]
45755,Tanger,MA TNG,Morocco,,35.783333,-5.816667,seaport,[]
46925,Pebane,MZ PEB,Mozambique,,-17.266667,38.15,seaport,[]
42570,Stratoni,GR STI,Greece,,40.516667,23.833333,seaport,[]
42550,Yerakini,GR YER,Greece,,40.266667,23.466667,seaport,[]
42780,Plomarion,GR PLM,Greece,,38.983333,26.366667,seaport,[]
47540,Toamasina,MG TOA,Madagascar,,-18.166667,49.416667,seaport,[]
41410,Ploce,HR PLE,Croatia,,43.05,17.433333,seaport,[]
42460,Tsingeli,GR TSI,Greece,,39.166667,22.85,seaport,[]
46375,Santo Antonio,ST SAA,Sao Tome and Principe,,1.65,7.45,seaport,[]
46063,Saltpond,GH SPD,Ghana,,5.2,-1.05,seaport,[]
62175,Saiki Ko,JP SAE,Japan,,32.966667,131.933333,seaport,[]
59580,Zamboanga,PH ZAM,Philippines,,6.9,122.066667,seaport,[]
48020,Ras Gharib,EG RAG,Egypt,,28.35,33.1,seaport,[]
58150,Tabaco,PH TBC,Philippines,,13.366667,123.733333,seaport,[]
57446,Sattahip,TH SAT,Thailand,,12.616667,100.916667,seaport,[]
57439,Songkhla Harbor,TH SGK,Thailand,,7.216667,100.583333,seaport,[]
55350,Timaru,NZ TIU,New Zealand,,-44.4,171.25,seaport,[]
50010,Pulau Bukom,SG PUB,Singapore,,1.233333,103.766667,seaport,[]
59120,Pulupandan,PH PUL,Philippines,,10.516667,122.8,seaport,[]
8290,Portsmouth,US PTM,United States,,36.816667,-76.3,seaport,[]
52320,Ujung Pandang,ID UPG,Indonesia,,-5.133333,119.4,seaport,[]
60133,Rizhao,CN RZH,China,,35.383333,119.566667,seaport,[]
8110,Philadelphia,US PHL,United States,,39.95,-75.133333,seaport,[]
50250,Tanjungpandan,ID TJQ,Indonesia,,-2.75,107.633333,seaport,[]
62010,Uwajima Ko,JP UWA,Japan,,33.216667,132.566667,seaport,[]
51645,Seria Oil Loading Terminal,BN SER,Brunei,,4.616667,114.316667,seaport,[]
8025,Salem Nj,US SEM,United States,,39.666667,-75.483333,seaport,[]
16040,Isthmus Cove,,United States,,33.45,-118.5,seaport,[]
16310,Yerbabuena Island,,United States,,37.816667,-122.366667,seaport,[]
16140,Ventura,US VNT,United States,,34.283333,-119.283333,seaport,[]
16130,Prisoners,,United States,,34.016667,-119.683333,seaport,[]
9950,Ireland Island,BM FPT,Bermuda,,32.316667,-64.833333,seaport,[]
12890,Macae,BR MEA,Brazil,,-22.366667,-41.766667,seaport,[]
12930,Niteroi,BR NTR,Brazil,,-22.883333,-43.116667,seaport,[]
9995,Clifton Pier,BS CLP,The Bahamas,,25.0,-77.55,seaport,[]
46549,Girassol Terminal,AO GIR,Angola,,-7.65,11.683333,seaport,[]
46551,Dalia Terminal,AO DAL,Angola,,-7.683333,11.766667,seaport,[]
54200,Kingscote,AU KGC,Australia,,-35.633333,137.633333,seaport,[]
12920,Rio De Janeiro,BR RIO,Brazil,,-22.9,-43.166667,seaport,[]
11830,Sint Nicolaas Baai,AW SNL,Aruba,,12.433333,-69.916667,seaport,[]
63095,Port Foster,AQ PFS,Antarctica,,-62.95,-60.633333,seaport,[]
57830,Guangzhou,CN GGZ,China,,23.116667,113.233333,seaport,[]
45670,Ghazaouet,DZ GHZ,Algeria,,35.1,-1.866667,seaport,[]
45570,Alger,DZ ALG,Algeria,,36.766667,3.066667,seaport,[]
45490,Annaba,DZ AAE,Algeria,,36.916667,7.766667,seaport,[]
44970,Famagusta,CY FMG,Cyprus,,35.116667,33.933333,seaport,[]
44960,Larnaca,CY LCA,Cyprus,,34.916667,33.65,seaport,[]
15480,Golfito,CR GLF,Costa Rica,,8.633333,-83.166667,seaport,[]
10500,Jucaro,CU JUC,Cuba,,21.616667,-78.85,seaport,[]
45520,Collo,DZ COL,Algeria,,37.0,6.583333,seaport,[]
45525,Djen-Djen,DZ DJE,Algeria,,36.816667,5.883333,seaport,[]
45530,Jijel,DZ DJI,Algeria,,36.833333,5.783333,seaport,[]
11908,El Bosque,CO EBQ,Colombia,,10.4,-75.533333,seaport,[]
60170,Longkou Gang,CN LKU,China,,37.633333,120.283333,seaport,[]
60215,Jinzhou Wan,CN JNZ,China,,40.75,121.1,seaport,[]
44900,Kyrenia,CY KYR,Cyprus,,35.35,33.333333,seaport,[]
10420,Media Luna,CU MEL,Cuba,,20.15,-77.433333,seaport,[]
11905,Mamonal,CO MAM,Colombia,,10.316667,-75.516667,seaport,[]
45560,Dellys,DZ DEL,Algeria,,36.916667,3.916667,seaport,[]
57822,Huangpu,CN HUA,China,,23.083333,113.416667,seaport,[]
60210,Huludao Gang,CN HUD,China,,40.7,120.983333,seaport,[]
60230,Bayuquan,CN BYQ,China,,40.3,122.083333,seaport,[]
45510,Skikda,DZ SKI,Algeria,,36.883333,6.916667,seaport,[]
45610,Tenes,DZ TEN,Algeria,,36.533333,1.316667,seaport,[]
15500,Puerto Caldera,CR PTC,Costa Rica,,9.916667,-84.716667,seaport,[]
15360,Tumaco,CO TCO,Colombia,,1.816667,-78.75,seaport,[]
11821,Sint Michelsbaai,CW SMB,Curacao,,12.133333,-69.016667,seaport,[]
45880,Porto Grande,CV GRA,Cabo Verde,,16.883333,-25.0,seaport,[]
15510,Puntarenas,CR PAS,Costa Rica,,9.983333,-84.833333,seaport,[]
48015,Ras Shukhier,EG RSH,Egypt,,28.133333,33.283333,seaport,[]
48025,Ras Badran Oil Terminal,EG RAB,Egypt,,28.95,33.166667,seaport,[]
60165,Penglai,CN PLI,China,,37.816667,120.833333,seaport,[]
48065,Wadi Feiran,EG WAF,Egypt,,28.75,33.2,seaport,[]
47988,Sharm El Sheikh,EG SSH,Egypt,,27.85,34.283333,seaport,[]
60140,Qingdao Gang,CN QIN,China,,36.033333,120.266667,seaport,[]
60193,Tangshan (Jingtang),CN TGS,China,,39.2,119.016667,seaport,[]
48053,Ras Sudr,EG RSU,Egypt,,29.583333,32.7,seaport,[]
11060,Puerto Viejo De Azua,DO PVA,Dominican Republic,,18.35,-70.833333,seaport,[]
10520,Tunas De Zaza,CU TDZ,Cuba,,21.633333,-79.55,seaport,[]
57816,Sanya,CN SYA,China,,18.316667,109.45,seaport,[]
57817,Yangpu,CN YPG,China,,19.733333,109.183333,seaport,[]
60150,Weihai,CN WEG,China,,37.5,122.1,seaport,[]
11030,San Pedro De Macoris,DO SPM,Dominican Republic,,18.45,-69.316667,seaport,[]
45730,Ceuta,ES CEU,Spain,,35.9,-5.316667,seaport,[]
38990,Nice,FR NCE,France,,43.7,7.283333,seaport,[]
38775,Fos,FR FOS,France,,43.416667,4.883333,seaport,[]
38290,Cadiz,ES CAD,Spain,,36.533333,-6.3,seaport,[]
38220,Huelva,ES HUV,Spain,,37.25,-6.95,seaport,[]
37740,Ferrol,ES FRO,Spain,,43.483333,-8.233333,seaport,[]
37560,Gijon,ES GIJ,Spain,,43.55,-5.666667,seaport,[]
37230,Bayonne,FR BAY,France,,43.5,-1.466667,seaport,[]
36900,Nantes,FR NTE,France,,47.2,-1.566667,seaport,[]
36860,Donges,FR DON,France,,47.3,-2.066667,seaport,[]
35870,Deauville,FR DOL,France,,49.366667,0.083333,seaport,[]
38310,Algeciras,ES ALG,Spain,,36.133333,-5.433333,seaport,[]
37600,Aviles,ES AVS,Spain,,43.6,-5.933333,seaport,[]
38375,Motril,ES MOT,Spain,,36.75,-3.516667,seaport,[]
38390,Almeria,ES LEI,Spain,,36.833333,-2.466667,seaport,[]
38500,El Grao,ES GCS,Spain,,39.966667,0.016667,seaport,[]
38610,Ibiza,ES IBZ,Spain,,38.9,1.45,seaport,[]
39080,Bonifacio,FR BON,France,,41.383333,9.166667,seaport,[]
36620,Concarneau,FR COC,France,,47.866667,-3.916667,seaport,[]
35830,Fecamp,FR FEC,France,,49.766667,0.366667,seaport,[]
36855,Montoir,FR MTX,France,,47.3,-2.133333,seaport,[]
37350,Bermeo,ES BRM,Spain,,43.416667,-2.716667,seaport,[]
38380,Adra,ES ADR,Spain,,36.733333,-3.033333,seaport,[]
38410,Aguilas,ES AGU,Spain,,37.4,-1.566667,seaport,[]
38460,Puerto De Gandia,ES GAN,Spain,,39.0,-0.15,seaport,[]
35880,Port De Caen,FR CFR,France,,49.183333,-0.35,seaport,[]
37470,Santander,ES SDR,Spain,,43.466667,-3.783333,seaport,[]
38435,Torrevieja,ES TOR,Spain,,37.966667,-0.683333,seaport,[]
38940,Saint-Raphael,FR SRL,France,,43.416667,6.766667,seaport,[]
38398,Puerto De Garrucha,ES GAR,Spain,,37.183333,-1.816667,seaport,[]
38280,Rota,ES ROT,Spain,,36.616667,-6.333333,seaport,[]
35885,Ouistreham,FR OUI,France,,49.283333,-0.25,seaport,[]
38150,Santa Cruz De La Palma,ES SPC,Spain,,28.683333,-17.75,seaport,[]
38780,Port-de-Bouc,FR PDB,France,,43.4,4.983333,seaport,[]
38730,Port-La-Nouvelle,FR NOU,France,,43.016667,3.066667,seaport,[]
61662,Iwakuni Ko,JP IWK,Japan,,34.183333,132.25,seaport,[]
61356,Hitachi,JP HTC,Japan,,36.5,140.633333,seaport,[]
50140,Muntok,ID MUO,Indonesia,,-2.066667,105.166667,seaport,[]
40590,Manfredonia,IT MFR,Italy,,41.616667,15.916667,seaport,[]
39810,Civitavecchia,IT CVV,Italy,,42.102,11.771,seaport,[]
41420,Korcula,HR KOR,Croatia,,42.933333,17.133333,seaport,[]
41840,Aigio,GR GIE,Greece,,38.25,22.083333,seaport,[]
39140,Maddalena,IT MDA,Italy,,41.208,9.403,seaport,[]
39370,Imperia,IT IMP,Italy,,43.883333,8.033333,seaport,[]
40170,Marsala,IT MRA,Italy,,37.783333,12.433333,seaport,[]
40180,Mazara Del Vallo,IT MAZ,Italy,,37.644,12.592,seaport,[]
50925,Banten,ID BTN,Indonesia,,-6.016667,105.966667,seaport,[]
51855,North Pulau Laut Coal Terminal,ID NPL,Indonesia,,-3.2,116.283333,seaport,[]
51400,Kupang,ID KOE,Indonesia,,-10.166667,123.583333,seaport,[]
48420,Khorramshahr,IR KHO,Iran,,30.433333,48.183333,seaport,[]
50930,Anyer Lor,ID ANR,Indonesia,,-6.05,105.916667,seaport,[]
51280,Ampenan,ID AMP,Indonesia,,-8.566667,116.066667,seaport,[]
41350,Dugi Rat,HR DUR,Croatia,,43.45,16.65,seaport,[]
42980,Nisos Naxos,GR JNX,Greece,,37.1,25.366667,seaport,[]
62400,Imari,JP IMI,Japan,,33.283333,129.883333,seaport,[]
10620,Falmouth,JM FMH,Jamaica,,18.483333,-77.65,seaport,[]
62190,Hososhima Ko,JP HSM,Japan,,32.433333,131.666667,seaport,[]
62340,Aokata,JP AOK,Japan,,32.983333,129.066667,seaport,[]
62440,Izuhara,JP IZH,Japan,,34.2,129.3,seaport,[]
61960,Komatsushima,JP KOM,Japan,,34.016667,134.6,seaport,[]
62333,Matsu-Shima,JP MTS,Japan,,32.933333,129.6,seaport,[]
43120,Rethimnon,GR RET,Greece,,35.366667,24.466667,seaport,[]
9680,Trujillo,HN TJI,Honduras,,15.916667,-85.95,seaport,[]
43100,Soudha,GR SDH,Greece,,35.483333,24.183333,seaport,[]
42230,Piraievs,GR PIR,Greece,,37.933333,23.65,seaport,[]
41010,Rijeka Luka,HR RJK,Croatia,,45.333333,14.433333,seaport,[]
40880,Umag,HR UMG,Croatia,,45.433333,13.516667,seaport,[]
51130,Surabaya,ID SUB,Indonesia,,-7.2,112.733333,seaport,[]
61980,Susaki Ko,JP SUZ,Japan,,33.383333,133.3,seaport,[]
62170,Tsukumi Ko,JP TMI,Japan,,33.083333,131.866667,seaport,[]
50060,Pulau Sambu,ID PSS,Indonesia,,1.166667,103.9,seaport,[]
61965,Tachibana,JP TBN,Japan,,33.866667,134.666667,seaport,[]
50210,Pangkalpinang,ID PGK,Indonesia,,-2.116667,106.133333,seaport,[]
51502,Udang Oilfield,ID UDG,Indonesia,,4.033333,106.483333,seaport,[]
51820,Samarinda,ID SRI,Indonesia,,-0.516667,117.116667,seaport,[]
48399,Umm Qasr,IQ UQR,Iraq,,30.016667,47.95,seaport,[]
61760,Sakaiminato,JP SMN,Japan,,35.533333,133.233333,seaport,[]
50935,Tanjung Sekong,ID TSE,Indonesia,,-5.916667,106.0,seaport,[]
50040,Tanjungpinang,ID TNJ,Indonesia,,0.916667,104.45,seaport,[]
61540,Tanabe Ko,JP TAE,Japan,,33.716667,135.366667,seaport,[]
62121,Yahata,JP YWT,Japan,,33.866667,130.816667,seaport,[]
40440,Crotone,IT CRV,Italy,,39.078,17.136,seaport,[]
40580,Porto Di Barletta,IT BLT,Italy,,41.334,16.292,seaport,[]
40530,Bari,IT BRI,Italy,,41.146,16.846,seaport,[]
40660,Ancona,IT AOI,Italy,,43.629,13.494,seaport,[]
48460,Bandar Khomeyni,IR BKM,Iran,,30.433333,49.083333,seaport,[]
43165,Kali Limenes,GR KLL,Greece,,34.933333,24.833333,seaport,[]
41720,Kerkira,GR CFU,Greece,,39.616667,19.933333,seaport,[]
39960,Napoli,IT NAP,Italy,,40.833,14.275,seaport,[]
42905,Mikonos,GR JMK,Greece,,37.45,25.333333,seaport,[]
50517,Jabung Batanghari Marine Terminal,ID JBT,Indonesia,,-0.916667,104.066667,seaport,[]
42600,Kavala,GR KVA,Greece,,40.933333,24.4,seaport,[]
39830,Anzio - Nettuno,IT ANZ,Italy,,41.446,12.637,seaport,[]
39860,Gaeta,IT GAE,Italy,,41.223,13.577,seaport,[]
40550,Molfetta,IT MOL,Italy,,41.216667,16.6,seaport,[]
42120,Lavrio,GR LAV,Greece,,37.7,24.066667,seaport,[]
51120,Gresik,ID GRE,Indonesia,,-7.15,112.65,seaport,[]
50070,Lalang Marine Terminal,ID LAT,Indonesia,,1.183333,102.216667,seaport,[]
51890,Banjarmasin,ID BDJ,Indonesia,,-3.333333,114.583333,seaport,[]
61425,Omaezaki Ko,JP OMZ,Japan,,34.6,138.233333,seaport,[]
61720,Hagi Ko,JP HAG,Japan,,34.416667,131.4,seaport,[]
61730,Hamada Ko,JP HMD,Japan,,34.9,132.083333,seaport,[]
42630,Alexandroupoli,GR AXD,Greece,,40.833333,25.883333,seaport,[]
42840,Neon Karlovas,GR KAR,Greece,,37.8,26.683333,seaport,[]
42880,Gavrio,GR GAV,Greece,,37.883333,24.733333,seaport,[]
39190,Arbatax,IT ATX,Italy,,39.933333,9.7,seaport,[]
39550,Marina Di Carrara,IT MDC,Italy,,44.027,10.047,seaport,[]
41790,Argostolion,GR ARM,Greece,,38.183333,20.516667,seaport,[]
41880,Katakolon,GR KAK,Greece,,37.65,21.316667,seaport,[]
42050,Navplio,GR NPK,Greece,,37.566667,22.8,seaport,[]
42160,Megara Oil Terminal,GR MGR,Greece,,37.966667,23.4,seaport,[]
61790,Miyazu,JP MIY,Japan,,35.533333,135.2,seaport,[]
61541,Yura,JP YUA,Japan,,33.95,135.1,seaport,[]
41290,Sibenik,HR SIB,Croatia,,43.733333,15.883333,seaport,[]
42340,Ormos Aliveriou,GR LVR,Greece,,38.383333,24.05,seaport,[]
42070,Spetses,,Greece,,37.266667,23.166667,seaport,[]
41850,Patrai,GR GPA,Greece,,38.25,21.733333,seaport,[]
39610,Vada,IT VDA,Italy,,43.35,10.45,seaport,[]
40240,Siracusa,IT SIR,Italy,,37.05,15.283333,seaport,[]
39990,Torre Annunziata,IT TOA,Italy,,40.75,14.45,seaport,[]
40760,Porto Di Lido-Venezia,IT VCE,Italy,,45.416667,12.433333,seaport,[]
40040,Salerno,IT SAL,Italy,,40.666667,14.75,seaport,[]
10870,Petit Goave,HT PEG,Haiti,,18.433333,-72.866667,seaport,[]
51770,Tanjung Arang  (Bunyu),ID BYQ,Indonesia,,3.466667,117.833333,seaport,[]
50120,Toboali,ID TBL,Indonesia,,-3.016667,106.45,seaport,[]
61750,Sakai Ko,JP SAK,Japan,,35.55,133.25,seaport,[]
50380,Panjang,ID PNJ,Indonesia,,-5.466667,105.316667,seaport,[]
40130,Porto Di Palermo,IT PMO,Italy,,38.119,13.38,seaport,[]
39740,Portovecchio Di Piombino,IT PIO,Italy,,42.933,10.557,seaport,[]
59485,General Santos,PH GES,Philippines,,6.116667,125.183333,seaport,[]
59345,Nasipit Port,PH NAS,Philippines,,8.983333,125.333333,seaport,[]
47105,Kilifi,KE KLF,Kenya,,-3.633333,39.866667,seaport,[]
46935,Nacala,MZ MNC,Mozambique,,-14.533333,40.666667,seaport,[]
46930,Mocambique,MZ MZQ,Mozambique,,-15.033333,40.733333,seaport,[]
45812,Nouadhibou,MR NDB,Mauritania,,20.916667,-17.05,seaport,[]
45793,Casablanca,MA CAS,Morocco,,33.6,-7.616667,seaport,[]
37990,Lisboa,PT LIS,Portugal,,38.7,-9.166667,seaport,[]
15990,Ensenada,MX ESE,Mexico,,31.866667,-116.633333,seaport,[]
14955,La Pampilla Oil Terminal,PE LPP,Peru,,-11.933333,-77.133333,seaport,[]
11090,Aguadilla,PR BQN,Puerto Rico,,18.433333,-67.15,seaport,[]
11290,Mayaguez,PR MAZ,Puerto Rico,,18.2,-67.15,seaport,[]
11625,Grand Cul De Sac Bay,LC CDS,Saint Lucia,,13.983333,-61.016667,seaport,[]
58100,Jose Panganiban,PH JPM,Philippines,,14.283333,122.683333,seaport,[]
59400,Mati,PH MXI,Philippines,,6.95,126.216667,seaport,[]
59720,Bugo,PH BUG,Philippines,,8.516667,124.75,seaport,[]
48357,Mina Ash Shuaybah,KW SAA,Kuwait,,29.033333,48.166667,seaport,[]
48370,Al Kuwayt,KW KWI,Kuwait,,29.35,47.933333,seaport,[]
47107,Malindi,KE MYD,Kenya,,-3.216667,40.133333,seaport,[]
57970,Basco,PH BSO,Philippines,,20.45,121.966667,seaport,[]
59430,Davao,PH DVO,Philippines,,7.066667,125.616667,seaport,[]
59770,Basilian City (Isabela),PH BCT,Philippines,,6.716667,121.966667,seaport,[]
45240,Darnah,LY DRX,Libya,,32.766667,22.65,seaport,[]
45335,Az Zawiya,LY ZAW,Libya,,32.8,12.716667,seaport,[]
45785,Kenitra,MA NNA,Morocco,,34.3,-6.6,seaport,[]
45802,Agadir,MA AGA,Morocco,,30.433333,-9.633333,seaport,[]
14970,Chancay,PE CHY,Peru,,-11.583333,-77.25,seaport,[]
15427,Charco Azul,PA CHA,Panama,,8.216667,-82.866667,seaport,[]
48338,Al Jubayl,SA JBI,Saudi Arabia,,27.083333,49.666667,seaport,[]
48356,Mina Az Zawr,KW MIS,Kuwait,,28.733333,48.4,seaport,[]
49980,Muar,MY MUA,Malaysia,,2.05,102.566667,seaport,[]
11250,Las Mareas,PR LAM,Puerto Rico,,17.95,-66.166667,seaport,[]
45800,Essaouira,MA ESS,Morocco,,31.5,-9.783333,seaport,[]
46241,Akpo Oil Terminal,NG AKP,Nigeria,,3.133333,6.816667,seaport,[]
57485,Kampong Saom,KH KOS,Cambodia,,10.633333,103.5,seaport,[]
46880,Inhambane,MZ INH,Mozambique,,-23.916667,35.4,seaport,[]
47110,Lamu,KE LAU,Kenya,,-2.266667,40.9,seaport,[]
47430,Morondava,MG MOQ,Madagascar,,-20.283333,44.3,seaport,[]
47500,Manakara,MG WVK,Madagascar,,-22.116667,48.05,seaport,[]
55330,Akaroa,NZ AKA,New Zealand,,-43.8,172.966667,seaport,[]
37980,Figueira Da Foz,PT FDF,Portugal,,40.15,-8.85,seaport,[]
38030,Faro,PT FAO,Portugal,,37.033333,-7.933333,seaport,[]
59100,Lazi,PH LZB,Philippines,,9.133333,123.633333,seaport,[]
37950,Porto De Leixoes,PT LEI,Portugal,,41.183333,-8.7,seaport,[]
38110,Vila Do Porto,PT VDP,Portugal,,36.933333,-25.15,seaport,[]
15710,Puerto Madero,MX PMD,Mexico,,14.7,-92.45,seaport,[]
11205,Puerto Yabucoa,PR PYA,Puerto Rico,,18.05,-65.833333,seaport,[]
40330,Valletta Harbors,MT MLA,Malta,,35.9,14.516667,seaport,[]
15423,Vacamonte,PA VAC,Panama,,8.866667,-79.666667,seaport,[]
38000,Setubal,PT SET,Portugal,,38.516667,-8.9,seaport,[]
38005,Sines,PT SIE,Portugal,,37.95,-8.866667,seaport,[]
46920,Porto Belo,MZ PBE,Mozambique,,-17.7,37.183333,seaport,[]
15730,Salina Cruz,MX SCX,Mexico,,16.166667,-95.2,seaport,[]
15917,Pichilingue,MX PIC,Mexico,,24.266667,-110.333333,seaport,[]
15460,Puerto Armuelles,PA AML,Panama,,8.266667,-82.85,seaport,[]
15050,Salaverry,PE SVY,Peru,,-8.233333,-78.983333,seaport,[]
37940,Viana Do Castelo,PT VDC,Portugal,,41.7,-8.833333,seaport,[]
46910,Quelimane,MZ UEL,Mozambique,,-17.883333,36.883333,seaport,[]
58395,Subic Bay,PH SFS,Philippines,,14.8,120.266667,seaport,[]
57425,Tapis Marine Terminal A,MY TAT,Malaysia,,5.516667,105.016667,seaport,[]
55180,Wanganui,NZ WAG,New Zealand,,-39.95,175.033333,seaport,[]
59725,Villanueva,PH VNV,Philippines,,8.583333,124.766667,seaport,[]
59780,Port Holland,PH PHD,Philippines,,6.55,121.866667,seaport,[]
48349,Ras Al Khafji,SA RAR,Saudi Arabia,,28.433333,48.583333,seaport,[]
59530,Pagadian,PH PAG,Philippines,,7.833333,123.433333,seaport,[]
47750,Port Mathurin,MU PMA,Mauritius,,-19.683333,63.416667,seaport,[]
60325,Pyeongtaek Hang,KR PTK,South Korea,,37.0,126.8,seaport,[]
49825,Port Langkawi,MY LGK,Malaysia,,6.433333,99.766667,seaport,[]
58205,Sorsogon,PH SOR,Philippines,,12.966667,124.0,seaport,[]
48340,Ras  Tannurah,SA RTA,Saudi Arabia,,26.633333,50.166667,seaport,[]
8225,Annapolis,US ANP,United States,,38.983333,-76.483333,seaport,[]
8210,Baltimore,US BAL,United States,,39.266667,-76.583333,seaport,[]
8130,Camden,US CDE,United States,,39.95,-75.133333,seaport,[]
8080,Chester,US CHT,United States,,39.85,-75.35,seaport,[]
7810,Newark,US EWR,United States,,40.7,-74.15,seaport,[]
7790,Bayonne,US BAY,United States,,40.683333,-74.1,seaport,[]
7770,Hoboken,US HBK,United States,,40.75,-74.016667,seaport,[]
7610,Greenwich,US GRH,United States,,41.016667,-73.616667,seaport,[]
7570,Bridgeport,US BDR,United States,,41.166667,-73.183333,seaport,[]
7400,Fall River,US FAV,United States,,41.7,-71.166667,seaport,[]
7720,Albany,US ALB,United States,,42.65,-73.75,seaport,[]
45400,Mahdia,TN MAD,Tunisia,,35.5,11.066667,seaport,[]
44870,Botas,TR BOT,Turkey,,36.883333,35.933333,seaport,[]
50000,Keppel - (East Singapore),SG KEP,Singapore,,1.283333,103.85,seaport,[]
40860,Koper,SI KOP,Slovenia,,45.55,13.733333,seaport,[]
45867,Bonthe,SL BTE,Sierra Leone,,7.533333,-12.5,seaport,[]
6940,Camden,US AQQ,United States,,44.216667,-69.066667,seaport,[]
6860,Castine,US CAS,United States,,44.383333,-68.733333,seaport,[]
16050,Avalon,US AOU,United States,,33.35,-118.316667,seaport,[]
9340,Brownsville,US BRO,United States,,25.95,-97.4,seaport,[]
9150,Galveston,US GLS,United States,,29.316667,-94.783333,seaport,[]
9140,Beaumont,US BPT,United States,,30.083333,-94.083333,seaport,[]
8970,Baton Rouge,US BTR,United States,,30.45,-91.183333,seaport,[]
8720,Carrabelle,US CRB,United States,,29.85,-84.666667,seaport,[]
8660,Key West,US EYW,United States,,24.55,-81.816667,seaport,[]
8600,Fort Pierce,US FPR,United States,,27.466667,-80.316667,seaport,[]
8570,Mayport,US NRB,United States,,30.4,-81.433333,seaport,[]
8325,Elizabeth City,US ECG,United States,,36.3,-76.216667,seaport,[]
44790,Bodrum,TR BXN,Turkey,,37.033333,27.433333,seaport,[]
47000,Kilwa Kivinje,TZ KIK,Tanzania,,-8.733333,39.416667,seaport,[]
16280,Davenport,US DAV,United States,,37.016667,-122.2,seaport,[]
16145,Carpinteria,US CPT,United States,,34.383333,-119.516667,seaport,[]
16440,Crockett,US CRM,United States,,38.05,-122.216667,seaport,[]
50017,Jurong Island,SG JUR,Singapore,,1.283333,103.733333,seaport,[]
57440,Erawan Terminal,TH ERA,Thailand,,9.1,101.35,seaport,[]
6700,Bar Harbor,US BHB,United States,,44.383333,-68.2,seaport,[]
44740,Dikili,TR DIK,Turkey,,39.016667,26.816667,seaport,[]
45368,Didon Terminal,TN DID,Tunisia,,33.783333,11.9,seaport,[]
45375,Gabes,TN GAE,Tunisia,,33.9,10.116667,seaport,[]
45420,La Goulette,TN LGN,Tunisia,,36.8,10.3,seaport,[]
15640,Acajutla,SV AQJ,El Salvador,,13.583333,-89.833333,seaport,[]
49794,Khanom,TH KHA,Thailand,,9.2,99.9,seaport,[]
44660,Erdek,TR ERK,Turkey,,40.383333,27.8,seaport,[]
44730,Ayvalik,TR AYV,Turkey,,39.316667,26.7,seaport,[]
44752,Nemrut Limani Bay,TR NEM,Turkey,,38.766667,26.916667,seaport,[]
9235,Deer Park,US DEX,United States,,29.75,-95.333333,seaport,[]
44810,Fethiye,TR FET,Turkey,,36.633333,29.1,seaport,[]
43334,Aliaga,TR ALI,Turkey,,38.833333,26.933333,seaport,[]
45430,Tunis,TN TUN,Tunisia,,36.8,10.25,seaport,[]
40870,Piran,SI PIR,Slovenia,,45.533333,13.566667,seaport,[]
45365,Zarzis,TN ZRZ,Tunisia,,33.5,11.116667,seaport,[]
44801,Toros Gubre,TR TGT,Turkey,,36.916667,35.966667,seaport,[]
45410,Sousse,TN SUS,Tunisia,,35.833333,10.65,seaport,[]
45432,Rades,TN RDS,Tunisia,,36.816667,10.3,seaport,[]
57435,Pattani,TH PTN,Thailand,,6.95,101.3,seaport,[]
57461,Siam Seaport,TH SBP,Thailand,,13.133333,100.883333,seaport,[]
7820,Elizabethport,US ZIP,United States,,40.65,-74.183333,seaport,[]
7780,Jersey City,US JEC,United States,,40.716667,-74.033333,seaport,[]
7550,New Haven,US HVN,United States,,41.233333,-72.916667,seaport,[]
7500,New London,US NLO,United States,,41.35,-72.083333,seaport,[]
8070,Marcus Hook,US MAH,United States,,39.816667,-75.416667,seaport,[]
8300,Newport News,US NNS,United States,,36.966667,-76.433333,seaport,[]
57620,Nha Trang,VN NHA,Vietnam,,12.25,109.233333,seaport,[]
7170,Kennebunkport,US KBP,United States,,43.366667,-70.466667,seaport,[]
7040,Boothbay Harbor,US OYH,United States,,43.866667,-69.583333,seaport,[]
11310,Charlotte Amalie,VI CHA,U.S. Virgin Islands,,18.35,-64.933333,seaport,[]
16340,Oakland,US OAK,United States,,37.816667,-122.333333,seaport,[]
16240,Monterey,US MY3,United States,,36.616667,-121.883333,seaport,[]
16210,Morro Bay,US MJK,United States,,35.366667,-120.85,seaport,[]
8860,New Orleans,US MSY,United States,,29.95,-90.05,seaport,[]
8820,Madisonville,US INV,United States,,30.4,-90.15,seaport,[]
8770,Mobile,US MOB,United States,,30.683333,-88.116667,seaport,[]
8640,Miami,US MIA,United States,,25.783333,-80.183333,seaport,[]
16330,Alameda,US NGZ,United States,,37.783333,-122.266667,seaport,[]
12280,Caripito,VE CAR,Venezuela,,10.15,-63.033333,seaport,[]
8940,Destrehan,US NEW,United States,,29.95,-90.366667,seaport,[]
16360,Berkeley,US JBK,United States,,37.866667,-122.3,seaport,[]
11335,Limetree Bay,VI LIB,U.S. Virgin Islands,,17.7,-64.75,seaport,[]
57575,Cat Lai,VN CLI,Vietnam,,10.75,106.783333,seaport,[]
7230,Marblehead,US MH2,United States,,42.5,-70.85,seaport,[]
11336,Port Alucroix,VI PAX,U.S. Virgin Islands,,17.7,-64.766667,seaport,[]
6810,Stonington,US SG4,United States,,44.15,-68.666667,seaport,[]
9330,Port Isabel,US PIS,United States,,26.083333,-97.2,seaport,[]
8700,Tarpon Springs,US ZKL,United States,,28.15,-82.766667,seaport,[]
7180,Portsmouth,US PSM,United States,,43.083333,-70.75,seaport,[]
16300,San Francisco,US SFO,United States,,37.816667,-122.416667,seaport,[]
9160,Texas City,US TXT,United States,,29.383333,-94.916667,seaport,[]
7225,Salem,US SLM,United States,,42.516667,-70.883333,seaport,[]
8760,Pensacola,US PNS,United States,,30.4,-87.216667,seaport,[]
16150,Santa Barbara,US SBA,United States,,34.416667,-119.683333,seaport,[]
6960,Rockland,US RKD,United States,,44.1,-69.1,seaport,[]
16010,San Diego,US SAN,United States,,32.716667,-117.183333,seaport,[]
6890,Winterport,US WIE,United States,,44.633333,-68.85,seaport,[]
9100,Port Neches,US PON,United States,,30.0,-93.95,seaport,[]
9290,Rockport,US RKP,United States,,28.016667,-97.05,seaport,[]
46780,Simonstown,ZA SMN,South Africa,,-34.185,18.436666667,seaport,[]
7150,Portland,US PWM,United States,,43.666667,-70.25,seaport,[]
16420,South Vallejo,US VLO,United States,,38.083333,-122.25,seaport,[]
8780,Pascagoula,US PGL,United States,,30.35,-88.566667,seaport,[]
8750,Panama City,US PFN,United States,,30.133333,-85.65,seaport,[]
6870,Sandypoint,US SYP,United States,,44.516667,-68.816667,seaport,[]
7160,Saco,US QSK,United States,,43.5,-70.45,seaport,[]
57570,Vung Tau,VN VUT,Vietnam,,10.35,107.066667,seaport,[]
8260,West Point,US VI2,United States,,37.533333,-76.8,seaport,[]
7930,Port Reading,US PRD,United States,,40.566667,-74.233333,seaport,[]
7620,Port Chester,US UXZ,United States,,41.0,-73.666667,seaport,[]
7420,Providence,US PVD,United States,,41.8,-71.4,seaport,[]
7970,Sayreville,US XNA,United States,,40.466667,-74.366667,seaport,[]
7960,Perth Amboy,US PAY,United States,,40.5,-74.266667,seaport,[]
8250,Yorktown,US YKW,United States,,37.233333,-76.5,seaport,[]
7750,Edgewater,US EGW,United States,,40.816667,-73.983333,seaport,[]
57470,Ko Si Chang Terminal,TH KSI,Thailand,,13.166667,100.816667,seaport,[]
48325,Mina Salman,BH MIN,Bahrain,,26.2,50.633333,seaport,[]
12775,Madre De Deus,BR MDD,Brazil,,-12.75,-38.616667,seaport,[]
6780,Ellsworth,US ESR,United States,,44.55,-68.416667,seaport,[]
53710,Jervis Bay,AU JEB,Australia,,-35.116667,150.8,seaport,[]
6740,Frenchboro,US F8O,United States,,44.116667,-68.366667,seaport,[]
53750,Batemans Bay,AU QBW,Australia,,-35.7,150.166667,seaport,[]
48392,Al-Basra Oil Terminal,IQ MAB,Iraq,,29.683333,48.816667,seaport,[]
45660,Beni Saf,DZ BSF,Algeria,,35.3,-1.383333,seaport,[]
45910,Porto Da Praia,CV RAI,Cabo Verde,,14.916667,-23.516667,seaport,[]
12770,Port De Salvador,BR SSA,Brazil,,-12.966667,-38.516667,seaport,[]
12910,Porto Do Forno,BR FNO,Brazil,,-22.966667,-42.016667,seaport,[]
37290,Puerto De Pasajes,ES PAS,Spain,,43.333333,-1.933333,seaport,[]
11430,St Johns,AG SJO,Antigua and Barbuda,,17.116667,-61.85,seaport,[]
7910,Carteret,US CSF,United States,,40.583333,-74.216667,seaport,[]
7640,New York City,US NYC,United States,,40.7,-74.016667,seaport,[]
7630,Brooklyn,US BOY,United States,,40.666667,-74.016667,seaport,[]
7625,City Island,US IS3,United States,,40.85,-73.783333,seaport,[]
62360,Nagasaki,JP NGS,Japan,,32.716667,129.85,seaport,[]
62280,Misumi Ko,JP MIS,Japan,,32.6,130.466667,seaport,[]
62220,Kagoshima Ko,JP KOJ,Japan,,31.583333,130.566667,seaport,[]
62150,Beppu,JP BPU,Japan,,33.316667,131.516667,seaport,[]
62145,Kanda,JP KND,Japan,,33.783333,131.016667,seaport,[]
62080,Niihama,JP IHA,Japan,,33.983333,133.283333,seaport,[]
62065,Muturezima Ko,JP MTR,Japan,,33.966667,130.866667,seaport,[]
61800,Maizuru Ko,JP MAI,Japan,,35.516667,135.333333,seaport,[]
61617,Habu Ko,JP HAB,Japan,,34.283333,133.183333,seaport,[]
61590,Hibi Ko,JP HIB,Japan,,34.45,133.933333,seaport,[]
61570,Aioi,JP AIO,Japan,,34.783333,134.466667,seaport,[]
61567,Himeji,JP HIM,Japan,,34.75,134.633333,seaport,[]
61560,Kobe,JP UKB,Japan,,34.65,135.183333,seaport,[]
59190,Iloilo,PH ILO,Philippines,,10.7,122.583333,seaport,[]
58960,Cebu,PH CEB,Philippines,,10.3,123.9,seaport,[]
58410,Masinloc,PH MSC,Philippines,,15.55,119.95,seaport,[]
61372,Kisarazu Ko,JP KZU,Japan,,35.366667,139.883333,seaport,[]
51845,Lawi Lawi Oil Terminal,ID LLA,Indonesia,,-1.45,116.766667,seaport,[]
51840,Balikpapan,ID BPN,Indonesia,,-1.25,116.816667,seaport,[]
51620,Muara Harbor,BN MUA,Brunei,,5.033333,115.066667,seaport,[]
51600,Lutong,MY LUT,Malaysia,,4.466667,114.0,seaport,[]
48300,Al Rayyan Terminal,QA RYN,Qatar,,26.65,51.55,seaport,[]
48040,As Suways,EG SUZ,Egypt,,29.966667,32.55,seaport,[]
47010,Dar Es Salaam,TZ DAR,Tanzania,,-6.816667,39.3,seaport,[]
46975,Mtwara,TZ MYW,Tanzania,,-10.266667,40.2,seaport,[]
46890,Beira,MZ BEW,Mozambique,,-19.833333,34.833333,seaport,[]
46870,Maputo,MZ MPM,Mozambique,,-25.962777778,32.544722222,seaport,[]
46850,Durban,ZA DUR,South Africa,,-29.866667,31.066667,seaport,[]
46830,East London,ZA ELS,South Africa,,-33.033333,27.916667,seaport,[]
57450,Bangkok,TH BKK,Thailand,,13.75,100.5,seaport,[]
45640,Oran,DZ ORN,Algeria,,35.7,-0.633333,seaport,[]
45550,Bejaia,DZ BJA,Algeria,,36.75,5.083333,seaport,[]
44750,Izmir,TR IZM,Turkey,,38.433333,27.133333,seaport,[]
50970,Jakarta,ID JKT,Indonesia,,-6.1,106.883333,seaport,[]
50730,Belawan,ID BLW,Indonesia,,3.783333,98.683333,seaport,[]
49982,Johor,MY JHB,Malaysia,,1.433333,103.9,seaport,[]
41670,Durres,AL DRZ,Albania,,41.316667,19.45,seaport,[]
41640,Bar,ME BAR,Montenegro,,42.083333,19.083333,seaport,[]
41610,Kotor,ME KOT,Montenegro,,42.416667,18.766667,seaport,[]
41030,Bakar,HR BAK,Croatia,,45.3,14.533333,seaport,[]
40500,Brindisi,IT BDS,Italy,,40.65,17.983333,seaport,[]
40480,Gallipoli,IT GAL,Italy,,40.06,17.984,seaport,[]
40110,Milazzo,IT MLZ,Italy,,38.216667,15.25,seaport,[]
39950,Bagnoli,IT BLN,Italy,,40.81,14.158,seaport,[]
39520,La Spezia,IT SPE,Italy,,44.1,9.833333,seaport,[]
39470,Genova,IT GOA,Italy,,44.398,8.922,seaport,[]
39120,L'ile Rousse,FR ILR,France,,42.633333,8.933333,seaport,[]
38810,Marseille,FR MRS,France,,43.316667,5.366667,seaport,[]
38550,Barcelona,ES BCN,Spain,,41.35,2.166667,seaport,[]
38430,Cartagena,ES CAR,Spain,,37.583333,-0.983333,seaport,[]
38090,Angra Do Heroismo,PT ADH,Portugal,,38.65,-27.216667,seaport,[]
38080,Horta,PT HOR,Portugal,,38.533333,-28.633333,seaport,[]
37970,Aveiro,PT AVE,Portugal,,40.65,-8.65,seaport,[]
37860,Marin,ES MPG,Spain,,42.4,-8.7,seaport,[]
7250,Boston,US BOS,United States,,42.35,-71.05,seaport,[]
7210,Gloucester,US GLC,United States,,39.9,-75.133333,seaport,[]
7080,Bath,US BTH,United States,,43.916667,-69.816667,seaport,[]
37010,La Rochelle,FR LRH,France,,46.15,-1.15,seaport,[]
37000,La Pallice,FR LPE,France,,46.166667,-1.216667,seaport,[]
15410,Balboa,PA BLB,Panama,,8.95,-79.566667,seaport,[]
14940,Conchan Oil Terminal,PE CON,Peru,,-12.166667,-77.0,seaport,[]
9300,Corpus Christi,US CRP,United States,,27.816667,-97.4,seaport,[]
9070,Orange,US ORG,United States,,30.083333,-93.733333,seaport,[]
9040,Lake Charles,US LCH,United States,,30.216667,-93.25,seaport,[]
9000,Morgan City,US LMO,United States,,29.7,-91.216667,seaport,[]
8980,Loop Terminal,US LO9,United States,,28.883333,-90.016667,seaport,[]
8800,Gulfport,US GPT,United States,,30.35,-89.083333,seaport,[]
8730,Apalachicola,US AAF,United States,,29.716667,-84.983333,seaport,[]
8665,Boca Grande,US BCG,United States,,26.7,-82.333333,seaport,[]
2800,Clayton,US CLY,United States,,44.233333,-76.05,seaport,[]
2770,Ogdensburg,US OGS,United States,,44.7,-75.5,seaport,[]
2235,Montreal,CA MTR,Canada,,45.516667,-73.55,seaport,[]
6730,Mount Desert,US DZT,United States,,44.366667,-68.333333,seaport,[]
38433,Islas Hormigas,,Spain,,37.65,-0.65,seaport,[]
38585,Las Hormigas,,Spain,,41.866667,3.183333,seaport,[]
40000,Castellammare Di Stabia,IT CAS,Italy,,40.7,14.476,seaport,[]
40210,Licata,IT LIC,Italy,,37.092,13.936,seaport,[]
40340,Marsaxlokk,MT MAR,Malta,,35.816667,14.55,seaport,[]
43340,Gemlik,TR GEM,Turkey,,40.416667,29.116667,seaport,[]
50650,Lhokseumawe,ID LSW,Indonesia,,5.25,97.116667,seaport,[]
51484,Belida Marine Terminal,ID BET,Indonesia,,4.133333,105.133333,seaport,[]
44690,Canakkale,TR CKZ,Turkey,,40.15,26.4,seaport,[]
44880,Iskenderun,TR ISK,Turkey,,36.6,36.166667,seaport,[]
45084,Hadera,IL HAD,Israel,,32.466667,34.9,seaport,[]
48108,Duba Bulk Plant Tanker Terminal,,Saudi Arabia,,27.316667,35.9,seaport,[]
51811,Bontang Lng Terminal,ID BXT,Indonesia,,0.1,117.483333,seaport,[]
61357,Kashima Ko,JP KSM,Japan,,35.933333,140.7,seaport,[]
57768,Basuo,CN BSP,China,,19.1,108.616667,seaport,[]
62085,Mishima-Kawanoe Ko,JP MKX,Japan,,34.0,133.55,seaport,[]
7590,Norwalk,US ORQ,United States,,41.1,-73.416667,seaport,[]
2670,Cardinal,CA CDN,Canada,,44.783333,-75.383333,seaport,[]
9030,Haymark Terminal,,United States,,30.133333,-93.316667,seaport,[]
8990,Grand Isle,US GIJ,United States,,29.233333,-90.0,seaport,[]
11460,Basse Terre,GP BBR,Guadeloupe,,16.0,-61.733333,seaport,[]
42420,Kymassi,GR KYM,Greece,,38.833333,23.466667,seaport,[]
38370,Malaga,ES AGP,Spain,,36.716667,-4.416667,seaport,[]
59475,Gingoog,PH GIN,Philippines,,8.833333,125.1,seaport,[]
38980,Antibes,FR ANT,France,,43.583333,7.133333,seaport,[]
39060,Bastia,FR BIA,France,,42.7,9.45,seaport,[]
39110,Calvi,FR CLY,France,,42.566667,8.75,seaport,[]
39250,Carloforte,IT CLF,Italy,,39.147,8.317,seaport,[]
40115,Gioia Tauro,IT GIT,Italy,,38.444,15.89,seaport,[]
40220,Gela,IT GEA,Italy,,37.066667,14.25,seaport,[]
40270,Catania,IT CTA,Italy,,37.5,15.1,seaport,[]
40985,Brsica,,Croatia,,45.033333,14.05,seaport,[]
48327,Khalifa Bin Salman,BH KBS,Bahrain,,26.25,50.75,seaport,[]
49890,Lumut,MY LUM,Malaysia,,4.233333,100.633333,seaport,[]
50100,Dabo,ID DAS,Indonesia,,-0.5,104.566667,seaport,[]
51205,Celukan Bawang,ID CEB,Indonesia,,-8.183333,114.833333,seaport,[]
51260,Benoa,ID BOA,Indonesia,,-8.75,115.216667,seaport,[]
57411,Kemaman Harbor,MY KEM,Malaysia,,4.25,103.466667,seaport,[]
57420,Kuala Trengganu,MY TGG,Malaysia,,5.35,103.133333,seaport,[]
46970,Mikindani,TZ MIK,Tanzania,,-10.266667,40.133333,seaport,[]
47140,Baraawe,,Somalia,,1.1,44.05,seaport,[]
47300,Moroni,KM YVA,Comoros,,-11.7,43.25,seaport,[]
51733,Bakapit,MY BKP,Malaysia,,4.95,118.583333,seaport,[]
61355,Onahama Ko,JP ONA,Japan,,36.933333,140.9,seaport,[]
61375,Chiba Ko,JP CHB,Japan,,35.583333,140.066667,seaport,[]
61385,Kawasaki Ko,JP KWS,Japan,,35.5,139.766667,seaport,[]
61416,Atsumi,JP ATM,Japan,,34.666667,137.066667,seaport,[]
61470,Kinuura Ko,JP KNU,Japan,,34.85,136.95,seaport,[]
14895,Bahia San Nicolas,PE SNX,Peru,,-15.25,-75.233333,seaport,[]
36360,Morlaix,FR MXN,France,,48.583333,-3.833333,seaport,[]
7100,Gardiner,US GDN,United States,,44.233333,-69.766667,seaport,[]
7130,Cundy Harbor,,United States,,43.783333,-69.9,seaport,[]
61475,Gamagori Ko,JP GAM,Japan,,34.816667,137.216667,seaport,[]
61495,Matsusaka,JP MSA,Japan,,34.6,136.566667,seaport,[]
55130,Napier,NZ NPE,New Zealand,,-39.483333,176.916667,seaport,[]
58000,Aparri,PH APR,Philippines,,18.366667,121.633333,seaport,[]
59090,Dumaguete,PH DGT,Philippines,,9.316667,123.3,seaport,[]
59180,Jordan,,Philippines,,10.666667,122.583333,seaport,[]
59700,Iligan,PH IGN,Philippines,,8.233333,124.233333,seaport,[]
59760,Butuan City,PH BXU,Philippines,,8.95,125.533333,seaport,[]
59940,Ningbo,CN NBO,China,,29.883333,121.55,seaport,[]
60180,Dagu Tanggu,,China,,38.966667,117.666667,seaport,[]
44640,Mudanya,TR MUD,Turkey,,40.383333,28.883333,seaport,[]
44650,Bandirma,TR BDM,Turkey,,40.35,27.966667,seaport,[]
44670,Karabiga,TR KRB,Turkey,,40.4,27.316667,seaport,[]
44950,Limassol,CY LMS,Cyprus,,34.666667,33.05,seaport,[]
45080,Haifa,IL HFA,Israel,,32.816667,35.0,seaport,[]
45180,Mersa Matruh,EG MMU,Egypt,,31.35,27.233333,seaport,[]
45340,Marsa Sabratah,,Libya,,32.816667,12.5,seaport,[]
46541,Kizomba A Terminal,,Angola,,-6.316667,11.05,seaport,[]
48400,Al Basrah,IQ BSR,Iraq,,30.516667,47.833333,seaport,[]
48404,Khawr Al Zubair,IQ KAZ,Iraq,,30.183333,47.9,seaport,[]
48430,Abadan,IR ABD,Iran,,30.333333,48.283333,seaport,[]
48440,Khosrowabad,,Iran,,30.166667,48.416667,seaport,[]
49690,Mergui,MM MER,Burma,,12.433333,98.6,seaport,[]
49790,Kantang Harbor,TH KAN,Thailand,,7.4,99.516667,seaport,[]
50652,Blanglancang,ID BLL,Indonesia,,5.233333,97.1,seaport,[]
50790,Bengkalis,ID BKI,Indonesia,,1.466667,102.1,seaport,[]
44751,Gulluk,TR GUL,Turkey,,37.25,27.616667,seaport,[]
44770,Kusadasi,TR KUS,Turkey,,37.866667,27.25,seaport,[]
44805,Marmaris,TR MRM,Turkey,,36.85,28.283333,seaport,[]
7990,Leonardo,US DOJ,United States,,40.433333,-74.066667,seaport,[]
2560,Coteau Landing,CA CQA,Canada,,45.25,-74.2,seaport,[]
2620,Cornwall,CA CWL,Canada,,45.016667,-74.733333,seaport,[]
2680,Lower Lakes Terminal,CA JOH,Canada,,44.733333,-75.466667,seaport,[]
11170,Ensenada Honda,,Puerto Rico,,18.233333,-65.633333,seaport,[]
12037,El Tabiazo,VE ETV,Venezuela,,10.766667,-71.533333,seaport,[]
12060,Las Piedras,VE LSP,Venezuela,,11.7,-70.216667,seaport,[]
45377,Ashtart Oil Terminal,TN ASH,Tunisia,,34.283333,11.383333,seaport,[]
45444,Menzel Bourguiba,TN MBA,Tunisia,,37.15,9.8,seaport,[]
45650,Mers El Kebir,,Algeria,,35.733333,-0.7,seaport,[]
45796,El Jorf Lasfar,MA JFL,Morocco,,33.116667,-8.616667,seaport,[]
46542,Kizomba B Terminal,,Angola,,-6.35,11.15,seaport,[]
46553,Estrela Oil Field,,Angola,,-6.45,12.4,seaport,[]
57462,Laem Chabang,TH LCH,Thailand,,13.083333,100.883333,seaport,[]
46950,Ibo,MZ IBO,Mozambique,,-12.333333,40.616667,seaport,[]
47400,Mahajanga,MG MJN,Madagascar,,-15.716667,46.3,seaport,[]
47944,Beshayer Oil Terminal,,Sudan,,19.4,37.316667,seaport,[]
48050,El Ismailiya,EG ISM,Egypt,,30.583333,32.283333,seaport,[]
51630,Bandar Seri Begawan,BN BWN,Brunei,,4.883333,114.883333,seaport,[]
51710,Kudat,MY KUD,Malaysia,,6.883333,116.85,seaport,[]
51730,Lahad Datu,MY LDU,Malaysia,,5.016667,118.316667,seaport,[]
61378,Katsunan Ko,,Japan,,35.666667,139.983333,seaport,[]
61379,Funabashi,JP FNB,Japan,,35.666667,139.95,seaport,[]
61465,Mikawa,JP MKW,Japan,,34.716667,137.3,seaport,[]
55110,Gisborne,NZ GIS,New Zealand,,-38.666667,178.033333,seaport,[]
57818,Chiwan,CN CWN,China,,19.966667,110.033333,seaport,[]
58070,Hondagua,PH HON,Philippines,,13.95,122.233333,seaport,[]
61571,O0kihama,,Japan,,34.75,134.566667,seaport,[]
61595,Mizushima Ko,JP MIZ,Japan,,34.5,133.75,seaport,[]
61650,Hiroshima,JP HIJ,Japan,,34.35,132.466667,seaport,[]
61675,Kudamatsu,JP KUD,Japan,,34.0,131.866667,seaport,[]
61695,Hikari,JP HKR,Japan,,33.95,131.933333,seaport,[]
61805,Fukui,JP FKJ,Japan,,36.066667,136.2,seaport,[]
61932,Mega,,Japan,,34.783333,134.7,seaport,[]
61935,Hannan Ko,JP HAN,Japan,,34.466667,135.35,seaport,[]
61970,Kochi Ko,JP KCZ,Japan,,33.5,133.566667,seaport,[]
62100,Marugame Ko,JP MAR,Japan,,34.3,133.783333,seaport,[]
62430,Hakata,JP HKT,Japan,,33.6,130.4,seaport,[]
62500,Naha Ko,JP NAH,Japan,,26.216667,127.683333,seaport,[]
35860,Honfleur,FR HON,France,,49.416667,0.216667,seaport,[]
36110,Granville,FR GFR,France,,48.833333,-1.6,seaport,[]
36960,Les Sables D' Olonne,FR LSO,France,,46.5,-1.8,seaport,[]
42490,Miliana,,Greece,,39.166667,23.216667,seaport,[]
38690,Mahon,ES MAH,Spain,,39.883333,4.266667,seaport,[]
38960,Cannes,FR CEQ,France,,43.55,7.016667,seaport,[]
39180,Olbia,IT OLB,Italy,,40.925,9.528,seaport,[]
41415,Neum,BA NEM,Bosnia and Herzegovina,,42.916667,17.6,seaport,[]
43260,Kalimnos,GR KMI,Greece,,36.95,26.983333,seaport,[]
43380,Gelibolu,TR GEL,Turkey,,40.4,26.666667,seaport,[]
59080,Bais,PH BAI,Philippines,,9.6,123.116667,seaport,[]
59343,Masao,PH MAS,Philippines,,9.0,125.416667,seaport,[]
59710,Cagayan De Oro,PH CGY,Philippines,,8.5,124.666667,seaport,[]
60130,Lianyungang,CN LYG,China,,34.733333,119.45,seaport,[]
61564,Hirohata,JP HRH,Japan,,34.766667,134.633333,seaport,[]
61568,Higashi-Harima,JP HHR,Japan,,34.7,134.833333,seaport,[]
61573,Kakogawa,JP KGA,Japan,,34.7,134.833333,seaport,[]
61605,Fukuyama,JP FYM,Japan,,34.433333,133.433333,seaport,[]
61630,Onomichi-Itozaki,JP ONX,Japan,,34.383333,133.166667,seaport,[]
61655,Kanokawa Ko,JP KKW,Japan,,34.183333,132.433333,seaport,[]
62079,Onoda,JP OND,Japan,,34.0,131.183333,seaport,[]
62160,Oita Ko,JP OIT,Japan,,33.25,131.666667,seaport,[]
62250,Minamata Ko,JP MIN,Japan,,32.2,130.383333,seaport,[]
62290,Miike Ko,JP MII,Japan,,33.0,130.416667,seaport,[]
62420,Karatsu,JP KAR,Japan,,33.483333,129.966667,seaport,[]
62510,Hirara Ko,JP HRR,Japan,,24.8,125.283333,seaport,[]
15600,La Union,SV LUN,El Salvador,,13.333333,-87.833333,seaport,[]
16400,Oleum,US OL2,United States,,38.05,-122.266667,seaport,[]
46800,Mossel Bay,ZA MZY,South Africa,,-34.174722222,22.146111111,seaport,[]
16385,Sausalito,US JMC,United States,,37.85,-122.483333,seaport,[]
12275,Puerto De Hierro,VE PHO,Venezuela,,10.633333,-62.1,seaport,[]
3250,Port Colborne,CA PCO,Canada,,42.883333,-79.25,seaport,[]
15000,Punta Lobitos (Bahia De Huarmey),PE PLO,Peru,,-10.1,-78.166667,seaport,[]
15995,Rosarito,MX RST,Mexico,,32.366667,-117.1,seaport,[]
9220,Pasadena,US PAS,United States,,29.716667,-95.216667,seaport,[]
8667,Port Manatee,US PME,United States,,27.633333,-82.566667,seaport,[]
16590,Sacramento,US SAC,United States,,38.583333,-121.5,seaport,[]
8670,Tampa,US TPA,United States,,27.916667,-82.45,seaport,[]
9280,Port Oconnor,,United States,,28.45,-96.4,seaport,[]
12850,Vitoria,BR VIX,Brazil,,-20.316667,-40.333333,seaport,[]
16560,Walnut Grove,US YXG,United States,,38.233333,-121.516667,seaport,[]
8630,Port Everglades,US PEF,United States,,26.1,-80.116667,seaport,[]
3070,Port Weller,CA PWE,Canada,,43.233333,-79.216667,seaport,[]
16120,Port Hueneme,US NTD,United States,,34.15,-119.2,seaport,[]
14075,Puerto Williams,CL WPU,Chile,,-54.933333,-67.6,seaport,[]
15030,Puerto De Chimbote,PE CHM,Peru,,-9.083333,-78.616667,seaport,[]
12855,Tubarao,BR TUB,Brazil,,-20.283333,-40.25,seaport,[]
3090,Welland,CA WEL,Canada,,43.0,-79.25,seaport,[]
11770,Point Fortin,TT PTF,Trinidad and Tobago,,10.2,-61.7,seaport,[]
8530,Savannah,US SAV,United States,,32.083333,-81.083333,seaport,[]
2220,Sorel,CA SOR,Canada,,46.05,-73.116667,seaport,[]
14130,Port San Juan De La Juan,,Chile,,-53.633333,-70.916667,seaport,[]
9510,Progreso,MX PGO,Mexico,,21.283333,-89.666667,seaport,[]
46855,Richards Bay,ZA RCB,South Africa,,-28.81,32.098333333,seaport,[]
62130,Kokura Ko,JP KOK,Japan,,33.883333,130.883333,seaport,[]
41045,Omisalj,HR OMI,Croatia,,45.216667,14.55,seaport,[]
40100,Messina,IT MSN,Italy,,38.2,15.566667,seaport,[]
2975,Contrecour,CA COC,Canada,,45.883333,-73.2,seaport,[]
36220,Le Legue,FR LLG,France,,48.533333,-2.75,seaport,[]
45165,Al Iskandariyh (Alexandria),EG ALY,Egypt,,31.166667,29.833333,seaport,[]
2740,Kingston,CA KIN,Canada,,44.233333,-76.5,seaport,[]
42820,Khios,GR JKH,Greece,,38.366667,26.133333,seaport,[]
43155,Ayios Nikolaos,GR ANI,Greece,,35.2,25.716667,seaport,[]
43250,Limin Kos,GR KGS,Greece,,36.9,27.283333,seaport,[]
47310,Fomboni,KM FOU,Comoros,,-12.266667,43.75,seaport,[]
57825,Huangpuxingang,CN HUN,China,,23.05,113.5,seaport,[]
2550,Beauharnois,CA BHA,Canada,,45.316667,-73.883333,seaport,[]
11050,Las Calderas,DO LCS,Dominican Republic,,18.216667,-70.516667,seaport,[]
45151,Damietta,EG DAM,Egypt,,31.483333,31.75,seaport,[]
47320,Moutsamoudu,KM MUT,Comoros,,-12.15,44.4,seaport,[]
47340,Dzaoudzi,KM DZA,Comoros,,-12.783333,45.25,seaport,[]
15490,Puerto Quepos,CR XQP,Costa Rica,,9.433333,-84.166667,seaport,[]
41910,Pilos,GR NAV,Greece,,36.9,21.666667,seaport,[]
44910,Xeros,CY KAR,Cyprus,,35.133333,32.833333,seaport,[]
36850,St Nazaire,FR SNR,France,,47.283333,-2.2,seaport,[]
15275,Puerto Maritimo De Guayaquil,EC PEV,Ecuador,,-2.283333,-79.9,seaport,[]
40980,Zaliv Rasa,HR RAS,Croatia,,45.05,14.066667,seaport,[]
38770,Port Saint Louis Du Rhone,FR PSL,France,,43.383333,4.816667,seaport,[]
42860,Pithagorion,GR PYT,Greece,,37.683333,26.95,seaport,[]
14800,Rada De Arica,CL ARI,Chile,,-18.466667,-70.333333,seaport,[]
39100,Port D' Ajaccio,FR AJA,France,,41.916667,8.75,seaport,[]
2590,St Anicet,CA AIT,Canada,,45.133333,-74.366667,seaport,[]
35840,Port Of Le Havre,FR LEH,France,,49.483333,0.116667,seaport,[]
39090,Port De Propriano,FR PRP,France,,41.683333,8.9,seaport,[]
2570,St Zotique,CA SZT,Canada,,45.25,-74.25,seaport,[]
2730,Wolfe Island,CA WFI,Canada,,44.2,-76.433333,seaport,[]
2600,South Lancaster,CA LCS,Canada,,45.133333,-74.5,seaport,[]
47985,Zeit Bay Terminal,EG ZTB,Egypt,,27.833333,33.6,seaport,[]
48060,Ras Abu Zanimah,EG AZA,Egypt,,29.033333,33.116667,seaport,[]
62118,Hibikinada,JB HBI,Japan,,33.933333,130.833333,seaport,[]
61480,Nagoya Ko,JP NGO,Japan,,35.066667,136.866667,seaport,[]
45280,Banghazi,LY BEN,Libya,,32.116667,20.05,seaport,[]
50045,Kijang,ID KIJ,Indonesia,,0.85,104.6,seaport,[]
48390,Khawr Al Amaya,IQ KHA,Iraq,,29.783333,48.8,seaport,[]
48360,Mina Abd Allah,KW MIB,Kuwait,,29.016667,48.166667,seaport,[]
40250,Augusta,IT AUG,Italy,,37.216667,15.233333,seaport,[]
45337,Bouri Oil Field,LY BOU,Libya,,33.9,12.65,seaport,[]
45850,Kamsar,GN KMC,Guinea,,10.633333,-14.616667,seaport,[]
45857,Benti,GN BTY,Guinea,,9.166667,-13.2,seaport,[]
48361,Mina Al Ahmadi,KW MEA,Kuwait,,29.066667,48.166667,seaport,[]
48540,Jask,IR JAK,Iran,,25.633333,57.766667,seaport,[]
51330,Larantuka,ID LKA,Indonesia,,-8.35,122.983333,seaport,[]
45110,Ashqelon,IL AKL,Israel,,31.666667,34.5,seaport,[]
45220,Mersa Tobruq,LY TOB,Libya,,32.083333,23.983333,seaport,[]
45330,Mina Tarabulus (Tripoli),LY TIP,Libya,,32.9,13.183333,seaport,[]
48530,Jazireh-Ye Hormoz,IR HOR,Iran,,27.1,56.45,seaport,[]
48535,Jazireh-Ye Sirri,IR SXI,Iran,,25.9,54.55,seaport,[]
50518,Kuala Tanjung,ID KTJ,Indonesia,,3.366667,99.483333,seaport,[]
51860,Kota Baru,ID KBU,Indonesia,,-3.233333,116.216667,seaport,[]
52260,Baubau,ID BUW,Indonesia,,-5.466667,122.616667,seaport,[]
61642,Mitsukojima,JP MKS,Japan,,34.183333,132.516667,seaport,[]
15570,Puerto De Hencan,HN SLO,Honduras,,13.4,-87.45,seaport,[]
11450,Pointe A Pitre,GP PTP,Guadeloupe,,16.233333,-61.533333,seaport,[]
50805,Sungaipakning,ID SEQ,Indonesia,,1.35,102.166667,seaport,[]
51584,Tg. Mani,MY TMP,Malaysia,,2.15,111.35,seaport,[]
51803,Tanjung Sangata,ID SGQ,Indonesia,,0.366667,117.566667,seaport,[]
51504,Widuri Marine Terminal,ID WID,Indonesia,,-4.666667,106.65,seaport,[]
47160,Muqdisho,SO MGQ,Somalia,,2.033333,45.35,seaport,[]
47150,Marka,SO MER,Somalia,,1.716667,44.783333,seaport,[]
14860,Bahia De Matarani,PE MRI,Peru,,-17.0,-72.116667,seaport,[]
46161,Forcados Oil Terminal,NG FOR,Nigeria,,5.166667,5.183333,seaport,[]
11550,Fort De France,MQ FDF,Martinique,,14.6,-61.066667,seaport,[]
60330,Kunsan,KR KUV,South Korea,,35.983333,126.616667,seaport,[]
59670,Jimenez,PH JNZ,Philippines,,8.333333,123.866667,seaport,[]
14960,Bahia De Ancon,PE ANC,Peru,,-11.75,-77.183333,seaport,[]
11160,Bahia De Fajardo,PR FAJ,Puerto Rico,,18.333333,-65.633333,seaport,[]
57437,Map Ta Phut,TH MAT,Thailand,,12.666667,101.166667,seaport,[]
55230,Manukau Harbor,NZ MCY,New Zealand,,-36.933333,174.783333,seaport,[]
14840,Puerto Ilo,PE ILQ,Peru,,-17.633333,-71.366667,seaport,[]
47700,Saint-Pierre,RE ZSE,Reunion,,-21.35,55.466667,seaport,[]
47680,Saint-Denis,RE RUN,Reunion,,-20.866667,55.45,seaport,[]
14980,Puerto De Huacho,PE HCO,Peru,,-11.116667,-77.616667,seaport,[]
14950,Puerto Del Callao,PE CLL,Peru,,-12.05,-77.15,seaport,[]
45821,Rufisque,SN RQ2,Senegal,,14.7,-17.283333,seaport,[]
11110,San Juan,PR SJU,Puerto Rico,,18.466667,-66.116667,seaport,[]
47220,Victoria,SC POV,Seychelles,,-4.616667,55.45,seaport,[]
11280,Playa De Guanica,PR GUX,Puerto Rico,,17.966667,-66.916667,seaport,[]
45720,Port D Al Hoceima,MA AHU,Morocco,,35.25,-3.916667,seaport,[]
11260,Playa De Ponce,PR PSE,Puerto Rico,,17.983333,-66.616667,seaport,[]
11270,Playa De Guayanilla,PR GUY,Puerto Rico,,18.016667,-66.766667,seaport,[]
55320,Port Lyttelton,NZ LYT,New Zealand,,-43.6,172.716667,seaport,[]
58800,Palompon,PH PPN,Philippines,,11.05,124.383333,seaport,[]
57460,Si Racha Terminal,TH SRI,Thailand,,13.116667,100.883333,seaport,[]
57443,Rayong Tpi Terminal,TH RYG,Thailand,,12.633333,101.3,seaport,[]
45440,Banzart,TN BIZ,Tunisia,,37.283333,9.883333,seaport,[]
45808,Ad Dakhla,EH VIC,Western Sahara,,23.7,-15.916667,seaport,[]
12210,Bahia De Pertigalete,VE PRG,Venezuela,,10.233333,-64.566667,seaport,[]
43370,Eceabat,TR ECE,Turkey,,40.183333,26.366667,seaport,[]
45370,Houmt Souk,TN DJE,Tunisia,,33.883333,10.85,seaport,[]
45390,Mersa Sfax,TN SFA,Tunisia,,34.733333,10.766667,seaport,[]
57520,Duong Dong,VN PQC,Vietnam,,10.216667,103.966667,seaport,[]
11750,Point Lisas Industrial Port,TT PTS,Trinidad and Tobago,,10.4,-61.5,seaport,[]
45460,Tabarka,TN TBJ,Tunisia,,36.966667,8.766667,seaport,[]
57610,Vinh Cam Ranh,VN BNO,Vietnam,,11.883333,109.166667,seaport,[]
48650,Bedi,IN BED,India,,22.573055556,70.045555556,seaport,[]
48605,Muhamamad Bin Qasim,PK BQM,Pakistan,,24.766667,67.35,seaport,[]
48600,Karachi,PK KHI,Pakistan,,24.783333,66.983333,seaport,[]
48617,Mundra,IN MUN,India,,22.728333333,69.706666667,seaport,[]
48670,Okha,IN OKH,India,,22.468055556,69.079722222,seaport,[]
7920,Chrome,US HYM,United States,,40.566667,-74.216667,seaport,[]
7895,Bayway,US 8BY,United States,,40.633333,-74.2,seaport,[]
7690,Catskill,US ACG,United States,,42.216667,-73.85,seaport,[]
7680,Kingston,US KGT,United States,,41.933333,-73.966667,seaport,[]
7660,Newburgh,US SWF,United States,,41.5,-74.0,seaport,[]
6770,Bass Harbor,US 9HA,United States,,44.233333,-68.35,seaport,[]
16410,Mare Island,US MI8,United States,,38.1,-122.266667,seaport,[]
9250,Freeport,US FPO,United States,,28.95,-95.333333,seaport,[]
8790,Biloxi,US BIX,United States,,30.383333,-88.883333,seaport,[]
7410,Bristol,US BSE,United States,,41.666667,-71.266667,seaport,[]
8850,Gretna,US GTL,United States,,29.916667,-90.066667,seaport,[]
6790,Brooklin,US BL3,United States,,44.266667,-68.583333,seaport,[]
6850,North Haven,US 9NV,United States,,44.133333,-68.866667,seaport,[]
8040,Deepwater Point,US DPW,United States,,39.7,-75.516667,seaport,[]
8200,Havre De Grace,US HDC,United States,,39.533333,-76.083333,seaport,[]
8895,Convent,US CEN,United States,,30.016667,-90.833333,seaport,[]
16550,Isleton,US IL8,United States,,38.166667,-121.6,seaport,[]
7120,Augusta,US AUG,United States,,44.316667,-69.766667,seaport,[]
7220,Beverly,US BVY,United States,,42.533333,-70.883333,seaport,[]
16570,Courtland,US URD,United States,,38.333333,-121.566667,seaport,[]
8740,Port St Joe,US PSJ,United States,,29.816667,-85.316667,seaport,[]
8920,St Rose,US SRE,United States,,29.95,-90.316667,seaport,[]
9310,Port Aransas,US YAS,United States,,27.833333,-97.05,seaport,[]
9320,Port Ingleside,US YIG,United States,,27.816667,-97.183333,seaport,[]
6760,Swans Island,US IS9,United States,,44.133333,-68.45,seaport,[]
16270,Santa Cruz,US SRU,United States,,36.966667,-122.016667,seaport,[]
8930,Reserve,US RSF,United States,,30.05,-90.55,seaport,[]
16370,Point Richmond,US RCH,United States,,37.916667,-122.366667,seaport,[]
6690,Sorrento,US 9SO,United States,,44.466667,-68.183333,seaport,[]
8893,St. James,US SNJ,United States,,29.9792,-90.8275,seaport,[]
16520,Stockton,US SCK,United States,,37.95,-121.3,seaport,[]
7030,South Bristol,US S8B,United States,,43.866667,-69.55,seaport,[]
16540,Rio Vista,US RVA,United States,,38.15,-121.7,seaport,[]
6990,Thomaston,US 9SA,United States,,44.066667,-69.183333,seaport,[]
7140,South Harpswell,US HP4,United States,,43.733333,-70.016667,seaport,[]
16190,Pismo Beach,US PB5,United States,,35.133333,-120.65,seaport,[]
16380,Point San Pablo,US SAK,United States,,37.966667,-122.433333,seaport,[]
6720,Southwest Harbor,US W8S,United States,,44.283333,-68.316667,seaport,[]
7940,Sewaren,US SWN,United States,,40.55,-74.25,seaport,[]
16390,Pinole Point,US P2C,United States,,38.016667,-122.366667,seaport,[]
7580,Southport,US UTP,United States,,41.133333,-73.283333,seaport,[]
7760,Weehawken,US WJQ,United States,,40.766667,-74.016667,seaport,[]
7730,Rensselaer,US RER,United States,,42.65,-73.75,seaport,[]
7670,Poughkeepsie,US POU,United States,,41.7,-73.95,seaport,[]
7650,Yonkers,US YON,United States,,40.933333,-73.9,seaport,[]
62225,Kiire,JP KII,Japan,,31.383333,130.55,seaport,[]
46130,Lagos,NG LOS,Nigeria,,6.4,3.4,seaport,[]
48263,Khawr Fakkan,AE KLF,United Arab Emirates,,25.362777778,56.368888889,seaport,[]
15880,Isla San Marcos,MX SMI,Mexico,,27.183333,-112.1,seaport,[]
36460,Rade De Brest,FR BES,France,,48.383333,-4.5,seaport,[]
38010,Lagos,PT LOS,Portugal,,37.1,-8.616667,seaport,[]
15790,Puerto Vallarta,MX PVR,Mexico,,20.616667,-105.266667,seaport,[]
15870,Santa Rosalia,MX SRL,Mexico,,27.333333,-112.283333,seaport,[]
6920,Belfast,US BEL,United States,,44.416667,-69.0,seaport,[]
15770,Manzanillo,MX ZLO,Mexico,,19.05,-104.316667,seaport,[]
50922,Merak Mas Terminal,ID MRK,Indonesia,,-5.919166667,105.997222222,seaport,[]
15920,La Paz,MX LAP,Mexico,,24.166667,-110.316667,seaport,[]
15975,Puerto Morro Redondo,MX PMS,Mexico,,28.05,-115.183333,seaport,[]
48250,Mina Qabus,OM STQ,Oman,,23.633333,58.583333,seaport,[]
54520,Fremantle,AU FRE,Australia,,-32.05,115.75,seaport,[]
7870,Gulfport SI,,United States,,40.633333,-74.2,seaport,[]
10006,Cockburn Town,BS CBT,The Bahamas,,24.05,-74.533333,seaport,[]
62495,Kin Wan,JP KNN,Japan,,26.416667,127.9,seaport,[]
48255,Mina Al Fahl,OM MFH,Oman,,23.633333,58.516667,seaport,[]
62505,Nakagusuku,JP NAK,Japan,,26.266667,127.916667,seaport,[]
7850,Port Richmond SI,US RI4,United States,,40.65,-74.133333,seaport,[]
15810,Mazatlan,MX MZT,Mexico,,23.2,-106.416667,seaport,[]
15760,Acapulco,MX ACA,Mexico,,16.85,-99.933333,seaport,[]
36680,Lorient,FR LRT,France,,47.75,-3.35,seaport,[]
57760,Haikou,CN HIG,China,,20.05,110.283333,seaport,[]
42620,Lagos,GR PTL,Greece,,41.0,25.133333,seaport,[]
54760,Hobart,AU HBA,Australia,,-42.883333,147.333333,seaport,[]
7860,Mariners Harbor SI,,United States,,40.633333,-74.166667,seaport,[]
61545,Wakayama-Shimotsu Ko,JP WAK,Japan,,34.2,135.133333,seaport,[]
60340,Mokpo,KR MOK,South Korea,,34.783333,126.383333,seaport,[]
9940,St George,BM SGE,Bermuda,,32.383333,-64.683333,seaport,[]
47800,Diego Garcia,IO DGA,British Indian Ocean Territory,,-7.35,72.466667,seaport,[]
48335,Dammam,SA DMM,Saudi Arabia,,26.5,50.2,seaport,[]
16650,Fort Bragg,US FOB,United States,,39.45,-123.816667,seaport,[]
11340,Christiansted,VI CTD,U.S. Virgin Islands,,17.75,-64.7,seaport,[]
11230,Arroyo,PR ARR,Puerto Rico,,17.966667,-66.066667,seaport,[]
16060,Newport Beach,US JNP,United States,,33.616667,-117.9,seaport,[]
44860,Mersin,TR MER,Turkey,,36.8,34.633333,seaport,[]
16110,El Segundo,US ELS,United States,,33.916667,-118.433333,seaport,[]
11240,Bahia De Jobos,PR PJO,Puerto Rico,,17.95,-66.183333,seaport,[]
11320,Cruz Bay,VI CZB,U.S. Virgin Islands,,18.333333,-64.8,seaport,[]
60233,Dandong,CN DDZ,China,,39.816667,124.15,seaport,[]
48343,Ju Aymah Oil Terminal,SA JUT,Saudi Arabia,,26.933333,50.033333,seaport,[]
47830,Boosaaso,SO BSA,Somalia,,11.283333,49.183333,seaport,[]
48310,Al Manamah,BH AMH,Bahrain,,26.233333,50.583333,seaport,[]
58350,Nasugbu,PH NUG,Philippines,,14.083333,120.616667,seaport,[]
60280,Nampo,KP NAM,North Korea,,38.716667,125.4,seaport,[]
60323,Daesan Hang,KR TSN,South Korea,,37.016667,126.4,seaport,[]
60430,Mukho,KR MUK,South Korea,,37.566667,129.116667,seaport,[]
48342,Ju Aymah Lpg Terminal,,Saudi Arabia,,26.866667,50.05,seaport,[]
48374,Doha Harbor,KW DOH,Kuwait,,29.383333,47.8,seaport,[]
11330,Frederiksted,VI FRD,U.S. Virgin Islands,,17.716667,-64.883333,seaport,[]
11901,Covenas Offshore Term.,CO COV,Colombia,,9.5,-75.733333,seaport,[]
48175,Al Mukha,YE MOK,Yemen,,13.316667,43.25,seaport,[]
60310,Haeju Hang,KP HAE,North Korea,,38.0,125.7,seaport,[]
16515,Antioch,US ANZ,United States,,38.016667,-121.8,seaport,[]
36260,Paimpol,FR PAI,France,,48.783333,-3.05,seaport,[]
42400,Porthmos Evripou,,Greece,,38.466667,23.583333,seaport,[]
41590,Risan,ME RSN,Montenegro,,42.516667,18.7,seaport,[]
39360,San Remo,IT SRE,Italy,,43.817,7.786,seaport,[]
41220,Zadar,HR ZAD,Croatia,,44.116667,15.216667,seaport,[]
45865,Pepel,SL PEP,Sierra Leone,,8.583333,-13.05,seaport,[]
38720,Port-Vendres,FR POV,France,,42.516667,3.116667,seaport,[]
38580,Palamos,ES PAL,Spain,,41.833333,3.116667,seaport,[]
37400,Puerto De Bilbao,ES BIO,Spain,,43.35,-3.05,seaport,[]
42470,Volos,GR VOL,Greece,,39.366667,22.95,seaport,[]
36300,Treguier,FR TRE,France,,48.783333,-3.233333,seaport,[]
6840,Vinalhaven,US 9VV,United States,,44.05,-68.833333,seaport,[]
45762,Port Nador,MA NDR,Morocco,,35.283333,-2.933333,seaport,[]
46820,Port Elizabeth,ZA PLZ,South Africa,,-33.951944444,25.6425,seaport,[]
40940,Rovinj,HR ROV,Croatia,,45.083333,13.633333,seaport,[]
41690,Vlores,AL VOA,Albania,,40.466667,19.5,seaport,[]
41320,Split,HR SPU,Croatia,,43.5,16.433333,seaport,[]
38920,Saint-Tropez,FR STP,France,,43.266667,6.633333,seaport,[]
47460,Toliara,MG TLE,Madagascar,,-23.366667,43.666667,seaport,[]
42530,Thessaloniki,GR SKG,Greece,,40.633333,22.933333,seaport,[]
11190,Playa De Humacao,PR HUC,Puerto Rico,,18.166667,-65.75,seaport,[]
43210,Rodhos,GR RHO,Greece,,36.45,28.233333,seaport,[]
45380,Skhira,TN LSK,Tunisia,,34.283333,10.1,seaport,[]
38630,Palma De Mallorca,ES PMI,Spain,,39.566667,2.633333,seaport,[]
41730,Preveza,GR PVK,Greece,,38.95,20.75,seaport,[]
40615,Vasto,IT VSO,Italy,,42.116667,14.716667,seaport,[]
45753,Tangier-Mediterranean,MA PTM,Morocco,,35.9,-5.516667,seaport,[]
45797,Safi,MA SFI,Morocco,,32.3,-9.25,seaport,[]
47470,Tolanaro,MG TLN,Madagascar,,-25.033333,47.0,seaport,[]
46045,Sekondi,GH SEK,Ghana,,4.95,-1.7,seaport,[]
39070,Porto Vecchio,FR PVO,France,,41.583333,9.283333,seaport,[]
16200,Port San Luis,US PSL,United States,,35.166667,-120.75,seaport,[]
37690,San Ciprian,ES SCI,Spain,,43.7,-7.433333,seaport,[]
38540,Tarragona,ES TAR,Spain,,41.1,1.233333,seaport,[]
38670,Puerto De Alcudia,ES ALD,Spain,,39.833333,3.133333,seaport,[]
36130,Saint-Malo,FR SML,France,,48.65,-2.016667,seaport,[]
37900,Vigo,ES VGO,Spain,,42.233333,-8.716667,seaport,[]
43390,Tekirdag,TR TEK,Turkey,,40.983333,27.516667,seaport,[]
41620,Tivat,ME TIV,Montenegro,,42.433333,18.7,seaport,[]
42850,Samos,GR SMI,Greece,,37.75,26.966667,seaport,[]
38543,Villanueva Y Geltru,ES VLG,Spain,,41.233333,1.733333,seaport,[]
40960,Pula,HR PUY,Croatia,,44.883333,13.8,seaport,[]
38180,Puerto Del Rosario,ES FUE,Spain,,28.5,-13.85,seaport,[]
41660,Shengjin,AL SHG,Albania,,41.816667,19.6,seaport,[]
38570,San Feliu De Guixols,ES SFU,Spain,,41.783333,3.033333,seaport,[]
39440,Savona,IT SVN,Italy,,44.316667,8.5,seaport,[]
38750,Sete,FR SET,France,,43.4,3.7,seaport,[]
8810,Slidell,US UYN,United States,,30.266667,-89.783333,seaport,[]
47030,Tanga,TZ TGT,Tanzania,,-5.083333,39.116667,seaport,[]
36040,Saint Helier Harbour,JE STH,Jersey,,49.183333,-2.116667,seaport,[]
43150,Sitia,GR JSH,Greece,,35.216667,26.133333,seaport,[]
45818,St Louis,SN XLS,Senegal,,16.016667,-16.516667,seaport,[]
38480,Valencia,ES VLC,Spain,,39.45,-0.316667,seaport,[]
37830,Villagarcia De Arosa,ES VIL,Spain,,42.6,-8.766667,seaport,[]
38590,Rosas,ES ROS,Spain,,42.266667,3.183333,seaport,[]
38490,Sagunto,ES SAG,Spain,,39.65,-0.216667,seaport,[]
11934,Puerto Prodeco,CO PPR,Colombia,,11.15,-74.216667,seaport,[]
40505,Torre Del Greco,IT TDG,Italy,,40.783333,14.366667,seaport,[]
16030,Wilson Cove,,United States,,33.0,-118.55,seaport,[]
44803,Yakacik,TR YAK,Turkey,,36.716667,36.183333,seaport,[]
38395,Puerto De Carboneras,ES CRS,Spain,,37.0,-1.883333,seaport,[]
46940,Pemba,MZ POL,Mozambique,,-12.966667,40.5,seaport,[]
37670,Ribadeo,ES RIB,Spain,,43.533333,-7.033333,seaport,[]
41090,Senj,HR SEN,Croatia,,44.983333,14.9,seaport,[]
45435,Tazerka Oil Terminal,TN TAT,Tunisia,,36.6,11.683333,seaport,[]
60435,Sokch'o Hang,KR SHO,South Korea,,38.2,128.6,seaport,[]
50030,Tanjunguban,ID TAN,Indonesia,,1.066667,104.216667,seaport,[]
62078,Tonda,JP TND,Japan,,34.033333,131.75,seaport,[]
16510,Pittsburg,US PBG,United States,,38.033333,-121.883333,seaport,[]
61380,Tokyo Ko,JP TYO,Japan,,35.666667,139.75,seaport,[]
59680,Port Ozamis,PH OZC,Philippines,,8.133333,123.85,seaport,[]
62255,Yatsushiro Ko,JP YAT,Japan,,32.5,130.533333,seaport,[]
61390,Yokohama Ko,JP YOK,Japan,,35.45,139.583333,seaport,[]
58460,San Fernando Harbor,PH SFE,Philippines,,16.616667,120.316667,seaport,[]
8050,Wilmington,US ILG,United States,,39.733333,-75.55,seaport,[]
62115,Tobata,JP TBT,Japan,,33.916667,130.816667,seaport,[]
10773,Rocky Point,JM ROP,Jamaica,,17.816667,-77.15,seaport,[]
49850,Pulau Pinang,MY PEN,Malaysia,,5.416667,100.35,seaport,[]
49930,Port Klang,MY PKG,Malaysia,,3.0,101.4,seaport,[]
59970,Shanghai,CN SGH,China,,31.216667,121.5,seaport,[]
50015,Pulau Sebarok,SG SEB,Singapore,,1.2,103.8,seaport,[]
48240,Qalhat Lng Terminal,OM QAL,Oman,,22.683333,59.4,seaport,[]
61420,Shimoda Ko,JP SMD,Japan,,34.666667,138.95,seaport,[]
51870,Stagen,ID STN,Indonesia,,-3.3,116.15,seaport,[]
59340,Surigao City,PH SUG,Philippines,,9.783333,125.5,seaport,[]
62165,Saganoseki Ko,JP SAG,Japan,,33.25,131.866667,seaport,[]
57950,Peng-Hu Kang,TW MZG,Taiwan,,23.583333,119.533333,seaport,[]
61690,Ube Ko,JP UBJ,Japan,,33.933333,131.233333,seaport,[]
60190,Tianjin Xin Gang,CN TXG,China,,38.966667,117.833333,seaport,[]
48155,Ras Isa Marine Terminal,YE RAI,Yemen,,15.133333,42.6,seaport,[]
7405,Tiverton,US TIV,United States,,41.633333,-71.216667,seaport,[]
51587,Tanjung Pelepas,MY TPP,Malaysia,,1.35,103.55,seaport,[]
62077,Takuma,JP TKM,Japan,,34.216667,133.683333,seaport,[]
7980,South Amboy,US ZZM,United States,,40.483333,-74.266667,seaport,[]
11470,Port Louis,GP PTL,Guadeloupe,,16.416667,-61.533333,seaport,[]
8115,Paulsboro,US PAU,United States,,39.85,-75.25,seaport,[]
61415,Tagonoura Ko,JP TGO,Japan,,35.133333,138.7,seaport,[]
50600,Uleelheue,ID OLO,Indonesia,,5.566667,95.283333,seaport,[]
10960,Pepillo Salcedo,DO SAL,Dominican Republic,,19.7,-71.75,seaport,[]
59150,Port Capiz,PH CSI,Philippines,,11.6,122.716667,seaport,[]
61802,Uchiura,JP UCR,Japan,,35.516667,135.5,seaport,[]
60200,Qinhuangdao,CN SHP,China,,39.933333,119.616667,seaport,[]
10800,Savannah La Mar,JM SLM,Jamaica,,18.2,-78.133333,seaport,[]
61566,Shikama,JP SKM,Japan,,34.766667,134.65,seaport,[]
7560,Port Jefferson,US PTJ,United States,,40.95,-73.083333,seaport,[]
60220,Yingkou,CN YIK,China,,40.683333,122.233333,seaport,[]
48267,Zirkuh Oil Field,AE ZUR,United Arab Emirates,,24.866667,53.05,seaport,[]
49995,Serangoon Harbor,,Singapore,,1.4,103.95,seaport,[]
49910,Teluk Anson,MY TAN,Malaysia,,4.016667,101.016667,seaport,[]
62120,Wakamatsu Ko,JP WAM,Japan,,33.9,130.816667,seaport,[]
48320,Sitrah,BH SIT,Bahrain,,26.166667,50.666667,seaport,[]
62380,Sasebo,JP SSB,Japan,,33.166667,129.716667,seaport,[]
57995,Port San Vicente,,Philippines,,18.516667,122.133333,seaport,[]
49770,Phuket,TH PKT,Thailand,,7.833333,98.4,seaport,[]
50516,Tanjung Balai Karimun,ID TJB,Indonesia,,0.983333,103.433333,seaport,[]
62110,Sakaide Ko,JP SKD,Japan,,34.333333,133.85,seaport,[]
61500,Toba,JP TOB,Japan,,34.483333,136.85,seaport,[]
54575,Point Murat,,Australia,,-21.816667,114.183333,seaport,[]
60160,Yantai,CN YTG,China,,37.55,121.45,seaport,[]
61547,Sakai-Senboku,JP SBK,Japan,,34.55,135.433333,seaport,[]
50610,Sabang,ID SBG,Indonesia,,5.883333,95.316667,seaport,[]
49962,Pelabuhan Sungai Udang,MY SUP,Malaysia,,2.25,102.133333,seaport,[]
54120,Warrnambool,AU WMB,Australia,,-38.4,142.483333,seaport,[]
61940,Takamatsu,JP TAK,Japan,,34.35,134.05,seaport,[]
7600,Stamford,US XLX,United States,,41.033333,-73.55,seaport,[]
61680,Tokuyama,JP TKY,Japan,,34.033333,131.816667,seaport,[]
7740,Troy,US TRY,United States,,42.733333,-73.7,seaport,[]
61490,Yokkaichi,JP YKK,Japan,,34.966667,136.633333,seaport,[]
62224,Shibushi Wan,JP SBS,Japan,,31.466667,131.1,seaport,[]
55370,Otago Harbor,NZ ORR,New Zealand,,-45.816667,170.633333,seaport,[]
54220,Port Adelaide,AU PAE,Australia,,-34.85,138.5,seaport,[]
61410,Uraga Ko,JP URG,Japan,,35.233333,139.716667,seaport,[]
49830,Pelabuhan Bass,,Malaysia,,6.316667,99.833333,seaport,[]
50055,Sekupang,ID SKP,Indonesia,,1.133333,103.916667,seaport,[]
59950,Zhen Hai,CN ZHI,China,,29.95,121.7,seaport,[]
57572,Phu My,VN PHU,Vietnam,,10.583333,107.033333,seaport,[]
11045,Puerto De Haina,DO INA,Dominican Republic,,18.416667,-70.016667,seaport,[]
51695,Sapangar Bay,,Malaysia,,6.083333,116.116667,seaport,[]
58315,Santa Cruz (Marinduque Isl),,Philippines,,13.5,122.066667,seaport,[]
48035,Sokhna Port Gas Tanker Terminal,EG SOK,Egypt,,29.683333,32.366667,seaport,[]
58130,Virac,PH VRC,Philippines,,13.583333,124.25,seaport,[]
57580,Thanh Ho Chi Minh,VN SGN,Vietnam,,10.766667,106.716667,seaport,[]
61370,Tateyama Ko,JP TTY,Japan,,35.0,139.8,seaport,[]
61580,Uno Ko,JP UNO,Japan,,34.483333,133.95,seaport,[]
62113,Yanai,JP YAN,Japan,,33.95,132.133333,seaport,[]
57640,Qui Nhon,VN UIH,Vietnam,,13.766667,109.233333,seaport,[]
55050,Whangarei,NZ WRE,New Zealand,,-35.8,174.433333,seaport,[]
61550,Osaka,JP OSA,Japan,,34.65,135.433333,seaport,[]
61460,Shimizu Ko,JP SMZ,Japan,,35.016667,138.5,seaport,[]
57657,Thanh Hoa,VN THO,Vietnam,,10.816667,106.766667,seaport,[]
61700,Shimonoseki,JP SHS,Japan,,33.933333,130.933333,seaport,[]
51815,Tanjung Santan,ID SAT,Indonesia,,-0.1,117.533333,seaport,[]
39935,Miseno,,Italy,,40.788158156,14.091097256,seaport,[]
40352,Scalo Vecchio,,Italy,,35.855,12.863,seaport,[]
40745,Porto Di Chioggia,IT CHI,Italy,,45.233333,12.3,seaport,[]
40650,Civitanova Marche,IT IOA,Italy,,43.316,13.734,seaport,[]
40155,Levanzo,IT LEV,Italy,,37.987,12.341,seaport,[]
40720,Porto Di Corsini,IT PCS,Italy,,44.495,12.291,seaport,[]
40785,Grado,IT GRD,Italy,,45.697,13.298,seaport,[]
39910,Ischia,IT ISH,Italy,,40.748,13.944,seaport,[]
40090,Villa San Giovanni,IT VSG,Italy,,38.222,15.63,seaport,[]
40560,Bisceglie,IT BCE,Italy,,41.246,16.509,seaport,[]
40570,Trani,IT TNI,Italy,,41.283420643,16.423705752,seaport,[]
40700,Rimini,IT RMI,Italy,,44.081,12.574,seaport,[]
39840,Ponza,IT PNZ,Italy,,40.895,12.964,seaport,[]
40060,Vibo Valentia Marina,IT VVA,Italy,,38.723,16.13,seaport,[]
40145,San Vito Lo Capo,IT SVC,Italy,,38.181,12.736,seaport,[]
39795,Porto Ercole,IT PTH,Italy,,42.404,11.213,seaport,[]
40282,Giardini Naxos,IT GIA,Italy,,37.828,15.273,seaport,[]
40120,Termini Imerese,IT TRI,Italy,,37.985,13.723,seaport,[]
40680,Fano,IT FAO,Italy,,43.857,13.017,seaport,[]
39855,Terracina,IT TRC,Italy,,41.283,13.258,seaport,[]
40640,San Benedetto Del Tronto,IT SDB,Italy,,42.96,13.892,seaport,[]
39500,Chiavari - Lavagna,IT CHX,Italy,,44.305,9.326,seaport,[]
39570,Viareggio,IT VIA,Italy,,43.862,10.234,seaport,[]
39850,San Felice Circeo,IT SFE,Italy,,41.226,13.097,seaport,[]
40460,Corigliano Calabro,IT CGC,Italy,,39.672,16.529,seaport,[]
40450,Ciro Marina,IT MRM,Italy,,39.372,17.136,seaport,[]
40510,Monopoli,IT MNP,Italy,,40.955,17.308,seaport,[]
40280,Riposta,IT RPT,Italy,,37.735,15.209,seaport,[]
40140,Castellammare Del Golfo,IT CTR,Italy,,38.032,12.885,seaport,[]
40520,Mola Di Bari,IT ODB,Italy,,41.062,17.1,seaport,[]
39940,Pozzuoli,IT POZ,Italy,,40.824,14.11,seaport,[]
40355,Cala Pozzolana,,Italy,,35.864,12.852,seaport,[]
39900,Forio,IT FRD,Italy,,40.742,13.859,seaport,[]
39310,Porto Torres,IT PTO,Italy,,40.852,8.396,seaport,[]
40200,Porto Empedocle,IT PEM,Italy,,37.278,13.528,seaport,[]
40630,Pescara,IT PSR,Italy,,42.464,14.236,seaport,[]
40490,Otranto,IT OTO,Italy,,40.152,18.493,seaport,[]
40165,Favignana,IT FAV,Italy,,37.933,12.324,seaport,[]
39920,Procida,IT PRO,Italy,,40.77,14.031,seaport,[]
39865,Formia,IT FOM,Italy,,41.254,13.614,seaport,[]
40670,Senigallia,IT SEG,Italy,,43.724,13.221,seaport,[]
40635,Giulianova,IT GUI,Italy,,42.756,13.979,seaport,[]
40150,Trapani,IT TPS,Italy,,38.012,12.506,seaport,[]
39420,Rada Di Vado,IT VDL,Italy,,44.265,8.453,seaport,[]
40160,Marettimo,IT MMO,Italy,,37.966,12.075,seaport,[]
39260,Porto Vesme,IT PVE,Italy,,39.194,8.384,seaport,[]
40080,Reggio Di Calabria,IT REG,Italy,,38.129,15.65,seaport,[]
39905,Casamicciola,IT CML,Italy,,40.752,13.912,seaport,[]
40710,Cesenatico,IT CNT,Italy,,44.208,12.408,seaport,[]
39790,Porto Santo Stefano,IT PSS,Italy,,42.44,11.122,seaport,[]
7840,Tompkinsville SI,,United States,,40.633333,-74.066667,seaport,[]
40350,Lampedusa,IT LMP,Italy,,35.494,12.601,seaport,[]
61810,Tsuruga Ko,JP TRG,Japan,,35.65,136.066667,seaport,[]
7830,Stapleton SI,,United States,,40.633333,-74.066667,seaport,[]
48257,Port Of Sohar,OM SOH,Oman,,24.516667,56.633333,seaport,[]
40243,Santa Panagia,IT SPA,Italy,,37.069,15.297,seaport,[]
61400,Yokosuka Ko,JP YOS,Japan,,35.283333,139.666667,seaport,[]
39780,Giglio Porto,IT GPR,Italy,,42.362,10.921,seaport,[]
60125,Lanshan,CN LSN,China,,35.08,119.366667,seaport,[]
40230,Pozzallo,IT PZL,Italy,,36.716667,14.85,seaport,[]
40190,Sciacca,IT SCK,Italy,,37.502,13.075,seaport,[]
39930,Baia,IT BAI,Italy,,40.817,14.074,seaport,[]
40780,Nogaro,IT PNG,Italy,,45.759,13.167,seaport,[]
48262,Al Fujayrah,,United Arab Emirates,,25.173055556,56.369166667,seaport,[]
40730,Porto Garibaldi,IT PGA,Italy,,44.677,12.252,seaport,[]
40690,Pesaro,IT PES,Italy,,43.928,12.903,seaport,[]
45140,Bur Sa'id,EG PSD,Egypt,,31.266667,32.3,seaport,[]
47960,Nuwaybi',EG NUW,Egypt,,28.966667,34.65,seaport,[]
47982,At Tur,EG TOR,Egypt,,28.233333,33.616667,seaport,[]
47987,Marsa az Zaytiyah,,Egypt,,27.85,33.6,seaport,[]
48615,Vadinar Terminal,IN VAD,India,,22.466666667,69.666666667,seaport,[]
48613,Sikka,IN SKK,India,,22.433333,69.833333,seaport,[]
48680,Porbandar,IN PBD,India,,21.633333,69.6,seaport,[]
49030,New Mangalore,IN NML,India,,12.916667,74.816667,seaport,[]
49130,Kochi (Cochin),IN KOC,India,,9.966667,76.233333,seaport,[]
49320,Tuticorin,IN TUT,India,,8.8,78.166667,seaport,[]
49010,Honavar,,India,,14.283333333,74.45,seaport,[]
49455,Krishnapatnam,INKRI,India,,14.25,80.133333333,seaport,[]
49287,Batticaloa Roads,,Sri Lanka,,7.766666667,81.683333333,seaport,[]
49255,Hambantota,LKHBA,Sri Lanka,,6.116666667,81.133333333,seaport,[]
48890,Port Dabhol,INDHP,India,,17.583333333,73.166666667,seaport,[]
48895,Jaigarh Bay,INJGD,India,,17.3,73.216666667,seaport,[]
48720,Jafarabad,INJBD,India,,20.866666667,71.383333333,seaport,[]
49540,Dhamra,INDMQ,India,,20.816666667,86.966666667,seaport,[]
49479,Gangavaram,INGGV,India,,17.633333333,83.25,seaport,[]
49470,Kakinada Bay,IN KAK,India,,17.0,82.316667,seaport,[]
49370,Karaikal Port,IN KRK,India,,10.833333,79.866667,seaport,[]
49410,Cuddalore,IN CDL,India,,11.716667,79.766667,seaport,[]
48770,Magdalla,IN MDA,India,,21.15,72.75,seaport,[]
49290,Trincomalee Harbor,LK TRR,Sri Lanka,,8.55,81.216667,seaport,[]
39155,Porto Cervo,IT PCE,Italy,,41.137,9.54,seaport,[]
39280,Alghero,IT AHO,Italy,,40.568,8.307,seaport,[]
39170,Golfo Aranci,IT GAI,Italy,,40.993,9.624,seaport,[]
39230,Sant'Antioco,IT SAT,Italy,,39.066,8.46,seaport,[]
39150,Liscia Di Vacca,,Italy,,41.141,9.511,seaport,[]
39160,Cala Volpe,,Italy,,41.088,9.542,seaport,[]
49560,Calcutta,IN CCU,India,,22.55,88.333333,seaport,[]
49200,Male,MV MCP,Maldives,,4.166667,73.5,seaport,[]
48845,Jawaharlal Nehru Port (Nhava Shiva),IN NSA,India,,18.95,72.95,seaport,[]
48990,Karwar,IN KRW,India,,14.816667,74.116667,seaport,[]
49590,Chittagong,BD CGP,Bangladesh,,22.316667,91.816667,seaport,[]
49555,Haldia Port,IN HAL,India,,22.016667,88.083333,seaport,[]
49450,Chennai (Madras),IN MAA,India,,13.1,80.3,seaport,[]
48730,Pipavav Bandar,IN PAV,India,,20.916667,71.516667,seaport,[]
49430,Pondicherry,IN PNY,India,,11.933333,79.833333,seaport,[]
48760,Bhavnagar,IN BHU,India,,21.766667,72.233333,seaport,[]
49240,Colombo,LK CMB,Sri Lanka,,6.95,79.85,seaport,[]
49480,Vishakhapatnam,IN NRP,India,,17.683333,83.3,seaport,[]
49535,Paradip,IN PPT,India,,20.266667,86.683333,seaport,[]
49454,Kamarajar Port,INENR,India,,13.261388889,80.3425,seaport,[]
49250,Galle Harbor,LK GAL,Sri Lanka,,6.033055556,80.228333333,seaport,[]
49500,Gopalpur,IN GPR,India,,19.301944444,84.966666667,seaport,[]
48970,Marmagao,IN MRM,India,,15.4175,73.795,seaport,[]
48840,Mumbai (Bombay),IN BOM,India,,18.966667,72.866667,seaport,[]
49110,Beypore,IN BEY,India,,11.166667,75.8,seaport,[]
48900,Ratnagiri,IN RTC,India,,16.983333,73.283333,seaport,[]
49000,Belekeri,IN BLK,India,,14.7,74.266667,seaport,[]
49350,Nagappattinam,IN NPT,India,,10.766667,79.85,seaport,[]
48674,Dahej,IN DAH,India,,21.7,72.533333,seaport,[]
48960,Panaji,IN PAN,India,,15.5,73.816667,seaport,[]
49300,Kankesanturai,LK KNK,Sri Lanka,,9.816667,80.05,seaport,[]
49550,Baleshwar,,India,,21.483333333,86.95,seaport,[]
49160,Quilon (Kollam),IN QUI,India,,8.871944444,76.583888889,seaport,[]
49040,Azhikal (Azhikkal),IN AZK,India,,11.945555556,75.309444444,seaport,[]
49170,Trivandrum,IN TRV,India,,8.483333,76.95,seaport,[]
49180,Kolachel,,India,,8.166667,77.25,seaport,[]
49100,Calicut (Kozhikode),IN CCJ,India,,11.25,75.766667,seaport,[]
9860,Puerto Cristobal,PA CTB,Panama,,9.35,-79.916667,seaport,[]
12025,La Salina,VE LSV,Venezuela,,10.366667,-71.466667,seaport,[]
11800,Caracasbaai,CW CRB,Curacao,,12.066667,-68.866667,seaport,[]
11700,Scarborough,TT SCA,Trinidad and Tobago,,11.183333,-60.733333,seaport,[]
11710,Chaguaramas,TT CHA,Trinidad and Tobago,,10.683333,-61.65,seaport,[]
9865,Puerto Colon,PA ONX,Panama,,9.366667,-79.883333,seaport,[]
11880,Turbo,CO TRB,Colombia,,8.083333,-76.733333,seaport,[]
9550,San Miguel De Cozumel,MX CZM,Mexico,,20.5,-86.966667,seaport,[]
9425,Dos Bocas Terminal,MX DBT,Mexico,,18.433333,-93.216667,seaport,[]
12032,Punta De Palmas,VE PLV,Venezuela,,10.783333,-71.583333,seaport,[]
11980,San Lorenzo,VE SLV,Venezuela,,9.783333,-71.066667,seaport,[]
9875,Bahia De Las Minas,PA MNP,Panama,,9.4,-79.816667,seaport,[]
11718,Anse Tembladora,TT TEM,Trinidad and Tobago,,10.683333,-61.583333,seaport,[]
11730,Pointe A Pierre,TT PTP,Trinidad and Tobago,,10.316667,-61.466667,seaport,[]
11720,Port Of Spain,TT POS,Trinidad and Tobago,,10.65,-61.516667,seaport,[]
12070,Amuay (Bahia De Amuay),VE AMY,Venezuela,,11.75,-70.233333,seaport,[]
12260,Carupano,VE CUP,Venezuela,,10.7,-63.25,seaport,[]
11900,Covenas,CO CVE,Colombia,,9.416667,-75.683333,seaport,[]
11840,Paarden Baai - (Oranjestad),AW ORJ,Aruba,,12.516667,-70.033333,seaport,[]
12230,El Guamache,VE EGU,Venezuela,,10.9,-64.1,seaport,[]
12185,Puerto La Cruz,VE PCZ,Venezuela,,10.25,-64.633333,seaport,[]
12200,Guanta,VE GUT,Venezuela,,10.25,-64.583333,seaport,[]
12150,La Guaira,VE LAG,Venezuela,,10.616667,-66.933333,seaport,[]
12090,Puerto Cumarebo,VE CMR,Venezuela,,11.483333,-69.35,seaport,[]
12034,Bajo Grande,VE BJV,Venezuela,,10.516667,-71.633333,seaport,[]
11780,Kralendijk,BQ KRA,Caribbean Netherlands,,12.15,-68.283333,seaport,[]
11930,Barranquilla,CO BAQ,Colombia,,10.966667,-74.766667,seaport,[]
11960,Maracaibo,VE MAR,Venezuela,,10.633333,-71.6,seaport,[]
12120,Puerto Cabello,VE PBL,Venezuela,,10.483333,-68.0,seaport,[]
12220,Cumana (Puerto Sucre),VE CUM,Venezuela,,10.466667,-64.183333,seaport,[]
12145,Catia La Mar,VE CLM,Venezuela,,10.6,-67.016667,seaport,[]
11781,Goto Oil Terminal,BQ GOT,Caribbean Netherlands,,12.216667,-68.383333,seaport,[]
11940,Santa Marta,CO SMR,Colombia,,11.25,-74.216667,seaport,[]
12035,Puerto Miranda,VE MIV,Venezuela,,10.766667,-71.566667,seaport,[]
12270,Guiria,VE GUI,Venezuela,,10.566667,-62.3,seaport,[]
12115,El Palito,VE ELP,Venezuela,,10.483333,-68.116667,seaport,[]
11820,Bullen Baai,CW BUB,Curacao,,12.183333,-69.033333,seaport,[]
12100,Puerto Chichiriviche,VE CHV,Venezuela,,10.916667,-68.266667,seaport,[]
11910,Cartagena,CO CTG,Colombia,,10.416667,-75.533333,seaport,[]
11935,Pozos Colorados,CO POC,Colombia,,11.15,-74.25,seaport,[]
12050,Punta Cardon,VE PCN,Venezuela,,11.633333,-70.233333,seaport,[]
12130,Puerto Borburata,VE BOR,Venezuela,,10.483333,-67.983333,seaport,[]
11760,Brighton,TT LAB,Trinidad and Tobago,,10.25,-61.633333,seaport,[]
11946,Puerto Bolivar,CO PBO,Colombia,,12.25,-71.966667,seaport,[]
11810,Willemstad,CW WIL,Curacao,,12.116667,-68.933333,seaport,[]
12180,Jose Terminal,VE JOT,Venezuela,,10.1,-64.85,seaport,[]
45025,Tarabulus,LBKYE,Lebanon,,34.45,35.833333,seaport,[]
45003,Tartus,SY TTS,Syria,,34.9,35.866667,seaport,[]
45030,Bayrut,LB BEY,Lebanon,,33.9,35.5,seaport,[]
45005,Baniyas,SY BAN,Syria,,35.188333333,35.943333333,seaport,[]
10978,Amber Cove,COAMB,Dominican Republic,,19.833333333,-70.766666667,seaport,[]
10050,Santa Lucia,CUSLU,Cuba,,22.666666667,-83.966666667,seaport,[]
10962,Manzanillo,DOMAN,Dominican Republic,,19.716666667,-71.75,seaport,[]
9930,Freeport,BMFPT,Bermuda,,32.316666667,-64.833333333,seaport,[]
10190,Vita,CUVIT,Cuba,,21.1,-75.966666667,seaport,[]
10030,Providenciales,TCPLS,Turks and Caicos Islands,,21.733333333,-72.283333333,seaport,[]
11410,Charlestown,KN CHA,Saint Kitts and Nevis,,17.133333,-62.633333,seaport,[]
10370,Santiago De Cuba,CU SCU,Cuba,,20.016667,-75.833333,seaport,[]
10772,Port Esquivel,JM PEV,Jamaica,,17.883333,-77.133333,seaport,[]
10320,Puerto Guantanamo,CU GUB,Cuba,,19.983333,-75.133333,seaport,[]
11400,Basseterre,KN BAS,Saint Kitts and Nevis,,17.3,-62.716667,seaport,[]
47720,Port Louis,MU PLU,Mauritius,,-20.15,57.5,seaport,[]
10260,Nicaro,CU ICR,Cuba,,20.716667,-75.55,seaport,[]
53655,Botany Bay,AU BTB,Australia,,-34.0,151.233333,seaport,[]
11010,Sanchez,DO SNZ,Dominican Republic,,19.233333,-69.616667,seaport,[]
9960,Hamilton,BM BDA,Bermuda,,32.3,-64.783333,seaport,[]
11000,Santa Barbara De Samana,DO SAM,Dominican Republic,,19.2,-69.333333,seaport,[]
10280,Cayo Moa Grande,CUMOA,Cuba,,20.666667,-74.9,seaport,[]
10630,Rio Bueno,JM RIB,Jamaica,,18.466667,-77.466667,seaport,[]
11035,Andres (Andres Lng Terminal),DO BCC,Dominican Republic,,18.433333,-69.633333,seaport,[]
10585,Cayman Brac,KY CYB,Cayman Islands,,19.75,-79.75,seaport,[]
11620,Vieux Fort,LC VIF,Saint Lucia,,13.716667,-60.966667,seaport,[]
10120,Cardenas,CU CAR,Cuba,,23.05,-81.2,seaport,[]
10610,Montego Bay,JM MBJ,Jamaica,,18.466667,-77.933333,seaport,[]
11390,Oranjestad,BQ ORA,Caribbean Netherlands,,17.483333,-62.983333,seaport,[]
10550,Nueva Gerona,CU GER,Cuba,,21.916667,-82.8,seaport,[]
53690,Port Kembla,AU PKL,Australia,,-34.483333,150.916667,seaport,[]
11075,Cabo Rojo,DO CBJ,Dominican Republic,,17.916667,-71.65,seaport,[]
11690,Bridgetown,BB BGI,Barbados,,13.1,-59.633333,seaport,[]
10775,Port Kaiser,JM PKS,Jamaica,,17.866667,-77.6,seaport,[]
10130,Isabela De Sagua,CU IDS,Cuba,,22.95,-80.0,seaport,[]
10710,Port Antonio,JM POT,Jamaica,,18.183333,-76.45,seaport,[]
10860,Miragoane,HT MIR,Haiti,,18.45,-73.083333,seaport,[]
10230,Antilla,CU ANT,Cuba,,20.833333,-75.733333,seaport,[]
11380,Gustavia,BL GUS,Guadeloupe,,17.9,-62.85,seaport,[]
10110,Matanzas,CU QMA,Cuba,,23.05,-81.55,seaport,[]
10600,Lucea,JM LUC,Jamaica,,18.45,-78.166667,seaport,[]
54030,Melbourne,AU MEL,Australia,,-37.833333,144.966667,seaport,[]
11040,Santo Domingo,DO SDQ,Dominican Republic,,18.466667,-69.883333,seaport,[]
10980,Puerto Plata,DO POP,Dominican Republic,,19.8,-70.7,seaport,[]
10250,Felton,CUFEL,Cuba,,20.733333,-75.6,seaport,[]
11070,Santa Cruz De Barahona,DO BRX,Dominican Republic,,18.2,-71.083333,seaport,[]
10100,Bahai De La Habana,CU HAV,Cuba,,23.133333,-82.366667,seaport,[]
54050,Geelong,AU GEX,Australia,,-38.15,144.366667,seaport,[]
10270,Bahia De Sagua De Tanamo,CU SDT,Cuba,,20.683333,-75.333333,seaport,[]
10770,Kingston,JM KIN,Jamaica,,17.966667,-76.783333,seaport,[]
53450,Gladstone,AU GLT,Australia,,-23.85,151.25,seaport,[]
10930,Cap Haitien,HT CAP,Haiti,,19.766667,-72.2,seaport,[]
9985,Freeport,BS FPO,The Bahamas,,26.516667,-78.783333,seaport,[]
11370,Philipsburg,SX PHI,Sint Maarten,,18.016667,-63.05,seaport,[]
11530,Portsmouth,DM POR,Dominica,,15.566667,-61.466667,seaport,[]
10880,Port Au Prince,HT PAP,Haiti,,18.55,-72.35,seaport,[]
10080,Cabanas,CU CAB,Cuba,,23.0,-82.966667,seaport,[]
11520,Roseau,DM RSU,Dominica,,15.3,-61.4,seaport,[]
10580,Georgetown,KY GEC,Cayman Islands,,19.3,-81.383333,seaport,[]
11350,Road Harbor,VG RAD,British Virgin Islands,,18.416667,-64.616667,seaport,[]
10460,Manzanillo,CU MZO,Cuba,,20.35,-77.116667,seaport,[]
9987,South Riding Point,BS SRP,The Bahamas,,26.616667,-78.216667,seaport,[]
11630,Castries,LC CAS,Saint Lucia,,14.016667,-61.0,seaport,[]
53650,Sydney,AU SYD,Australia,,-33.866667,151.2,seaport,[]
53440,Port Alma,AU PTL,Australia,,-23.583333,150.85,seaport,[]
10660,Ocho Rios,JM OCJ,Jamaica,,18.416667,-77.116667,seaport,[]
10090,Mariel,CU MAR,Cuba,,22.983333,-82.75,seaport,[]
10540,Cienfuegos,CU CFG,Cuba,,22.15,-80.45,seaport,[]
10530,Casilda,CU CAS,Cuba,,21.75,-79.983333,seaport,[]
53610,Newcastle,AU NTL,Australia,,-32.916667,151.783333,seaport,[]
11640,Kingstown,VC KTN,Saint Vincent and the Grenadines (Windward Islands),,13.15,-61.233333,seaport,[]
11020,La Romana,DO LRM,Dominican Republic,,18.416667,-68.966667,seaport,[]
9990,Nassau,BS NAS,The Bahamas,,25.083333,-77.35,seaport,[]
10470,Guayabal,CU GYB,Cuba,,20.7,-77.616667,seaport,[]
48030,North Ain Sukhna Port,EG AIS,Egypt,,29.65,32.366667,seaport,[]
10210,Banes,CUBAN,Cuba,,20.916666667,-75.716666667,seaport,[]
10070,Bahia Honda,CUBHO,Cuba,,22.966666667,-83.166666667,seaport,[]
10140,Caibarien,CUCAI,Cuba,,22.533333333,-79.466666667,seaport,[]
10290,Baracoa,CUBCA,Cuba,,20.35,-74.5,seaport,[]
10240,Preston,CUPST,Cuba,,20.766666667,-75.65,seaport,[]
10480,Santa Cruz del Sur,CUSCS,Cuba,,20.7,-77.983333333,seaport,[]
47946,Sawakin Harbor,SD SSD,Sudan,,19.133333,37.35,seaport,[]
10505,Palo Alto,CUPAL,Cuba,,21.583333333,-78.966666667,seaport,[]
47900,Mitsiwa Harbor,ER MSW,Eritrea,,15.616667,39.466667,seaport,[]
47880,Assab,ER ASA,Eritrea,,13.0,42.75,seaport,[]
16260,Moss,US MLG,United States,,36.8,-121.783333,seaport,[]
48090,Al Aqabah,JO AQJ,Jordan,,29.516667,35.0,seaport,[]
48045,El-Adabiya,EG ADA,Egypt,,29.866667,32.466667,seaport,[]
47940,Port Sudan,SD PZU,Sudan,,19.6,37.233333,seaport,[]
54810,Port Huon,AU PHU,Australia,,-43.166667,146.983333,seaport,[]
54870,Stanley,AU STA,Australia,,-40.766667,145.283333,seaport,[]
54830,Dover,,Australia,,-43.316667,147.033333,seaport,[]
54875,Port Latta,AU PLA,Australia,,-40.833333,145.383333,seaport,[]
48140,Jiddah,SA JED,Saudi Arabia,,21.483333,39.183333,seaport,[]
48142,Jizan,SA GIZ,Saudi Arabia,,16.9,42.483333,seaport,[]
15140,Puerto Bayovar,PE PUB,Peru,,-5.833333,-81.05,seaport,[]
8680,St Petersburg,RULED,United States,,27.766667,-82.616667,seaport,[]
46180,Sea Eagle Terminal,,Nigeria,,4.8,5.316667,seaport,[]
46008,Espoir Marine Terminal,CI ESP,Cote D'Ivoire,,5.05,-4.45,seaport,[]
45970,Baobab Marine Terminal,CI BAO,Cote D'Ivoire,,4.966667,-4.55,seaport,[]
45963,San Pedro,CI SPY,Cote D'Ivoire,,4.737777778,-6.611111111,seaport,[]
46070,Tema,GH TEM,Ghana,,5.631944444,0.015555556,seaport,[]
48165,Al Ahmadi,YE HOD,Yemen,,14.833333,42.966667,seaport,[]
48190,Aden,YE ADE,Yemen,,12.783333,44.95,seaport,[]
45990,Port Bouet,CI PBT,Cote D'Ivoire,,5.233333,-3.966667,seaport,[]
46131,Tin Can Island,NG TIN,Nigeria,,6.35,3.35,seaport,[]
46000,Abidjan,CI ABJ,Cote D'Ivoire,,5.25,-4.016667,seaport,[]
46090,Lome,TG LFW,Togo,,6.133333,1.283333,seaport,[]
46095,Kpeme,TG KPE,Togo,,6.2,1.516667,seaport,[]
46171,Ukpokiti Marine Terminal,NG UKP,Nigeria,,5.733333333,4.833333333,seaport,[]
46040,Takoradi,GH TKD,Ghana,,4.883333,-1.733333,seaport,[]
46200,Pennington Oil Terminal,NG PEN,Nigeria,,4.25,5.616667,seaport,[]
46110,Cotonou,BJ COO,Benin,,6.35,2.433333,seaport,[]
46190,Brass Oil Terminal,NG BRA,Nigeria,,4.066667,6.283333,seaport,[]
48214,Rudum Terminal,,Yemen,,13.983333,47.916667,seaport,[]
48235,Duqm,OM DQM,Oman,,19.673252583,57.716908916,seaport,[]
47850,Djibouti,DJ JIB,Djibouti,,11.6,43.133333,seaport,[]
48210,Al Mukalla,YE ZAM,Yemen,,14.516667,49.116667,seaport,[]
48230,Mina Raysut,OM SLL,Oman,,16.951111111,54.029166667,seaport,[]
48216,Balhaf,YE BLH,Yemen,,13.966667,48.183333,seaport,[]
48202,Ash Shihr Oil Terminal,YE ASR,Yemen,,14.7,49.483333333,seaport,[]
48198,Nishtun,YE NIS,Yemen,,15.816667,52.2,seaport,[]
49640,Bassein,MM BSX,Burma,,16.783333333,94.733333333,seaport,[]
48259,Khawr Khasab,OM KHS,Oman,,26.216667,56.233333,seaport,[]
48520,Bandar Abbas,IR BND,Iran,,27.15,56.2,seaport,[]
49720,Port Blair,IN IXZ,India,,11.677777778,92.733333333,seaport,[]
49650,Rangoon,MM RGN,Burma,,16.766667,96.166667,seaport,[]
49660,Moulmein Harbor,,Burma,,16.483333,97.616667,seaport,[]
48590,Gwadar,PK GWD,Pakistan,,25.133333,62.3,seaport,[]
2555,Port de Valleyfield,,Canada,,45.216666667,-74.1,seaport,[]
9548,Punta Venado,MXPVN,Mexico,,20.566666667,-87.133333333,seaport,[]
9570,Puerto Costa Maya,MXCOM,Mexico,,18.733333333,-87.683333333,seaport,[]
9360,Tampico,MX TAM,Mexico,,22.216667,-97.866667,seaport,[]
9355,Altamira,MX ATM,Mexico,,22.483333,-97.85,seaport,[]
9440,Frontera,MX FRN,Mexico,,18.533333,-92.65,seaport,[]
54565,Cape Cuvier,AU CCU,Australia,,-24.216667,113.383333,seaport,[]
54670,Darwin,AU DRW,Australia,,-12.471388889,130.847777778,seaport,[]
9590,Belize City,BZ BZE,Belize,,17.5,-88.183333,seaport,[]
9395,Cayo Arcas Terminal,MX CAT,Mexico,,20.166667,-91.983333,seaport,[]
9490,Ciudad Del Carmen,MX CME,Mexico,,18.633333,-91.866667,seaport,[]
9620,Puerto Barrios,GT PBR,Guatemala,,15.733333,-88.6,seaport,[]
54600,Port Walcott,AU PWL,Australia,,-20.65,117.183333,seaport,[]
54605,Dampier,AU DAM,Australia,,-20.633333,116.716667,seaport,[]
9370,Tuxpan,MX TUX,Mexico,,20.95,-97.4,seaport,[]
9625,Santo Tomas De Castilla,GT IZ4,Guatemala,,15.7,-88.616667,seaport,[]
9650,Puerto Cortes,HN PCR,Honduras,,15.833333,-87.95,seaport,[]
9380,Veracruz,MX VER,Mexico,,19.2,-96.133333,seaport,[]
9690,Puerto Castilla,HN PCA,Honduras,,16.0,-85.983333,seaport,[]
9410,Nanchital,MX NAN,Mexico,,18.066667,-94.416667,seaport,[]
9670,La Ceiba,HN LCE,Honduras,,15.783333,-86.8,seaport,[]
9660,Tela,HN TEA,Honduras,,15.783333,-87.45,seaport,[]
9405,Coatzacoalcos,MX COA,Mexico,,18.15,-94.416667,seaport,[]
49730,Victoria Point Harbor,,Burma,,9.983333333,98.55,seaport,[]
9855,Punta Rincon,PAPRI,Panama,,9.016666667,-80.7,seaport,[]
9768,San Andres Island,COADZ,Colombia,,12.566666667,-81.7,seaport,[]
9760,Puerto Cabezas,NI PUZ,Nicaragua,,14.016667,-83.383333,seaport,[]
9769,El Bluff,NI ELB,Nicaragua,,12.0,-83.7,seaport,[]
9805,Puerto Moin,CR PMN,Costa Rica,,10.0,-83.083333,seaport,[]
9830,Almirante,PA PAM,Panama,,9.3,-82.4,seaport,[]
9598,Big Creek,BZBGK,Belize,,16.516666667,-88.4,seaport,[]
9810,Puerto Limon,CR LIO,Costa Rica,,9.983333,-83.016667,seaport,[]
9840,Bocas Del Toro,PA BOC,Panama,,9.333333,-82.233333,seaport,[]
9675,Coxen Hole,HN RTB,Honduras,,16.316667,-86.55,seaport,[]
9825,Chiriqui Grande,PA CHG,Panama,,8.95,-82.116667,seaport,[]
9770,Bluefields,NI BEF,Nicaragua,,12.016667,-83.75,seaport,[]
15550,Corinto,NI CIO,Nicaragua,,12.483333,-87.166667,seaport,[]
15660,Puerto Quetzal,GT PRQ,Guatemala,,13.916667,-90.8,seaport,[]
15545,Puerto Sandino,NI PSN,Nicaragua,,12.183333,-86.766667,seaport,[]
48280,Hulaylah Oil Terminal,AE HTL,United Arab Emirates,,25.983333,55.933333,seaport,[]
51920,Kumai,ID KUM,Indonesia,,-2.75,111.716667,seaport,[]
51646,Kuala Belait,BN KUB,Brunei,,4.633333,114.2,seaport,[]
51583,Sarikei,MY SAR,Malaysia,,2.133333,111.533333,seaport,[]
51200,Panarukan,ID PRN,Indonesia,,-7.7,113.933333,seaport,[]
51830,Senipah Oil Terminal,ID SZH,Indonesia,,-0.95,117.166667,seaport,[]
51585,Bintulu Port,MY BTU,Malaysia,,3.266667,113.066667,seaport,[]
51810,Benoa,,Indonesia,,0.983333,117.966667,seaport,[]
52297,Parepare,ID PAP,Indonesia,,-4.0,119.616667,seaport,[]
51865,Tanah Merah,ID TAL,Indonesia,,-1.816667,116.166667,seaport,[]
48495,Bandar-E Shahid Reajie,IR BSR,Iran,,27.1,56.066667,seaport,[]
51590,Miri,MY MYY,Malaysia,,4.383333,113.966667,seaport,[]
51560,Kuching,MY KCH,Malaysia,,1.566667,110.35,seaport,[]
51635,Lumut,BN LUM,Brunei,,4.716667,114.45,seaport,[]
48264,Mina Saqr,AE MSA,United Arab Emirates,,25.983333,56.05,seaport,[]
48480,Jazireh-Ye Lavan Oil Terminal,IR LVP,Iran,,26.783333,53.333333,seaport,[]
54500,Bunbury,AU BUY,Australia,,-33.316667,115.633333,seaport,[]
54470,Albany,AU ALH,Australia,,-35.033333,117.883333,seaport,[]
54236,Ardrossan,AU ARD,Australia,,-34.433333,137.916667,seaport,[]
54255,Port Giles,AU PGI,Australia,,-35.033333,137.766667,seaport,[]
48272,Sharjah Offshore Terminal,,United Arab Emirates,,25.583333,55.4,seaport,[]
46230,Calabar,NG CBQ,Nigeria,,4.966667,8.316667,seaport,[]
46207,Okrika,NG OKR,Nigeria,,4.716667,7.083333,seaport,[]
54350,Port Lincoln,AU PLO,Australia,,-34.716667,135.85,seaport,[]
60376,Gwangyang Hang,KR KAN,South Korea,,34.90846,127.75012,seaport,[]
46240,Okwori Terminal,NG OKW,Nigeria,,3.85,6.983333,seaport,[]
46178,Yoho Terminal,,Nigeria,,4.016667,7.466667,seaport,[]
48273,Umm Al Qaywayn,AE QIW,United Arab Emirates,,25.583333,55.583333,seaport,[]
48269,Al Jazeera Port,AE JAZ,United Arab Emirates,,25.716667,55.783333,seaport,[]
46206,Bonny Offshore Terminal,NG BON,Nigeria,,4.183333,7.233333,seaport,[]
46292,Kome Kribi 1 Marine Terminal,CM KBI,Cameroon,,2.916667,9.8,seaport,[]
48276,Mina Jabal Ali,AE JEA,United Arab Emirates,,25.016667,55.05,seaport,[]
46195,Qua Iboe Oil Terminal,NG QIB,Nigeria,,4.233333,8.033333,seaport,[]
48271,Ash Shariqah,AE SHJ,United Arab Emirates,,25.366666667,55.383333333,seaport,[]
48275,Dubayy,AE DXB,United Arab Emirates,,25.266666667,55.3,seaport,[]
46210,Port Harcourt,NG PHC,Nigeria,,4.766667,7.0,seaport,[]
46287,Ebome Marine Terminal,CM EBT,Cameroon,,2.8,9.816667,seaport,[]
46310,Serpentina Terminal,GQ SER,Equatorial Guinea,,3.8,8.083333,seaport,[]
48270,Ajman,AE AJM,United Arab Emirates,,25.416667,55.433333,seaport,[]
46238,Okono Terminal,NG OKN,Nigeria,,3.983333,7.3,seaport,[]
46262,Limboh Terminal,CM LIT,Cameroon,,3.983333,9.15,seaport,[]
46235,Odudu Terminal,NG ODU,Nigeria,,4.0,7.766667,seaport,[]
48274,Al Hamriyah Lpg Terminal,AE HAM,United Arab Emirates,,25.466667,55.483333,seaport,[]
47855,Doraleh,DJ DCT,Djibouti,,11.602777778,43.088611111,seaport,[]
46285,Kole Oil Terminal,CM KOL,Cameroon,,4.25,8.55,seaport,[]
46208,Onne,NG ONN,Nigeria,,4.683333,7.15,seaport,[]
46280,Douala,CM DLA,Cameroon,,4.05,9.683333,seaport,[]
54555,Useless Loop,AU USL,Australia,,-26.083333,113.4,seaport,[]
46225,Antan Oil Terminal,NG ANA,Nigeria,,4.216667,8.333333,seaport,[]
54210,Klein Point,AU KLP,Australia,,-34.966667,137.766667,seaport,[]
62140,Moji Ko,JP MOJ,Japan,,33.95,130.966667,seaport,[]
61640,Kure,JP KRE,Japan,,34.233333,132.55,seaport,[]
62030,Matsuyama,JP MYJ,Japan,,33.85,132.7,seaport,[]
12820,Portocel,,Brazil,,-19.85,-40.05,seaport,[]
62020,Yawatahama,JP YWH,Japan,,33.45,132.416667,seaport,[]
60431,Tonghae,KR TGA,South Korea,,37.533333,129.15,seaport,[]
60400,Ulsan,KR USN,South Korea,,35.45,129.4,seaport,[]
60410,Pohang,KR KPO,South Korea,,36.05,129.383333,seaport,[]
60370,Yosu,KR YOS,South Korea,,34.84048,127.66738,seaport,[]
45950,Buchanan,LR UCN,Liberia,,5.866667,-10.066667,seaport,[]
45952,Greenville,LR GRE,Liberia,,4.983333,-9.05,seaport,[]
38160,Santa Cruz De Tenerife,ES SCT,Spain,,28.466667,-16.233333,seaport,[]
60385,Chinae,KR CHF,South Korea,,35.133333,128.65,seaport,[]
48630,Kandla,IN IXY,India,,23.033333,70.216667,seaport,[]
45825,Banjul,GM BJL,The Gambia,,13.45,-16.566667,seaport,[]
45862,Freetown,SL FNA,Sierra Leone,,8.5,-13.233333,seaport,[]
45855,Conakry,GN CKY,Guinea,,9.516667,-13.716667,seaport,[]
45838,Bissau,GW OXB,Guinea-Bissau,,11.866667,-15.633333,seaport,[]
38130,Funchal,PT FNC,Portugal,,32.633333,-16.916667,seaport,[]
38170,Las Palmas,ES LPA,Spain,,28.15,-15.416667,seaport,[]
45809,Laayoune,MA EUN,Western Sahara,,27.083333,-13.433333,seaport,[]
38190,Arrecife,ES ACE,Spain,,28.95,-13.533333,seaport,[]
15370,Buenaventura,CO BUN,Colombia,,3.883333,-77.066667,seaport,[]
49620,Sittwe,MM AKY,Burma,,20.133333,92.9,seaport,[]
48690,Veraval,IN VVA,India,,20.9,70.366667,seaport,[]
48620,Mandvi,IN MDV,India,,22.833333,69.35,seaport,[]
48790,Hazira,IN HZA,India,,21.083333,72.633333,seaport,[]
8240,Alexandria,US AXR,United States,,38.8,-77.033333,seaport,[]
7520,Essex,US EEX,United States,,41.35,-72.383333,seaport,[]
53490,Brisbane,AU BNE,Australia,,-27.466667,153.033333,seaport,[]
45297,As Sidr,LY ESI,Libya,,30.633333,18.366667,seaport,[]
45295,Al Burayqah,LY MBR,Libya,,30.416667,19.6,seaport,[]
45290,Ez Zueitina,LY ZUE,Libya,,30.85,20.05,seaport,[]
45010,Al Ladhiqiyah,SY ALD,Syria,,35.533333,35.766667,seaport,[]
42920,Limin Sirou,GR JSY,Greece,,37.433333,24.95,seaport,[]
41940,Kalamata,GR KLX,Greece,,37.016667,22.116667,seaport,[]
46165,Burutu,NG BUR,Nigeria,,5.35,5.5,seaport,[]
46140,Koko,NG KOK,Nigeria,,6.0,5.466667,seaport,[]
46135,Escravos Oil Terminal,NG ESC,Nigeria,,5.5,5.0,seaport,[]
7370,New Bedford,US NBD,United States,,41.633333,-70.916667,seaport,[]
16630,Bodega Bay,US DHB,United States,,38.333333,-123.05,seaport,[]
5060,Gladstone,US GDE,United States,,45.85,-87.016667,seaport,[]
5050,Escanaba,US ESC,United States,,45.766667,-87.05,seaport,[]
5030,Menominee,US MNM,United States,,45.095277778,-87.589444444,seaport,[]
5020,Marinette,US MOY,United States,,45.083333,-87.6,seaport,[]
5010,Oconto,US OCQ,United States,,44.894444444,-87.829444444,seaport,[]
4940,Green Bay,US GRB,United States,,44.516667,-88.016667,seaport,[]
4920,Algoma,US QAG,United States,,44.6,-87.433333,seaport,[]
4910,Kewaunee,US KWU,United States,,44.466667,-87.5,seaport,[]
4640,Frankfort,US FNF,United States,,44.633333,-86.25,seaport,[]
4630,Leland,,United States,,45.016667,-85.766667,seaport,[]
4590,Harbor Springs,US HS3,United States,,45.433333,-84.983333,seaport,[]
4520,Mackinaw City,US KWY,United States,,45.783333,-84.716667,seaport,[]
10150,Nuevitas Bay,CU NVT,Cuba,,21.55,-77.266667,seaport,[]
10020,Grand Turk,TC GDT,Turks and Caicos Islands,,21.433333,-71.15,seaport,[]
16470,Benicia,US BNC,United States,,38.05,-122.15,seaport,[]
16170,Gaviota,,United States,,34.466667,-120.2,seaport,[]
16080,Los Angeles,US LAX,United States,,33.75,-118.25,seaport,[]
16070,Long Beach,US LGB,United States,,33.766667,-118.183333,seaport,[]
9170,Baytown,US HPY,United States,,29.733333,-95.016667,seaport,[]
8580,Jacksonville,US JAX,United States,,30.316667,-81.65,seaport,[]
8560,Fernandina Beach,US FEB,United States,,30.683333,-81.466667,seaport,[]
8550,Brunswick,US SSI,United States,,31.15,-81.5,seaport,[]
8540,Darien,US DIE,United States,,31.366667,-81.433333,seaport,[]
8430,Morehead City,US MRH,United States,,34.716667,-76.7,seaport,[]
2720,Gananoque,CA GNE,Canada,,44.333333,-76.166667,seaport,[]
2790,Alexandria Bay,US AXB,United States,,44.333333,-75.916667,seaport,[]
16160,Ellwood,US EL3,United States,,34.433333,-119.916667,seaport,[]
8420,Beaufort,US BFO,United States,,34.716667,-76.666667,seaport,[]
10158,Manati,CU MNT,Cuba,,21.366667,-76.816667,seaport,[]
10025,Cockburn Harbor,TC 9CB,Turks and Caicos Islands,,21.5,-71.533333,seaport,[]
4610,Charlevoix,US CSX,United States,,45.316667,-85.266667,seaport,[]
40300,Lipari,IT LIP,Italy,,38.483333,14.966667,seaport,[]
43030,Milos,GR MLO,Greece,,36.716667,24.45,seaport,[]
43280,Lakki,GR PKK,Greece,,37.133333,26.85,seaport,[]
58750,Baybay,PH BYB,Philippines,,10.683333,124.8,seaport,[]
58795,Isabel,PH ISL,Philippines,,10.916667,124.433333,seaport,[]
4530,Mackinac Island,US MCD,United States,,45.85,-84.616667,seaport,[]
5070,Nahma,,United States,,45.833333,-86.666667,seaport,[]
5100,Manistique,US ISQ,United States,,45.95,-86.25,seaport,[]
45175,El Hamra Oil Terminal,EG MAH,Egypt,,30.983333,28.866667,seaport,[]
2700,Brockville,CA BCK,Canada,,44.583333,-75.666667,seaport,[]
16480,Martinez,US MRZ,United States,,38.033333,-122.133333,seaport,[]
44825,Alanya,TR ALA,Turkey,,36.533333,32.0,seaport,[]
45790,Mohammedia,MA MOH,Morocco,,33.716667,-7.4,seaport,[]
48121,King Fahd Port,,Saudi Arabia,,23.95,38.216667,seaport,[]
51780,Lingkas,,Indonesia,,3.283333,117.6,seaport,[]
61664,Namikata,JP NIT,Japan,,34.116667,132.9,seaport,[]
45955,Cape Palmas,LR CPA,Liberia,,4.366667,-7.716667,seaport,[]
58740,Maasin,PH MAA,Philippines,,10.133333,124.833333,seaport,[]
62060,Kikuma Ko,JP KIK,Japan,,34.033333,132.833333,seaport,[]
62070,Imabari Ko,JP IMB,Japan,,34.066667,133.016667,seaport,[]
8180,Cape Charles,US CCJ,United States,,37.266667,-76.016667,seaport,[]
8480,Southport,US XMK,United States,,33.916667,-78.016667,seaport,[]
46150,Sapele,NG SPL,Nigeria,,5.9,5.683333,seaport,[]
4540,St Ignace,,United States,,45.85,-84.716667,seaport,[]
45040,Sayda,LB SAY,Lebanon,,33.5,35.35,seaport,[]
4580,St. James Harbor,,United States,,45.733333,-85.516667,seaport,[]
41950,Yithion,GR GYT,Greece,,36.75,22.566667,seaport,[]
9080,Port Arthur,US POA,United States,,29.833333,-93.966667,seaport,[]
39720,Portoferraio,IT PFE,Italy,,42.816667,10.333333,seaport,[]
16450,Port Costa,US PCX,United States,,38.05,-122.183333,seaport,[]
4620,Traverse City,US TVC,United States,,44.766667,-85.616667,seaport,[]
45036,Sidon/zahrani Terminal,LB ZHR,Lebanon,,33.533333,35.316667,seaport,[]
5110,Port Inland,,United States,,45.966667,-85.866667,seaport,[]
3170,Oswego,US OSW,United States,,43.466667,-76.516667,seaport,[]
47050,Zanzibar,TZ ZNZ,Tanzania,,-6.166667,39.183333,seaport,[]
46170,Warri,NG WAR,Nigeria,,5.516667,5.733333,seaport,[]
9060,Sabine Pass,US NSS,United States,,29.733333,-93.9,seaport,[]
16290,Princetown,,United States,,37.5,-122.483333,seaport,[]
8610,Palm Beach,US PAB,United States,,26.766667,-80.05,seaport,[]
4600,Petoskey,US PET,United States,,45.366667,-84.966667,seaport,[]
16320,Redwood City,US RWC,United States,,37.533333,-122.2,seaport,[]
8470,Wilmington,US ILM,United States,,34.233333,-77.95,seaport,[]
2710,Rockport,CA GNN,Canada,,44.383333,-75.933333,seaport,[]
8590,St Augustine,US UST,United States,,29.9,-81.316667,seaport,[]
9050,Sabine,US SAB,United States,,29.716667,-93.866667,seaport,[]
45296,Ras   Lanuf,LY RLA,Libya,,30.516667,18.566667,seaport,[]
8830,Port Sulphur,US SUL,United States,,29.483333,-89.683333,seaport,[]
44850,Tasucu,TR TAS,Turkey,,36.316667,33.883333,seaport,[]
8460,Wrightsville,US WGC,United States,,34.216667,-77.816667,seaport,[]
4930,Sturgeon Bay,US SUE,United States,,44.833333,-87.383333,seaport,[]
8440,Swansboro,,United States,,34.683333,-77.133333,seaport,[]
61967,Shingu,JP SHN,Japan,,33.666667,135.983333,seaport,[]
61515,Owase Ko,JP OWA,Japan,,34.066667,136.216667,seaport,[]
54140,Portland,AU PTJ,Australia,,-38.333333,141.6,seaport,[]
10160,Puerto Padre,CU PPA,Cuba,,21.283333,-76.533333,seaport,[]
8245,Piney Point,US PYP,United States,,38.133333,-76.533333,seaport,[]
8227,Solomons Island,US OMU,United States,,38.316667,-76.45,seaport,[]
58590,Port Romblon,PH ROM,Philippines,,12.583333,122.266667,seaport,[]
52270,Raha Roadstead,ID RAQ,Indonesia,,-4.85,122.733333,seaport,[]
48120,Yanbu,SA YBI,Saudi Arabia,,24.083333,38.05,seaport,[]
48348,Ras Al Mishab,SA RAM,Saudi Arabia,,28.116667,48.633333,seaport,[]
8230,Washington D.C.,US WAS,United States,,38.866667,-77.033333,seaport,[]
48152,Salif,YE SAL,Yemen,,15.3,42.666667,seaport,[]
8190,Salisbury,US SBY,United States,,38.366667,-75.6,seaport,[]
40360,Pantelleria,IT PNL,Italy,,36.838,11.942,seaport,[]
54540,Geraldton,AU GET,Australia,,-28.783333,114.6,seaport,[]
62497,Nishihara,JP NHR,Japan,,26.216667,127.8,seaport,[]
45027,Selaata,LB,Lebanon,,34.283333333,35.655,seaport,[]
48268,Mubarraz Oil Terminal,AE MBS,United Arab Emirates,,24.433333,53.516667,seaport,[]
48290,Doha,QA DOH,Qatar,,25.283333,51.533333,seaport,[]
48265,Fateh Oil Terminal,AE FAT,United Arab Emirates,,25.583333,54.416667,seaport,[]
48298,Al Shaheen Terminal,QA ASN,Qatar,,26.583333,52.0,seaport,[]
48282,Jabal Az Zannah/ruways,AE JED,United Arab Emirates,,24.2,52.7,seaport,[]
48295,Jazirat Halul,QA HAL,Qatar,,25.683333,52.416667,seaport,[]
48279,Umm An Nar,AE ULR,United Arab Emirates,,24.45,54.483333,seaport,[]
48287,Umm Said,QA UMS,Qatar,,24.916667,51.566667,seaport,[]
48297,Ras Laffan,QA RLF,Qatar,,25.916667,51.583333,seaport,[]
48278,Abu Zaby,AE AUH,United Arab Emirates,,24.5,54.333333,seaport,[]
48277,Jazirat Das,AE DAS,United Arab Emirates,,25.15,52.866667,seaport,[]
51680,Victoria,,Malaysia,,5.283333,115.233333,seaport,[]
51440,Dili,TL DIL,Timor-Leste,,-8.533333,125.583333,seaport,[]
58390,Mariveles,PH MVS,Philippines,,14.433333,120.483333,seaport,[]
59270,Puerto Princesa,PH PPS,Philippines,,9.733333,118.733333,seaport,[]
51690,Kota Kinabalu,MY BKI,Malaysia,,5.983333,116.066667,seaport,[]
59500,Polloc (Cotabato),PH PLC,Philippines,,7.35,124.216667,seaport,[]
58320,Batangas City,PH BTG,Philippines,,13.75,121.05,seaport,[]
49970,Melaka,MY MEA,Malaysia,,2.2,102.25,seaport,[]
49960,Port Dickson,MY PDI,Malaysia,,2.533333,101.783333,seaport,[]
46454,M'bya Oil Terminal,GA MBY,Gabon,,-3.883333,10.933333,seaport,[]
46451,Etame Terminal,GA ETA,Gabon,,-3.75,10.516667,seaport,[]
46330,Luba,GQ LUB,Equatorial Guinea,,3.5,8.566667,seaport,[]
15110,Pimentel,PE PMT,Peru,,-6.833333,-79.933333,seaport,[]
55060,Auckland,NZ AKL,New Zealand,,-36.85,174.766667,seaport,[]
55300,Picton,NZ PCN,New Zealand,,-41.283333,174.016667,seaport,[]
50450,Teluk Bayur,ID TBR,Indonesia,,-1.0,100.366667,seaport,[]
55150,Wellington,NZ WLG,New Zealand,,-41.283333,174.783333,seaport,[]
55270,Collingwood,,New Zealand,,-40.683333,172.666667,seaport,[]
46335,Ceiba Terminal,,Equatorial Guinea,,1.416667,9.233333,seaport,[]
46690,Jamestown,SH SHN,"Saint Helena, Ascension, and Tristan da Cunha",,-15.916667,-5.716667,seaport,[]
46580,Sumbe,AO NDD,Angola,,-11.2,13.833333,seaport,[]
46440,Port Gentil,GA POG,Gabon,,-0.7,8.8,seaport,[]
46485,Takula Terminal,AO TAK,Angola,,-5.216667,11.783333,seaport,[]
46670,Georgetown,SH ASI,"Saint Helena, Ascension, and Tristan da Cunha",,-7.933333,-14.416667,seaport,[]
46560,Luanda,AO LAD,Angola,,-8.8,13.25,seaport,[]
46487,Malongo Oil Terminal,AO MAL,Angola,,-5.433333,12.083333,seaport,[]
46650,Luderitz Bay,NA LUD,Namibia,,-26.65,15.15,seaport,[]
12740,Porto De Suape,BR SUA,Brazil,,-8.4,-34.966667,seaport,[]
55275,Tarakohe,NZ TKH,New Zealand,,-40.85,172.9,seaport,[]
12380,Linden,GY LDN,Guyana,,6.0,-58.3,seaport,[]
46340,Cogo,GC COG,Equatorial Guinea,,1.083333,9.7,seaport,[]
46610,Namibe,AO MSZ,Angola,,-15.2,12.15,seaport,[]
46545,Soyo Angola Lng Terminal,AO SZA,Angola,,-6.116667,12.333333,seaport,[]
46770,Cape Town,ZA CPT,South Africa,,-33.916667,18.416667,seaport,[]
12650,Porto De Mucuripe,,Brazil,,-3.716667,-38.483333,seaport,[]
46446,Oguendjo Terminal,GA OGU,Gabon,,-1.466667,8.916667,seaport,[]
46435,Port Owendo,GA OWE,Gabon,,0.283333,9.5,seaport,[]
46510,Banana,CD BNW,Congo (Kinshasa),,-5.983333,12.383333,seaport,[]
12410,Paramaribo,SR PBM,Suriname,,5.833333,-55.166667,seaport,[]
46430,Libreville,GA LBV,Gabon,,0.383333,9.45,seaport,[]
12630,Camocim,BR CMC,Brazil,,-2.9,-40.833333,seaport,[]
39210,Cagliari,IT CAG,Italy,,39.19,9.102,seaport,[]
55290,Nelson,NZ NSN,New Zealand,,-41.266667,173.266667,seaport,[]
46550,Porto Do Ambriz,AO AZZ,Angola,,-7.833333,13.1,seaport,[]
12405,Nieuw Nickerie,SR ICK,Suriname,,5.95,-57.0,seaport,[]
46590,Lobito,AO LOB,Angola,,-12.333333,13.566667,seaport,[]
46452,Olowi Marine Terminal,,Gabon,,-3.133333,10.216667,seaport,[]
12390,New Amsterdam,GY NAM,Guyana,,6.25,-57.516667,seaport,[]
55450,Westport,NZ WSZ,New Zealand,,-41.75,171.6,seaport,[]
46488,Kuito Oil Field,AO KOT,Angola,,-5.466667,11.5,seaport,[]
46305,Bata,GQ BSG,Equatorial Guinea,,1.866667,9.766667,seaport,[]
46490,Cabinda,AO CAB,Angola,,-5.533333,12.2,seaport,[]
46453,Gamba Oil Terminal,GA GAX,Gabon,,-2.833333,10.0,seaport,[]
46472,Djeno Terminal,CG DJE,Congo (Brazzaville),,-4.933333,11.9,seaport,[]
46460,Yombo Terminal,CG YOM,Congo (Brazzaville),,-4.45,11.1,seaport,[]
46750,Saldanha Bay,ZA SDB,South Africa,,-33.033333,17.966667,seaport,[]
46445,Cap Lopez,GA CLZ,Gabon,,-0.633333,8.716667,seaport,[]
46459,Dussafu Terminal,,Congo (Brazzaville),,-4.25,10.816667,seaport,[]
12370,Georgetown,GY GEO,Guyana,,6.833333,-58.166667,seaport,[]
46306,Punta Europa Terminal,GQ PET,Equatorial Guinea,,3.783333,8.716667,seaport,[]
46640,Walvis Bay,NA WVB,Namibia,,-22.95,14.5,seaport,[]
46473,N'kossa Terminal,CG NKO,Congo (Brazzaville),,-5.266667,11.566667,seaport,[]
46380,Sao Tome,ST TMS,Sao Tome and Principe,,0.35,6.733333,seaport,[]
46320,Malabo,GQ SSG,Equatorial Guinea,,3.75,8.783333,seaport,[]
46543,Kizomba C Terminal,,Angola,,-6.316667,11.283333,seaport,[]
12415,Paranam,SR PRM,Suriname,,5.616667,-55.1,seaport,[]
46495,Futila Terminal,AO FLT,Angola,,-5.45,12.183333,seaport,[]
12661,Guamare Oil Terminal,BR GUA,Brazil,,-4.866667,-36.283333,seaport,[]
46547,Palanca Terminal,AO PAT,Angola,,-6.95,12.4,seaport,[]
12730,Recife,BR REC,Brazil,,-8.05,-34.866667,seaport,[]
46470,Pointe Noire,CG PNR,Congo (Brazzaville),,-4.783333,11.833333,seaport,[]
46570,Porto Amboim,AO PBN,Angola,,-10.733333,13.75,seaport,[]
57700,Hon Gai,VN HON,Vietnam,,20.95,107.066667,seaport,[]
57710,Cam Pha,VN CPH,Vietnam,,21.033333,107.366667,seaport,[]
57680,Hai Phong,VN HPH,Vietnam,,20.916667,106.683333,seaport,[]
57745,Fang-Cheng,CN FAN,China,,21.75,108.35,seaport,[]
57650,Da Nang,VN DAD,Vietnam,,16.1,108.216667,seaport,[]
57660,Nghe Tinh,VN NGT,Vietnam,,18.766667,105.766667,seaport,[]
15330,Esmeraldas,EC ESM,Ecuador,,1.0,-79.65,seaport,[]
15310,Manta,EC MEC,Ecuador,,-0.95,-80.716667,seaport,[]
15290,La Libertad,EC LLD,Ecuador,,-2.216667,-80.916667,seaport,[]
15210,Puerto Cabo Blanco,PE CAB,Peru,,-4.25,-81.233333,seaport,[]
15250,Puerto Bolivar,EC PBO,Ecuador,,-3.266667,-80.0,seaport,[]
14500,Bahia De Valparaiso,CL VAP,Chile,,-33.033333,-71.616667,seaport,[]
14510,Bahia Quintero (Ventanas),CL QTV,Chile,,-32.766667,-71.533333,seaport,[]
60800,Bukhta Vanino,RU VNN,Russia,,49.083333,140.283333,seaport,[]
15270,Guayaquil,EC GYE,Ecuador,,-2.2,-79.883333,seaport,[]
59930,Haimen,CN HME,China,,28.683333,121.45,seaport,[]
59960,Zhoushan,CN ZOS,China,,30.0,122.1,seaport,[]
60795,Sovetskaya Gavan,RU SOG,Russia,,48.973611111,140.268055556,seaport,[]
15170,Paita,PE PAI,Peru,,-5.083333,-81.116667,seaport,[]
15200,Caleta Lobitos,PE LOB,Peru,,-4.45,-81.283333,seaport,[]
15190,Talara,PE TYL,Peru,,-4.583333,-81.283333,seaport,[]
14470,Puerto San Antonio,CL SAI,Chile,,-33.583333,-71.616667,seaport,[]
60380,Masan,KR MAS,South Korea,,35.183333,128.566667,seaport,[]
61045,Lazarev,RU LAZ,Russia,,52.216667,141.516667,seaport,[]
60390,Busan,KR PUS,South Korea,,35.1,129.033333,seaport,[]
60810,De Kastri,RU DKA,Russia,,51.466667,140.783333,seaport,[]
14340,Bahia De Valdivia,CL ZAL,Chile,,-39.8,-73.25,seaport,[]
14330,Puerto De Corral,CL CRR,Chile,,-39.866667,-73.433333,seaport,[]
36280,Lezardrieux,FR LZD,France,,48.790299727,-3.098863445,seaport,[]
60500,Ch'ongjin,KP CHO,North Korea,,41.766667,129.816667,seaport,[]
59385,Mangagoy,PH MGG,Philippines,,8.233333,126.316667,seaport,[]
56280,Honolulu,US HNL,United States,,21.3,-157.866667,seaport,[]
56272,Barber's Point,US NAX,United States,,21.316667,-158.116667,seaport,[]
56260,Kaunakakai,US KUA,United States,,21.083333,-157.033333,seaport,[]
56200,Lahaina,US LHN,United States,,20.866667,-156.666667,seaport,[]
56180,Kahului,US OGG,United States,,20.9,-156.466667,seaport,[]
56150,Kiholo,,United States,,19.866667,-155.95,seaport,[]
56120,Kauhako Bay,,United States,,19.383333,-155.9,seaport,[]
56110,Milolii,,United States,,19.183333,-155.9,seaport,[]
56100,Honuapo,,United States,,19.083333,-155.55,seaport,[]
30680,Husum,DE HUS,Germany,,54.483333,9.05,seaport,[]
56090,Hilo,US ITO,United States,,19.733333,-155.066667,seaport,[]
56070,Honokaa,,United States,,20.1,-155.466667,seaport,[]
55740,Avatiu,CK AVA,Cook Islands,,-21.2,-159.783333,seaport,[]
55695,Alofi,NU ALO,Niue,,-19.033333,-169.933333,seaport,[]
55670,Apia,WS APW,Samoa,,-13.816667,-171.766667,seaport,[]
55440,Greymouth,NZ GMN,New Zealand,,-42.433333,171.216667,seaport,[]
55400,Bluff Harbor,NZ BLU,New Zealand,,-46.6,168.333333,seaport,[]
55210,New Plymouth,NZ NPL,New Zealand,,-39.066667,174.033333,seaport,[]
54880,Burnie,AU BWT,Australia,,-41.05,145.95,seaport,[]
54675,Gove,AU GOV,Australia,,-12.2,136.7,seaport,[]
54450,Esperance,AU EPR,Australia,,-33.866667,121.9,seaport,[]
53460,Bundaberg,AU BDB,Australia,,-24.866667,152.35,seaport,[]
53360,Mourilyan Harbour,AU MOU,Australia,,-17.6,146.133333,seaport,[]
53340,Cairns,AU CNS,Australia,,-16.916667,145.783333,seaport,[]
52720,Ambon,ID AMQ,Indonesia,,-3.683333,128.166667,seaport,[]
52235,Mangkasa Oil Terminal,,Indonesia,,-2.733333,121.066667,seaport,[]
52065,Bitung,ID BIT,Indonesia,,1.433333,125.183333,seaport,[]
47980,Safaja,EG SGA,Egypt,,26.733333,33.95,seaport,[]
47970,Al Qusayr,EG AQU,Egypt,,26.1,34.283333,seaport,[]
17080,Hoquiam,US HQM,United States,,46.966667,-123.9,seaport,[]
57320,Noumea,NC NOU,New Caledonia,,-22.283333,166.433333,seaport,[]
57245,Forari Bay,,Vanuatu,,-17.683333,168.55,seaport,[]
57120,Honiara,SB HIR,Solomon Islands,,-9.416667,159.95,seaport,[]
56970,Gizo Harbor,SB GZO,Solomon Islands,,-8.1,156.85,seaport,[]
56820,Kokopo,,Papua New Guinea,,-4.333333,152.266667,seaport,[]
56710,Longan Island,,Papua New Guinea,,-1.216667,144.3,seaport,[]
56660,Malakal Harbor,,Palau,,7.333333,134.45,seaport,[]
56630,Colonia,,Federated States of Micronesia,,9.516667,138.133333,seaport,[]
56600,Moen,,Federated States of Micronesia,,7.433333,151.833333,seaport,[]
56570,Lele Harbor,,Federated States of Micronesia,,5.333333,163.033333,seaport,[]
56550,Apra Harbor,GU APR,Guam,,13.45,144.616667,seaport,[]
56500,Nauru,NR INU,Nauru,,-0.533333,166.916667,seaport,[]
56328,Midway Island,,Midway Islands,,28.183333,-177.366667,seaport,[]
56325,Johnston Atoll,,Johnson Atoll,,16.75,-169.516667,seaport,[]
46530,Matadi,CD MAT,Congo (Kinshasa),,-5.816667,13.45,seaport,[]
46520,Boma,CD BOA,Congo (Kinshasa),,-5.85,13.05,seaport,[]
45320,Misratah,LY MIS,Libya,,32.366667,15.216667,seaport,[]
44610,Derince Burnu,TR DRC,Turkey,,40.75,29.816667,seaport,[]
44540,Haydarpasa,TR HAY,Turkey,,41.0,29.016667,seaport,[]
44410,Giresun,TR GIR,Turkey,,40.933333,38.4,seaport,[]
50910,Flying Fish Cove,CX FFC,Christmas Island,,-10.416667,105.7,seaport,[]
44200,Novorossiysk,RU NVS,Russia,,44.716667,37.783333,seaport,[]
44080,Azov,RU AZO,Russia,,47.1,39.433333,seaport,[]
44010,Mariupol,UA MPW,Ukraine,,47.083333,37.566667,seaport,[]
44000,Berdyansk,UA ERD,Ukraine,,46.75,36.783333,seaport,[]
43900,Kerch,UA KEH,Ukraine,,45.35,36.483333,seaport,[]
43850,Feodosiya,UA FEO,Ukraine,,45.016667,35.433333,seaport,[]
43680,Kherson,UA KHE,Ukraine,,46.616667,32.6,seaport,[]
43650,Odesa,UA ODS,Ukraine,,46.483333,30.733333,seaport,[]
43645,Illichivsk,UA ILK,Ukraine,,46.3,30.65,seaport,[]
43560,Constanta,RO CND,Romania,,44.166667,28.65,seaport,[]
43550,Mangalia,RO MAG,Romania,,43.816667,28.583333,seaport,[]
43420,Istanbul,TR IST,Turkey,,41.016667,28.966667,seaport,[]
43600,Galati,RO GAL,Romania,,45.416667,28.083333,seaport,[]
43590,Braila,RO BRA,Romania,,45.25,27.983333,seaport,[]
33090,Mallaig,GB MLG,United Kingdom,,57.0,-5.816667,seaport,[]
32955,Lochmaddy,GB LMA,United Kingdom,,57.6,-7.166667,seaport,[]
32750,Klaksvik,FO KVI,Faroe Islands,,62.233333,-6.583333,seaport,[]
32600,Lerwick,GB LER,United Kingdom,,60.167,-1.15,seaport,[]
32320,Burghead,GB BUH,United Kingdom,,57.7,-3.5,seaport,[]
32290,Buckie Harbor,GB BUC,United Kingdom,,57.683333,-2.966667,seaport,[]
32240,Fraserburgh Harbor,GB FRB,United Kingdom,,57.683333,-2.0,seaport,[]
32220,Aberdeen,GB ABD,United Kingdom,,57.15,-2.083333,seaport,[]
32200,Montrose,GB MON,United Kingdom,,56.7,-2.466667,seaport,[]
32170,Dundee,GB DUN,United Kingdom,,56.466667,-2.95,seaport,[]
32010,Grangemouth,GB GRG,United Kingdom,,56.016667,-3.716667,seaport,[]
31930,Leith,GB LEI,United Kingdom,,55.983333,-3.183333,seaport,[]
31860,Berwick-Upon-Tweed,GB BWK,United Kingdom,,55.766667,-2.0,seaport,[]
31820,Blyth,GB BLY,United Kingdom,,55.116667,-1.5,seaport,[]
31680,Bridlington,GB BRT,United Kingdom,,54.083333,-0.183333,seaport,[]
31670,Goole,GB GOO,United Kingdom,,53.7,-0.833333,seaport,[]
31660,Kingston Upon Hull,GB HUL,United Kingdom,,53.75,-0.283333,seaport,[]
31650,Immingham,GB IMM,United Kingdom,,53.633333,-0.2,seaport,[]
31640,Grimsby,GB GSY,United Kingdom,,53.583333,-0.0666669999999,seaport,[]
31610,King's Lynn,GB KLN,United Kingdom,,52.75,0.4,seaport,[]
31580,Great Yarmouth,GB GTY,United Kingdom,,52.616667,1.733333,seaport,[]
31570,Lowestoft,GB LOW,United Kingdom,,52.483333,1.75,seaport,[]
31560,Felixstowe,GB FXT,United Kingdom,,51.95,1.316667,seaport,[]
31550,Ipswich,GB IPS,United Kingdom,,52.05,1.166667,seaport,[]
31530,Harwich,GB HRW,United Kingdom,,51.95,1.283333,seaport,[]
31420,Gravesend,GB GVS,United Kingdom,,51.45,0.366667,seaport,[]
31310,Oostende,BE OST,Belgium,,51.233333,2.916667,seaport,[]
31290,Bruges,BE BGS,Belgium,,51.233333,3.216667,seaport,[]
31270,Ghent,BE GNE,Belgium,,51.066667,3.733333,seaport,[]
31260,Bruxelles,BE BRU,Belgium,,50.866667,4.35,seaport,[]
31250,Antwerpen,BE ANR,Belgium,,51.216667,4.4,seaport,[]
31150,Dordrecht,NL DOR,Netherlands,,51.816667,4.65,seaport,[]
31060,Amsterdam,NL AMS,Netherlands,,52.366667,4.9,seaport,[]
31040,Ijmuiden,NL IJM,Netherlands,,52.466667,4.583333,seaport,[]
31010,Harlingen,NL HAR,Netherlands,,53.183333,5.416667,seaport,[]
30990,Delfzijl,NL DZL,Netherlands,,53.333333,6.933333,seaport,[]
30950,Emden,DE EME,Germany,,53.333333,7.183333,seaport,[]
30900,Bremen,DE BRE,Germany,,53.133333,8.766667,seaport,[]
30840,Nordenham,DE NHA,Germany,,53.483333,8.483333,seaport,[]
30810,Bremerhaven,DE BRV,Germany,,53.533333,8.583333,seaport,[]
30800,Cuxhaven,DE CUX,Germany,,53.866667,8.716667,seaport,[]
30780,Hamburg,DE HAM,Germany,,53.55,9.933333,seaport,[]
30725,Itzehoe,DE ITZ,Germany,,53.916667,9.516667,seaport,[]
30260,Arhus,DK AAR,Denmark,,56.15,10.216667,seaport,[]
29880,Odense,DK ODE,Denmark,,55.416667,10.383333,seaport,[]
29670,Bandholm,DK BDX,Denmark,,54.833333,11.5,seaport,[]
29490,Kalundborg,DK KAL,Denmark,,55.683333,11.1,seaport,[]
29350,Helsingor,DK HLS,Denmark,,56.033333,12.616667,seaport,[]
29005,Flensburg,DE FLF,Germany,,54.8,9.433333,seaport,[]
27280,Karlsborg,SE KXV,Sweden,,65.8,23.283333,seaport,[]
27220,Lulea,SE LLA,Sweden,,65.583333,22.166667,seaport,[]
25590,Gavle,SE GVX,Sweden,,60.683333,17.166667,seaport,[]
25330,Nynashamn,SE NYN,Sweden,,58.9,17.966667,seaport,[]
25290,Nykoping,SE NYO,Sweden,,58.75,17.016667,seaport,[]
24570,Kalmar,SE KLR,Sweden,,56.666667,16.366667,seaport,[]
24460,Karlskrona,SE KAA,Sweden,,56.166667,15.6,seaport,[]
24370,Karlshamn,SE KAN,Sweden,,56.152777778,14.869166667,seaport,[]
24220,Limhamn,SE LIM,Sweden,,55.591111111,12.918333333,seaport,[]
24210,Malmo,SE MMA,Sweden,,55.623333333,12.984722222,seaport,[]
24180,Landskrona,SE LAA,Sweden,,55.859722222,12.826666667,seaport,[]
24120,Helsingborg,SE HEL,Sweden,,56.035277778,12.687777778,seaport,[]
24040,Falkenberg,SE FAG,Sweden,,56.881666667,12.466111111,seaport,[]
24020,Goteborg,SE GOT,Sweden,,57.709722222,11.954722222,seaport,[]
23840,Fredrikstad,NO FRK,Norway,,59.179166667,10.952777778,seaport,[]
23830,Moss,NO MSS,Norway,,59.440555556,10.655277778,seaport,[]
7380,Newport,US NPT,United States,,41.5,-71.333333,seaport,[]
7340,Edgartown,US ETW,United States,,41.383333,-70.5,seaport,[]
7320,Falmouth,US FMH,United States,,41.55,-70.616667,seaport,[]
37190,Bordeaux,FR BOD,France,,44.866667,-0.566667,seaport,[]
35810,Dieppe,FR DPE,France,,49.933333,1.083333,seaport,[]
35750,Calais,FR CQF,France,,50.966667,1.85,seaport,[]
35740,Gravelines,FR GRV,France,,51.0,2.116667,seaport,[]
35732,Dunkerque Port Ouest,FR DKK,France,,51.066667,2.35,seaport,[]
35710,Dover Harbor,GB DVR,United Kingdom,,51.116667,1.333333,seaport,[]
35650,Newhaven Harbour,GB NHV,United Kingdom,,50.783333,0.0500000000001,seaport,[]
35610,Littlehampton Harbour,GB LIT,United Kingdom,,50.783333,-0.533333,seaport,[]
35550,Cowes Harbour,GB COW,United Kingdom,,50.766667,-1.3,seaport,[]
35400,Brixham Harbour,GB BRX,United Kingdom,,50.4,-3.516667,seaport,[]
35390,Dartmouth Harbour,GB DTM,United Kingdom,,50.35,-3.616667,seaport,[]
35340,Fowey Harbour,GB FOY,United Kingdom,,50.333333,-4.633333,seaport,[]
35290,Falmouth Harbour,GB FAL,United Kingdom,,50.15,-5.066667,seaport,[]
35200,Hayle,GB HAY,United Kingdom,,50.183333,-5.416667,seaport,[]
35150,Bideford,GB BID,United Kingdom,,51.033333,-4.2,seaport,[]
35070,Bristol,GB BRS,United Kingdom,,51.466667,-2.633333,seaport,[]
35060,Avonmouth,GB AVO,United Kingdom,,51.5,-2.716667,seaport,[]
35010,Cardiff,GB CDF,United Kingdom,,51.45,-3.166667,seaport,[]
34990,Barry,GB BAD,United Kingdom,,51.4,-3.266667,seaport,[]
34880,Milford Haven,GB MLF,United Kingdom,,51.716667,-5.033333,seaport,[]
34700,Manchester,GB MNC,United Kingdom,,53.483333,-2.266667,seaport,[]
34690,Liverpool,GB LIV,United Kingdom,,53.416667,-3.0,seaport,[]
34660,Fleetwood,GB FLE,United Kingdom,,53.916667,-3.016667,seaport,[]
34630,Barrow In Furness,GB BIF,United Kingdom,,54.116667,-3.233333,seaport,[]
34160,Fenit,IE FEN,Ireland,,52.266667,-9.866667,seaport,[]
34060,Galway,IE GWY,Ireland,,53.266667,-9.05,seaport,[]
33930,Killybegs,IE KBS,Ireland,,54.633333,-8.45,seaport,[]
33830,Londonderry,GB LDY,United Kingdom,,55.0,-7.316667,seaport,[]
33690,Ardglass,GB AGL,United Kingdom,,54.266667,-5.616667,seaport,[]
33610,Douglas,IM DGS,Isle of Man,,54.15,-4.466667,seaport,[]
33560,Ayr,GB AYR,United Kingdom,,55.466667,-4.633333,seaport,[]
33520,Millport,GB MLP,United Kingdom,,55.75,-4.916667,seaport,[]
33490,Glasgow,GB GLW,United Kingdom,,55.866667,-4.283333,seaport,[]
33340,Ardrishaig,GB ASG,United Kingdom,,56.016667,-5.45,seaport,[]
33300,Campbeltown,GB CBT,United Kingdom,,55.433333,-5.6,seaport,[]
6900,Bangor,US BGR,United States,,44.8,-68.766667,seaport,[]
6640,Jonesport,US JON,United States,,44.533333,-67.616667,seaport,[]
6610,Lubec,US LB2,United States,,44.866667,-66.983333,seaport,[]
6410,Liverpool (Brooklyn),CA BKN,Canada,,44.033333,-64.65,seaport,[]
6340,Halifax,CA HAL,Canada,,44.65,-63.583333,seaport,[]
5980,Little Bras D Or,,Canada,,46.25,-60.3,seaport,[]
23750,Horten,NO HOR,Norway,,59.416667,10.5,seaport,[]
23700,Larvik,NO LAR,Norway,,59.038055556,10.031111111,seaport,[]
23660,Brevik,NO BVK,Norway,,59.066667,9.7,seaport,[]
23640,Kragero,NO KRA,Norway,,58.863611111,9.413055556,seaport,[]
19820,Kodiak,US ADQ,United States,,57.783333,-152.4,seaport,[]
19800,Anchorage,US ANC,United States,,61.216667,-149.9,seaport,[]
19795,Nikiski,US NIK,United States,,60.683333,-151.4,seaport,[]
19781,Homer,US HOM,United States,,59.6,-151.416667,seaport,[]
19640,Cordova,US CDV,United States,,60.55,-145.766667,seaport,[]
19610,Excursion Inlet,US EXI,United States,,58.416667,-135.45,seaport,[]
19588,Haines,US HNS,United States,,59.233333,-135.433333,seaport,[]
19580,Juneau,US JNU,United States,,58.3,-134.416667,seaport,[]
19530,Funter,US FNR,United States,,58.25,-134.9,seaport,[]
19520,Hawk Inlet,US HWI,United States,,58.116667,-134.75,seaport,[]
19480,Chatham,US CYM,United States,,57.516667,-134.933333,seaport,[]
19460,Hoonah,US HNH,United States,,58.116667,-135.45,seaport,[]
19240,Hydaburg,US HYG,United States,,55.2,-132.833333,seaport,[]
19220,Kasaan,US KXA,United States,,55.533333,-132.4,seaport,[]
19160,Knudson Cove,,United States,,55.466667,-131.8,seaport,[]
19110,Metlakatla,US MTM,United States,,55.133333,-131.566667,seaport,[]
19000,Masset Harbor,CA MSS,Canada,,54.016667,-132.15,seaport,[]
18923,Kemano Bay,,Canada,,53.483333,-128.133333,seaport,[]
18835,Coal Harbor,CA CAU,Canada,,50.6,-127.583333,seaport,[]
18460,Comox Harbor,CA COX,Canada,,49.666667,-124.916667,seaport,[]
18110,Fraser Mills,CA FRR,Canada,,49.224147222,-122.855966667,seaport,[]
18100,New Westminster,CA NWE,Canada,,49.2,-122.916667,seaport,[]
18055,Cherry Point,US CP4,United States,,48.866667,-122.75,seaport,[]
18050,Bellingham,US BLI,United States,,48.75,-122.5,seaport,[]
18040,Anacortes,US OTS,United States,,48.516667,-122.616667,seaport,[]
17920,Friday Harbor,US FRD,United States,,48.533333,-123.016667,seaport,[]
17790,Everett,US PAE,United States,,48.0,-122.216667,seaport,[]
17780,Mukilteo,US MKI,United States,,47.95,-122.3,seaport,[]
17760,Edwards Point,,United States,,47.8,-122.4,seaport,[]
28930,Kiel,DE KEL,Germany,,54.316667,10.133333,seaport,[]
28890,Lubeck,DE LBC,Germany,,53.883333,10.7,seaport,[]
28880,Lubeck-Travemunde,DE TRV,Germany,,53.966667,10.883333,seaport,[]
28740,Gdynia,PL GDY,Poland,,54.533333,18.55,seaport,[]
28720,Nowy Port,PL NWA,Poland,,54.416667,18.666667,seaport,[]
28710,Gdansk,PL GDN,Poland,,54.35,18.666667,seaport,[]
28690,Kaliningrad,RU KGD,Russia,,54.7,20.483333,seaport,[]
28660,Klaipeda,LT KLJ,Lithuania,,55.716667,21.116667,seaport,[]
28240,Hamina,FI HMN,Finland,,60.566667,27.2,seaport,[]
27750,Mantyluoto,FI MTY,Finland,,61.6,21.483333333,seaport,[]
27580,Nykarleby,FI UKP,Finland,,63.516667,22.533333,seaport,[]
17660,Olympia,US OLM,United States,,47.05,-122.9,seaport,[]
17430,Bremerton,US PWT,United States,,47.566667,-122.65,seaport,[]
17100,Neah Bay,US NEB,United States,,48.366667,-124.616667,seaport,[]
17090,La Push,,United States,,47.9,-124.633333,seaport,[]
17060,Aberdeen,US GHR,United States,,46.983333,-123.816667,seaport,[]
17000,Nahcotta,,United States,,46.5,-124.033333,seaport,[]
16900,Longview,US LOG,United States,,46.133333,-122.933333,seaport,[]
16850,Astoria,US AST,United States,,46.2,-123.833333,seaport,[]
16820,Newport,US NPO,United States,,44.633333,-124.05,seaport,[]
16720,Bandon,US BDY,United States,,43.116667,-124.416667,seaport,[]
16700,Crescent City,US CEC,United States,,41.75,-124.2,seaport,[]
16670,Eureka,US EKA,United States,,40.8,-124.183333,seaport,[]
16660,Fields Landing,US F5L,United States,,40.716667,-124.216667,seaport,[]
14660,Antofagasta,CL ANF,Chile,,-23.65,-70.416667,seaport,[]
14570,Coquimbo,CL CQQ,Chile,,-29.95,-71.333333,seaport,[]
14425,Lirquen,CL LQN,Chile,,-36.716667,-72.983333,seaport,[]
14415,Bahia San Vicente,CL SVE,Chile,,-36.733333,-73.166667,seaport,[]
13815,Bahia Blanca,AR BHI,Argentina,,-38.783333,-62.266667,seaport,[]
13780,Mar Del Plata,AR MDQ,Argentina,,-38.033333,-57.533333,seaport,[]
13770,La Plata,AR LPG,Argentina,,-34.833333,-57.883333,seaport,[]
13760,Buenos Aires,AR BUE,Argentina,,-34.6,-58.366667,seaport,[]
13150,Nueva Palmira,UY NVP,Uruguay,,-33.883333,-58.416667,seaport,[]
13040,Imbituba,BR IBB,Brazil,,-28.233333,-48.666667,seaport,[]
12940,Angra Dos Reis,BR ADR,Brazil,,-23.016667,-44.316667,seaport,[]
21610,Harstad,NO HRD,Norway,,68.8,16.55,seaport,[]
5750,Charlottetown,CA CHA,Canada,,46.233333,-63.133333,seaport,[]
5740,Georgetown,CA GEO,Canada,,46.183333,-62.533333,seaport,[]
5480,Grand Marais,US GRM,United States,,47.75,-90.333333,seaport,[]
5460,Duluth,US DLH,United States,,46.766667,-92.1,seaport,[]
5410,Bayfield,US BFI,United States,,46.8,-90.816667,seaport,[]
5390,Ashland,US ASX,United States,,46.6,-90.866667,seaport,[]
5280,Marquette,US MQT,United States,,46.533333,-87.383333,seaport,[]
5260,Grand Marais,,United States,,46.683333,-85.966667,seaport,[]
5160,Michipicoten,CA MIH,Canada,,47.966667,-84.9,seaport,[]
4960,Kaukauna,US KAU,United States,,44.283333,-88.266667,seaport,[]
4950,Depere,,United States,,44.45,-88.066667,seaport,[]
4890,Manitowoc,US MTW,United States,,44.092222222,-87.648333333,seaport,[]
4860,Milwaukee,US MKE,United States,,43.033333,-87.883333,seaport,[]
4840,Kenosha,US ENW,United States,,42.583333,-87.816667,seaport,[]
4800,Chicago,US CHI,United States,,41.883333,-87.6,seaport,[]
4790,Calumet Harbor,US CAY,United States,,41.733333,-87.516667,seaport,[]
4780,Indiana Harbor,US ECH,United States,,41.666667,-87.433333,seaport,[]
4760,Gary,US GYY,United States,,41.616667,-87.333333,seaport,[]
4750,Michigan City,US MGC,United States,,41.733333,-86.9,seaport,[]
4710,Holland,US HLM,United States,,42.783333,-86.133333,seaport,[]
4700,Grand Haven,US GHN,United States,,43.066667,-86.233333,seaport,[]
4690,Muskegon,US MKG,United States,,43.233333,-86.266667,seaport,[]
4670,Ludington,US LDM,United States,,43.95,-86.45,seaport,[]
4650,Manistee,US MBL,United States,,44.25,-86.316667,seaport,[]
4510,Cheboygan,US SHG,United States,,45.65,-84.466667,seaport,[]
20940,Bredvik,,Norway,,70.583333,22.133333,seaport,[]
20695,Batsfjorden,NO BJF,Norway,,70.634722222,29.737222222,seaport,[]
20650,Kirkenes,NO KKN,Norway,,69.729722222,30.068888889,seaport,[]
20480,Barrow,US BRW,United States,,71.283333,-156.783333,seaport,[]
20430,Deering,US DRG,United States,,66.083333,-162.733333,seaport,[]
20400,Nome,US OME,United States,,64.5,-165.416667,seaport,[]
20290,Clarks Point,US CLP,United States,,58.85,-158.55,seaport,[]
20150,Constantine Harbor,,United States,,51.4,179.3,seaport,[]
20140,Adak Naval Air Station,US AXK,United States,,51.866667,-176.633333,seaport,[]
20120,Dutch Harbor,US DUT,United States,,53.9,-166.533333,seaport,[]
20080,King Cove,US KVC,United States,,55.05,-162.316667,seaport,[]
20050,Baralof Bay,,United States,,55.233333,-160.533333,seaport,[]
19910,Larsen Bay,US KLN,United States,,57.533333,-153.983333,seaport,[]
19880,Lazy Bay,,United States,,56.9,-154.25,seaport,[]
12935,Guaiba Island Terminal,,Brazil,,-23.016667,-44.033333,seaport,[]
12690,Natal,BR NAT,Brazil,,-5.783333,-35.2,seaport,[]
12585,Itaqui,BR IQI,Brazil,,-2.566667,-44.366667,seaport,[]
12560,Manaus,BR MAO,Brazil,,-3.133333,-60.016667,seaport,[]
12540,Itacoatiara,BR IAR,Brazil,,-3.15,-58.45,seaport,[]
12500,Cameta,BR CMA,Brazil,,-2.25,-49.5,seaport,[]
12490,Belem,BR BEL,Brazil,,-1.45,-48.5,seaport,[]
11772,Galeota Point Terminal,TT GUA,Trinidad and Tobago,,10.133333,-60.983333,seaport,[]
23550,Kristiansand,NO KRS,Norway,,58.138888889,8.012777778,seaport,[]
23530,Mandal,NO MAN,Norway,,58.016667,7.466667,seaport,[]
23490,Egersund,NO EGE,Norway,,58.438611111,5.986388889,seaport,[]
23440,Haugesund,NO HAU,Norway,,59.412222222,5.253611111,seaport,[]
23355,Husnes,NO HUS,Norway,,59.8775,5.762222222,seaport,[]
23160,Bergen,NO BGO,Norway,,60.402777778,5.298611111,seaport,[]
23130,Floro,NO FRO,Norway,,61.603888889,5.030833333,seaport,[]
23110,Molde,NO MOL,Norway,,62.733333,7.166667,seaport,[]
23075,Muruvik,NO MRV,Norway,,63.441388889,10.841388889,seaport,[]
23058,Djupviken,,Norway,,63.787777778,11.427222222,seaport,[]
23053,Malm,NO MLM,Norway,,64.067222222,11.2275,seaport,[]
23020,Berg,NO BER,Norway,,65.365277778,12.196666667,seaport,[]
22990,Bronnoysund,NO BNN,Norway,,65.468055556,12.196111111,seaport,[]
22920,Mosjoen,NO MJF,Norway,,65.858888889,13.170833333,seaport,[]
22760,Mo I Rana,NOMQN,Norway,,66.324444444,14.122222222,seaport,[]
22295,Lakselv,NO LVG,Norway,,67.357777778,15.592222222,seaport,[]
22290,Bodo,NO BOO,Norway,,67.285555556,14.364166667,seaport,[]
22030,Narvik,NO NVK,Norway,,68.421111111,17.402222222,seaport,[]
8595,Canaveral Harbor,US PCV,United States,,28.7,-80.616667,seaport,[]
8520,Beaufort,US BFT,United States,,32.433333,-80.666667,seaport,[]
8500,Charleston,US CHS,United States,,32.783333,-79.916667,seaport,[]
8490,Georgetown,US GGE,United States,,33.366667,-79.283333,seaport,[]
8410,New Bern,US EWN,United States,,35.1,-77.05,seaport,[]
8400,Bayboro,,United States,,35.15,-76.766667,seaport,[]
8380,Belhaven,US BPV,United States,,35.616667,-76.616667,seaport,[]
8370,Columbia,US CUB,United States,,35.916667,-76.25,seaport,[]
8340,Edenton,US EDE,United States,,36.05,-76.616667,seaport,[]
4470,Alpena,US APN,United States,,45.066667,-83.416667,seaport,[]
4450,Au Sable,,United States,,44.4,-83.316667,seaport,[]
4420,Alabaster,US LBA,United States,,44.183333,-83.55,seaport,[]
4400,Bay City,US BCY,United States,,43.6,-83.866667,seaport,[]
4330,Marine City,,United States,,42.716667,-82.5,seaport,[]
4320,Algonac,US ALG,United States,,42.616667,-82.516667,seaport,[]
4250,Desbarats,,Canada,,46.333333,-83.916667,seaport,[]
4240,Hilton,,Canada,,46.25,-83.883333,seaport,[]
4230,Bruce Mines,CA BCM,Canada,,46.283333,-83.783333,seaport,[]
4200,Blind River,CA BLR,Canada,,46.183333,-82.95,seaport,[]
4180,Meldrum Bay,CA MDB,Canada,,45.933333,-83.116667,seaport,[]
4170,Gore Bay,CA YZE,Canada,,45.916667,-82.466667,seaport,[]
4160,Kagawong,,Canada,,45.916667,-82.25,seaport,[]
4140,Little Current,CA LIC,Canada,,45.983333,-81.933333,seaport,[]
4080,Killarney,CA KLY,Canada,,45.966667,-81.516667,seaport,[]
4060,Key Harbour,CA KHO,Canada,,45.883333,-80.75,seaport,[]
4050,Byng Inlet,CA BTT,Canada,,45.766667,-80.566667,seaport,[]
3940,Midland,CA MID,Canada,,44.75,-79.916667,seaport,[]
3900,Collingwood,CA COL,Canada,,44.5,-80.233333,seaport,[]
3880,Meaford,CA MFD,Canada,,44.616667,-80.6,seaport,[]
3730,Goderich,CA GOH,Canada,,43.75,-81.733333,seaport,[]
3670,Courtright,CA CRR,Canada,,42.816667,-82.466667,seaport,[]
3620,Detroit,US DET,United States,,42.333333,-83.033333,seaport,[]
3520,Huron,US HUB,United States,,41.4,-82.55,seaport,[]
3500,Lorain,US LOR,United States,,41.466667,-82.183333,seaport,[]
3470,Ashtabula,US ASF,United States,,41.9,-80.8,seaport,[]
3460,Conneaut,US CDY,United States,,41.966667,-80.55,seaport,[]
3450,Erie,US ERI,United States,,42.15,-80.1,seaport,[]
3440,Dunkirk,US DKK,United States,,42.483333,-79.333333,seaport,[]
3430,Buffalo,US BUF,United States,,42.883333,-78.883333,seaport,[]
3130,Chaumont,,United States,,44.066667,-76.133333,seaport,[]
3050,Hamilton,CA HAM,Canada,,43.25,-79.85,seaport,[]
3030,Bronte,,Canada,,43.4,-79.716667,seaport,[]
2930,Belleville,CA BLV,Canada,,44.15,-77.4,seaport,[]
2130,Chicoutimi (Port Saguenay),CA CHI,Canada,,48.433333,-71.066667,seaport,[]
2015,Baie Comeau,CA BCO,Canada,,49.233333,-68.133333,seaport,[]
1990,Matane,CA MNE,Canada,,48.85,-67.533333,seaport,[]
1830,Corner Brook,CA CBK,Canada,,48.95,-57.95,seaport,[]
640,Nuuk,GL GOH,Greenland,,64.183333,-51.75,seaport,[]
20000,Kanatak,,United States,,57.566667,-156.033333,seaport,[]
5270,Munising,US MGS,United States,,46.416667,-86.65,seaport,[]
5320,Baraga,US RGA,United States,,46.783333,-88.483333,seaport,[]
5520,Douglastown,,Canada,,48.766667,-64.383333,seaport,[]
21490,Finnsnes,NO FNE,Norway,,69.233333,17.966667,seaport,[]
21660,Andenes,NO ADN,Norway,,69.328333333,16.127777778,seaport,[]
13740,Concepcion Del Uruguay,AR COU,Argentina,,-32.483333,-58.233333,seaport,[]
14670,Mejillones,CL MJS,Chile,,-23.1,-70.466667,seaport,[]
18780,Clayoquot,,Canada,,49.15,-125.916667,seaport,[]
17050,Bay City,,United States,,46.866667,-124.066667,seaport,[]
28615,Lielupe,,Latvia,,57.0,23.433333,seaport,[]
28900,Neustadt,DE NGL,Germany,,54.1,10.816667,seaport,[]
18140,Mission City,CA MIB,Canada,,49.146388889,-122.258611111,seaport,[]
18630,Lyall Harbor,CA YAJ,Canada,,48.8,-123.2,seaport,[]
18860,Alert Bay,CA AAL,Canada,,50.583333,-126.933333,seaport,[]
18890,Bella Coola,CA BLC,Canada,,52.366667,-126.8,seaport,[]
18925,Kitimat,CA KTM,Canada,,54.0,-128.683333,seaport,[]
19310,Kake,US KAE,United States,,56.966667,-133.933333,seaport,[]
19550,Dupont,US PUP,United States,,58.233333,-134.266667,seaport,[]
19630,Katalla,,United States,,60.2,-144.533333,seaport,[]
6630,Machias,US ACI,United States,,44.716667,-67.466667,seaport,[]
33310,Lamlash Harbor,GB LAH,United Kingdom,,55.533333,-5.116667,seaport,[]
33450,Bowling,GB BOW,United Kingdom,,55.933333,-4.483333,seaport,[]
33530,Ardrossan,GB ARD,United Kingdom,,55.65,-4.816667,seaport,[]
34260,Bantry,IE BTH,Ireland,,51.683333,-9.45,seaport,[]
34648,Garlston,GB GIS,United Kingdom,,53.35,-2.9,seaport,[]
34780,Caernarvon,GB CNV,United Kingdom,,53.15,-4.266667,seaport,[]
35760,Boulogne-Sur-Mer,FR BOL,France,,50.733333,1.6,seaport,[]
37170,Ambes,FR AMS,France,,45.016667,-0.533333,seaport,[]
3100,Niagara,CA NOL,Canada,,43.25,-79.066667,seaport,[]
7330,Nantucket,US ACK,United States,,41.283333,-70.1,seaport,[]
23850,Halden,NO HAL,Norway,,59.116667,11.383333,seaport,[]
23950,Brofjorden,SE BRO,Sweden,,58.360277778,11.421111111,seaport,[]
23970,Lysekil,SE LYS,Sweden,,58.271388889,11.444166667,seaport,[]
24300,Ahus,SE AHU,Sweden,,55.9275,14.328055556,seaport,[]
29180,Fakse Ladeplads Havn,DK FAK,Denmark,,55.216667,12.166667,seaport,[]
29790,Marstal,DK MRS,Denmark,,54.916667,10.333333,seaport,[]
29800,Aeroskobing,,Denmark,,54.883333,10.416667,seaport,[]
30095,Augustenborg,DK AUB,Denmark,,54.95,9.866667,seaport,[]
30100,Abenra,DK AAB,Denmark,,55.05,9.433333,seaport,[]
30230,Horsens,DK HOR,Denmark,,55.866667,9.85,seaport,[]
30455,Hanstholm,DK HAN,Denmark,,57.133333,8.6,seaport,[]
30870,Oldenburg,DE OLO,Germany,,53.116667,8.216667,seaport,[]
31080,Hoek Van Holland,NL HVH,Netherlands,,51.95,4.133333,seaport,[]
31668,New Holland,GB NHO,United Kingdom,,53.7,-0.366667,seaport,[]
31972,Hound Point Terminal,GB HPT,United Kingdom,,56.0,-3.366667,seaport,[]
32990,Lochboisdale,GB LBD,United Kingdom,,57.15,-7.3,seaport,[]
43670,Mykolayiv,UA NLV,Ukraine,,46.95,31.983333,seaport,[]
43950,Kyrylivka,,Ukraine,,46.35,35.366667,seaport,[]
48470,Bushehr,IR BUZ,Iran,,28.983333,50.833333,seaport,[]
48533,Bandar Taheri Offshore Terminal,,Iran,,27.65,52.35,seaport,[]
48550,Chah Bahar,IR ZBR,Iran,,25.266667,60.616667,seaport,[]
50340,Ardjuna Oil Field,ID AJN,Indonesia,,-5.883333,107.716667,seaport,[]
44350,Batumi,GE BUS,Georgia,,41.65,41.65,seaport,[]
44620,Izmit,TR IZT,Turkey,,40.766667,29.916667,seaport,[]
45323,Khoms,LY KHM,Libya,,32.666667,14.25,seaport,[]
56300,Nawiliwili Bay,US NIJ,United States,,21.95,-159.35,seaport,[]
56730,Lorengau,PG LOR,Papua New Guinea,,-2.016667,147.266667,seaport,[]
56855,Kieta,PG KIE,Papua New Guinea,,-6.216667,155.633333,seaport,[]
57200,Luganville,VU LUG,Vanuatu,,-15.516667,167.166667,seaport,[]
57275,Baie De Kouaoua,NC KOU,New Caledonia,,-21.383333,165.816667,seaport,[]
52523,Labuha,ID LAH,Indonesia,,-0.633333,127.466667,seaport,[]
53520,Ballina,AU BNK,Australia,,-28.866667,153.566667,seaport,[]
56130,Napoopoo,,United States,,19.483333,-155.933333,seaport,[]
56170,Mahukona,,United States,,20.183333,-155.9,seaport,[]
56270,Barbers Point Terminal,,United States,,21.266667,-158.1,seaport,[]
310,Akureyri,IS AKU,Iceland,,65.683333,-18.083333,seaport,[]
320,Husavik,IS HUS,Iceland,,66.033333,-17.333333,seaport,[]
430,Eskifjordhur,IS ESK,Iceland,,65.066667,-14.016667,seaport,[]
450,Budir,IS FAS,Iceland,,64.933333,-14.016667,seaport,[]
480,Hornafjordur,IS HFN,Iceland,,64.25,-15.233333,seaport,[]
560,Nanortalik Havn,GL JNN,Greenland,,60.116667,-45.2,seaport,[]
590,Narsarssuaq,GL UAK,Greenland,,61.15,-45.433333,seaport,[]
670,Maniitsoq,GL JSU,Greenland,,65.416667,-52.916667,seaport,[]
2310,Oka Sur Le Lac,CA OKA,Canada,,45.466667,-74.083333,seaport,[]
2420,Montebello,CA MBO,Canada,,45.65,-74.933333,seaport,[]
2510,Gatineau,CA GAT,Canada,,45.483333,-75.65,seaport,[]
2530,Hull,CA HUL,Canada,,45.433333,-75.7,seaport,[]
2960,Cobourg,CA CBG,Canada,,43.95,-78.166667,seaport,[]
3015,Clarkson,CA CSN,Canada,,43.5,-79.6,seaport,[]
3790,Lions Head,,Canada,,44.983333,-81.25,seaport,[]
4150,Honora,,Canada,,45.866667,-82.166667,seaport,[]
4210,Cockburn,BSCBT,Canada,,45.95,-83.316667,seaport,[]
280,Dalvik,IS DAL,Iceland,,65.983333,-18.516667,seaport,[]
420,Neskaupstadur,IS NES,Iceland,,65.15,-13.683333,seaport,[]
1600,Catalina Harbor,CA CAT,Canada,,48.516111111,-53.070555556,seaport,[]
1715,Come By Chance Harbor,CA CBC,Canada,,47.8,-54.016667,seaport,[]
1890,Havre St Pierre,CA HSP,Canada,,50.233333,-63.6,seaport,[]
2380,Grenville,CA GRZ,Canada,,45.633333,-74.6,seaport,[]
2320,Hudson,CA HUD,Canada,,45.466667,-74.133333,seaport,[]
4490,Calcite,US MI3,United States,,45.416667,-83.783333,seaport,[]
21880,Henningsvaer,NO HEN,Norway,,68.153611111,14.212777778,seaport,[]
23080,Hommelvik,NO HOK,Norway,,63.416667,10.8,seaport,[]
23180,Brattholmen,NO NZG,Norway,,60.348611111,5.1775,seaport,[]
23240,Odda,NO ODD,Norway,,60.096944444,6.541111111,seaport,[]
23300,Meling,,Norway,,59.783333,5.116667,seaport,[]
23465,Akrahamn,NO AKM,Norway,,59.266667,5.183333,seaport,[]
21920,Brettesnes,NO BTS,Norway,,68.233333,14.85,seaport,[]
22120,Drag,NO DRG,Norway,,68.05,16.083333,seaport,[]
22320,Fauske,NO FAU,Norway,,67.25,15.398888889,seaport,[]
22790,Hemnesberget,NO HNE,Norway,,66.233333,13.616667,seaport,[]
23050,Namsos,NO OSY,Norway,,64.458333333,11.509444444,seaport,[]
23100,Kristiansund,NO KSU,Norway,,63.113888889,7.738611111,seaport,[]
23107,Bud,,Norway,,62.9,6.916667,seaport,[]
23108,Haroysund,NO HRS,Norway,,62.891111111,6.958055556,seaport,[]
23111,Andalsnes,NO AND,Norway,,62.568055556,7.677222222,seaport,[]
23112,Hareid,NO HRI,Norway,,62.372222222,6.035555556,seaport,[]
23115,Moldtustranda,NO MLT,Norway,,62.3,5.65,seaport,[]
23120,Alesund,NO AES,Norway,,62.466667,6.166667,seaport,[]
23125,Maloy,NO MAY,Norway,,61.933333,5.116667,seaport,[]
23136,Ardalstangen,NO ARD,Norway,,61.232777778,7.698611111,seaport,[]
23138,Mongstad,NO MON,Norway,,60.830833333,5.036666667,seaport,[]
23451,Karsto,NO KAR,Norway,,59.266667,5.516667,seaport,[]
23455,Espevaer,,Norway,,59.583333,5.15,seaport,[]
23505,Kirkehamn,NO KIR,Norway,,58.231388889,6.527222222,seaport,[]
23510,Flekkefjorden,NO FFD,Norway,,58.264166667,6.655277778,seaport,[]
12455,Degrad Des Cannes,GF DDC,French Guiana,,4.85,-52.266667,seaport,[]
19970,Bear Island,,United States,,58.45,-152.683333,seaport,[]
20010,Chignik,US KCL,United States,,56.3,-158.4,seaport,[]
20020,Ivanof Bay,US KIB,United States,,55.8,-159.466667,seaport,[]
20085,Cold Bay,US CDB,United States,,55.2,-162.7,seaport,[]
20097,Akutan Harbor,US KQA,United States,,54.133333,-165.8,seaport,[]
20100,Cannery Bay,,United States,,53.7,-166.75,seaport,[]
20110,Makushin,,United States,,53.766667,-166.983333,seaport,[]
20160,Kiska,US KIS,United States,,51.966667,177.55,seaport,[]
20250,Naknek,US NNK,United States,,58.716667,-157.016667,seaport,[]
20270,Koggiung,,United States,,58.966667,-156.916667,seaport,[]
20280,Ekuk,US KKU,United States,,58.816667,-158.566667,seaport,[]
20300,Dillingham,US DLG,United States,,59.033333,-158.483333,seaport,[]
20340,Kotlik,US KOT,United States,,63.033333,-163.55,seaport,[]
20350,Hamilton,,United States,,62.9,-163.916667,seaport,[]
20450,Kotzebue,US OTZ,United States,,66.916667,-162.583333,seaport,[]
20486,Bernard Harbor,,United States,,70.133333,-143.633333,seaport,[]
20560,Barentsburg,SJ BAR,Svalbard,,78.059444444,14.202222222,seaport,[]
20710,Berlevag,NO BVG,Norway,,70.861666667,29.111944444,seaport,[]
20740,Kjollefjorden,NO KJF,Norway,,70.95,27.333333,seaport,[]
21120,Oksfjord,NO OKF,Norway,,70.233333,22.35,seaport,[]
21380,Gibostad,NO GBD,Norway,,69.356111111,18.081944444,seaport,[]
4820,Great Lakes,US GRL,United States,,42.3,-87.833333,seaport,[]
5130,Goulais Bay,CA 345,Canada,,46.733333,-84.5,seaport,[]
5150,Gargantua,,Canada,,47.566667,-84.966667,seaport,[]
29720,Nysted,DK NTD,Denmark,,54.666667,11.733333,seaport,[]
29860,Nyborg,DK NBG,Denmark,,55.316667,10.8,seaport,[]
29910,Middelfart,DK MID,Denmark,,55.5,9.733333,seaport,[]
29930,Assens,DK ASN,Denmark,,55.266667,9.883333,seaport,[]
30105,Ensted,DK ENS,Denmark,,55.016667,9.433333,seaport,[]
30160,Kolding,DK KOL,Denmark,,55.483333,9.5,seaport,[]
30340,Hadsund,DK HSU,Denmark,,56.716667,10.116667,seaport,[]
30350,Mariager,DK MRR,Denmark,,56.65,9.983333,seaport,[]
30360,Hobro,DK HBO,Denmark,,56.633333,9.8,seaport,[]
30380,Hals,DK HAS,Denmark,,56.983333,10.316667,seaport,[]
32330,Inverness,GB INV,United Kingdom,,57.483333,-4.233333,seaport,[]
30430,Frederikshavn,DK FDH,Denmark,,57.433333,10.55,seaport,[]
30480,Lemvig,DK LVG,Denmark,,56.583333,8.283333,seaport,[]
30500,Holstebro-Stuer,DK HSB,Denmark,,56.5,8.583333,seaport,[]
42760,Mitilini,GR MJT,Greece,,39.1,26.566667,seaport,[]
30710,Brunsbuttel Elbahafen,DE BRB,Germany,,53.883333,9.166667,seaport,[]
30740,Neuhaus,DE NEH,Germany,,53.8,9.033333,seaport,[]
30760,Gluckstadt,DE GLU,Germany,,53.783333,9.416667,seaport,[]
30785,Butzfleth,DE BUZ,Germany,,53.65,9.516667,seaport,[]
30985,Eemshaven,NL EEM,Netherlands,,53.45,6.833333,seaport,[]
31085,Europoort,NL EUR,Netherlands,,51.95,4.116667,seaport,[]
31100,Maassluis,NL MSL,Netherlands,,51.916667,4.25,seaport,[]
31375,Isle Of Grain,GB IOG,United Kingdom,,51.433333,0.7,seaport,[]
31470,London,GB LON,United Kingdom,,51.5,-0.0833329999999,seaport,[]
31630,Boston,GB BOS,United Kingdom,,52.966667,-0.0166669999999,seaport,[]
31940,Granton,GB GRN,United Kingdom,,55.983333,-3.216667,seaport,[]
31945,Braefoot Bay Terminal,GB BFB,United Kingdom,,56.033333,-3.316667,seaport,[]
32030,Burntisland,GB BTL,United Kingdom,,56.05,-3.233333,seaport,[]
32070,Methil,GB MTH,United Kingdom,,56.183333,-3.0,seaport,[]
32250,Macduff,GB MCD,United Kingdom,,57.666667,-2.5,seaport,[]
32300,Lossiemouth,GB LSS,United Kingdom,,57.716667,-3.283333,seaport,[]
32340,Cromarty,GB CRN,United Kingdom,,57.683333,-4.033333,seaport,[]
32350,Invergordon,GB IVG,United Kingdom,,57.683333,-4.166667,seaport,[]
32370,Helmsdale Harbor,GB HMA,United Kingdom,,58.116667,-3.65,seaport,[]
32700,Kongshavn,,Faroe Islands,,62.116667,-6.733333,seaport,[]
32740,Fuglafjordur,FO FUG,Faroe Islands,,62.25,-6.8,seaport,[]
32980,Castle Bay,GB CBA,United Kingdom,,56.95,-7.483333,seaport,[]
59380,Hinatuan,PH HNT,Philippines,,8.366667,126.333333,seaport,[]
61060,Moskal Vo,RU MVO,Russia,,53.583333,142.5,seaport,[]
40830,Muggia,IT UGG,Italy,,45.6,13.766667,seaport,[]
43388,Ambarli,TR AMR,Turkey,,40.966667,28.7,seaport,[]
43435,Istinye,TR ITY,Turkey,,41.116667,29.05,seaport,[]
43566,Cernavoda,RO CEV,Romania,,44.333333,28.05,seaport,[]
43677,Dnipro-Buzkyy,,Ukraine,,46.733333,31.883333,seaport,[]
43720,Khorly,,Ukraine,,46.083333,33.283333,seaport,[]
43940,Henichesk,,Ukraine,,46.166667,34.816667,seaport,[]
56835,Kimbe,PG KIM,Papua New Guinea,,-5.133333,150.533333,seaport,[]
44162,Kavkaz Oil Terminal,RU KZP,Russia,,45.333333,36.65,seaport,[]
44180,Anapa,RU AAQ,Russia,,44.883333,37.316667,seaport,[]
48464,Barkan Oil-loading Terminal,,Iran,,29.733333,50.166667,seaport,[]
48635,Navlakhi,IN NAV,India,,22.956388889,70.447583333,seaport,[]
49580,Mongla,BD MGL,Bangladesh,,22.466667,89.6,seaport,[]
55500,Kingston,,Norfolk Island,,-29.066667,167.95,seaport,[]
50740,Kuala Kapus,ID KKA,Indonesia,,3.0,114.366667,seaport,[]
50785,Dumai,ID DUM,Indonesia,,1.683333,101.45,seaport,[]
51010,Cirebon,ID CBN,Indonesia,,-6.716667,108.566667,seaport,[]
51220,Cilacap,ID CXP,Indonesia,,-7.733333,109.0,seaport,[]
51290,Labuhanhaji,,Indonesia,,-8.7,116.566667,seaport,[]
51320,Maumere,ID MOF,Indonesia,,-8.616667,122.216667,seaport,[]
56840,Bialla,PG BAA,Papua New Guinea,,-5.3,150.983333,seaport,[]
57325,Baie Ugue,NC BUG,New Caledonia,,-21.15,165.55,seaport,[]
57642,Dai Hang,,Vietnam,,8.483333,108.683333,seaport,[]
47974,Hamrawein,EG HAM,Egypt,,26.25,34.2,seaport,[]
51850,Gunung Batu Besar,ID BTH,Indonesia,,-2.616667,116.3,seaport,[]
52040,Manado,ID MDC,Indonesia,,1.5,124.833333,seaport,[]
52090,Gorontalo,ID GTO,Indonesia,,0.5,123.05,seaport,[]
52760,Namlea,ID NAM,Indonesia,,-3.283333,127.083333,seaport,[]
53000,Miei,,Indonesia,,-2.733333,134.5,seaport,[]
5180,Heron Bay,CA HBY,Canada,,48.65,-86.316667,seaport,[]
5370,Houghton,US HTL,United States,,47.116667,-88.566667,seaport,[]
5380,Ontonagon,US ONG,United States,,46.883333,-89.333333,seaport,[]
5430,Cornucopia,,United States,,46.866667,-91.1,seaport,[]
12950,Gebig,,Brazil,,-23.05,-44.216667,seaport,[]
13100,La Paloma,UY LAP,Uruguay,,-34.65,-54.15,seaport,[]
13140,Colonia,UY CYR,Uruguay,,-34.466667,-57.85,seaport,[]
13160,Fray Bentos,UY FZB,Uruguay,,-33.116667,-58.316667,seaport,[]
14400,Coronel,CL CNL,Chile,,-37.033333,-73.166667,seaport,[]
14671,Caleta Patillos,CL CAL,Chile,,-20.733333,-70.2,seaport,[]
16808,Cushman,,United States,,43.983333,-124.066667,seaport,[]
16835,Depoe Bay,,United States,,44.8,-124.066667,seaport,[]
16838,Ilwaco,US IQL,United States,,46.3,-124.05,seaport,[]
16920,Kalama,US KAM,United States,,46.016667,-122.85,seaport,[]
17190,Hoodsport,US 9WA,United States,,47.416667,-123.133333,seaport,[]
17260,Keyport,US KYP,United States,,47.7,-122.616667,seaport,[]
17350,Fort Ward,,United States,,47.583333,-122.516667,seaport,[]
17670,Nisqually Head,,United States,,47.116667,-122.75,seaport,[]
27560,Kokkola,FI KOK,Finland,,63.85,23.016667,seaport,[]
27610,Hellnas,FI HLL,Finland,,63.283333,22.233333,seaport,[]
27670,Kaskinen,FI KAS,Finland,,62.383333,21.233333,seaport,[]
27680,Kristinestad,FI KRS,Finland,,62.283333,21.4,seaport,[]
28170,Ekenas,FI TAI,Finland,,59.983333,23.433333,seaport,[]
28180,Jussaro,FI JUS,Finland,,59.833333,23.566667,seaport,[]
28187,Inkoo,FI INK,Finland,,60.016667,23.916667,seaport,[]
28310,Gavan Vysotsk,RU VYS,Russia,,60.616667,28.566667,seaport,[]
33190,Corpach,GB COR,United Kingdom,,56.85,-5.116667,seaport,[]
28654,Butinge Oil Terminal,LT BOT,Lithuania,,56.033333,20.95,seaport,[]
28680,Baltiysk,RU BLT,Russia,,54.633333,19.9,seaport,[]
28920,Heiligenhafen,DE HHF,Germany,,54.366667,10.983333,seaport,[]
28950,Eckernforde,DE ECK,Germany,,54.483333,9.833333,seaport,[]
17840,Coupeville,US CBL,United States,,48.233333,-122.683333,seaport,[]
18518,Nanoose Harbor,CA NNE,Canada,,49.266667,-124.15,seaport,[]
18790,Ahousat,,Canada,,49.283333,-126.066667,seaport,[]
18525,Harmac,CA HMC,Canada,,49.133333,-123.85,seaport,[]
18600,Ganges,CA GGS,Canada,,48.85,-123.483333,seaport,[]
18818,Bergh Cove,,Canada,,50.533333,-127.616667,seaport,[]
18915,Bella Bella,,Canada,,52.166667,-128.15,seaport,[]
19130,Ketchikan,US KTN,United States,,55.333333,-131.65,seaport,[]
19290,Fishermans Harbor,,United States,,55.966667,-133.8,seaport,[]
19450,Elfin Cove,US ELV,United States,,58.2,-136.35,seaport,[]
19510,Hood Bay,,United States,,57.4,-134.5,seaport,[]
19788,Ninilchik,US NIN,United States,,60.05,-151.683333,seaport,[]
23760,Holmestrand,NO HOL,Norway,,59.490555556,10.326666667,seaport,[]
5970,Grand Narrows,,Canada,,45.95,-60.783333,seaport,[]
6170,Goldsboro,CA GBR,Canada,,45.183333,-61.65,seaport,[]
6660,Milbridge,US MLQ,United States,,44.533333,-67.883333,seaport,[]
33160,Lochaline,GB LOL,United Kingdom,,56.55,-5.766667,seaport,[]
33170,Craignure,GB CNU,United Kingdom,,56.466667,-5.7,seaport,[]
33210,Glensanda,GB GSA,United Kingdom,,56.566667,-5.533333,seaport,[]
33250,Oban,GB OBA,United Kingdom,,56.416667,-5.466667,seaport,[]
33290,Crinan (Canal),GB CNC,United Kingdom,,56.083333,-5.566667,seaport,[]
33577,Bangor,GB BAN,United Kingdom,,54.65,-5.666667,seaport,[]
34190,Castletown Bearhaven,IE CTB,Ireland,,51.65,-9.916667,seaport,[]
34200,Kilrush,IE KLR,Ireland,,52.633333,-9.5,seaport,[]
34640,Heysham,GB HYM,United Kingdom,,54.033333,-2.916667,seaport,[]
34650,Liverpool Bay Terminal,GB LIB,United Kingdom,,53.533333,-3.55,seaport,[]
34850,Fishguard,GB FIS,United Kingdom,,52.016667,-4.983333,seaport,[]
34970,Neath,GB NEA,United Kingdom,,51.633333,-3.833333,seaport,[]
35240,Newlyn,GB NYL,United Kingdom,,50.1,-5.55,seaport,[]
35590,Fawley Marine Terminal,GB FAW,United Kingdom,,50.816667,-1.333333,seaport,[]
35800,Le Treport,FR LTR,France,,50.066667,1.366667,seaport,[]
37160,Blaye,FR BYE,France,,45.133333,-0.666667,seaport,[]
7240,Lynn,US LZN,United States,,42.45,-70.95,seaport,[]
7315,Hyannis Port,,United States,,41.633333,-70.3,seaport,[]
23817,Fagerstrand,NO FAX,Norway,,59.733055556,10.584722222,seaport,[]
23829,Kambo,NO KMO,Norway,,59.473055556,10.679722222,seaport,[]
23890,Grebbestad,SE GRE,Sweden,,58.676944444,11.247777778,seaport,[]
23900,Fjallbacka,SE FJA,Sweden,,58.600277778,11.277222222,seaport,[]
23910,Hunnebostrand,SE HUN,Sweden,,58.437777778,11.286111111,seaport,[]
24050,Halmstad,SE HAD,Sweden,,56.666667,12.866667,seaport,[]
24530,Bergkvara,SE BEA,Sweden,,56.383333,16.1,seaport,[]
24720,Figeholm,SE FIG,Sweden,,57.366667,16.5,seaport,[]
24790,Degerhamn,SE DEG,Sweden,,56.35,16.416667,seaport,[]
24900,Farosund,SE FSD,Sweden,,57.916667,19.05,seaport,[]
24960,Klintehamn,SE KLI,Sweden,,57.383333,18.2,seaport,[]
25440,Grisslehamn,SE GRH,Sweden,,60.1,18.816667,seaport,[]
25480,Hargshamn,SE HAN,Sweden,,60.183333,18.45,seaport,[]
25610,Norrsundet,SE NOT,Sweden,,60.933333,17.166667,seaport,[]
25760,Iggesund,SE IGG,Sweden,,61.65,17.083333,seaport,[]
26240,Harnosand,SE HND,Sweden,,62.633333,17.933333,seaport,[]
26310,Gustavsvik,SE GUS,Sweden,,62.833333,17.883333,seaport,[]
26340,Lunde,,Sweden,,62.883333,17.883333,seaport,[]
26380,Kramfors,SE KRF,Sweden,,62.933333,17.8,seaport,[]
26720,Domsjo,SE DOM,Sweden,,63.266667,18.733333,seaport,[]
26790,Husum,SE HUS,Sweden,,63.333333,19.15,seaport,[]
29455,Nykobing (Mor),DK NYM,Denmark,,56.766667,11.866667,seaport,[]
27130,Brannfors,SE BNF,Sweden,,65.016667,21.383333,seaport,[]
27540,Himanka,FI HIM,Finland,,64.0,23.65,seaport,[]
29130,Christianso Harbor,DK CSO,Denmark,,55.316667,15.183333,seaport,[]
29230,Kobenhavn,DK CPH,Denmark,,55.7,12.616667,seaport,[]
29410,Frederiksvaerk,DK FDV,Denmark,,55.966667,12.016667,seaport,[]
29420,Frederikssund,DK FDS,Denmark,,55.833333,12.05,seaport,[]
29440,Holbaek,DK HBK,Denmark,,55.716667,11.716667,seaport,[]
29546,Gulfhaven,DK GFH,Denmark,,55.2,11.266667,seaport,[]
53130,Merauke,ID MKQ,Indonesia,,-8.483333,140.383333,seaport,[]
53142,Kumul,PG KUL,Papua New Guinea,,-8.1,144.566667,seaport,[]
53230,Lae,PG LAE,Papua New Guinea,,-6.733333,147.0,seaport,[]
53250,Madang,PG MAG,Papua New Guinea,,-5.216667,145.816667,seaport,[]
53400,Mackay,AU MKY,Australia,,-21.116667,149.216667,seaport,[]
53405,Hay Point,AU HPT,Australia,,-21.283333,149.3,seaport,[]
53810,Eden,AU QDN,Australia,,-37.066667,149.916667,seaport,[]
54671,Milner Bay,AU MIB,Australia,,-13.866667,136.416667,seaport,[]
54943,Beauty Point,AU BYP,Australia,,-41.15,146.816667,seaport,[]
55530,Lautoka Harbor,FJ LTK,Fiji,,-17.6,177.45,seaport,[]
55590,Nuku Alofa,TO TBU,Tonga,,-21.133333,-175.2,seaport,[]
55610,Neiafu,TO NEI,Tonga,,-18.65,-173.983333,seaport,[]
55617,Funafuti Atoll,TV FUN,Tuvalu,,-8.516667,179.133333,seaport,[]
56010,Atuona,PF AUQ,French Polynesia,,-9.816667,-139.033333,seaport,[]
56015,Baie Taiohae,PF TAI,French Polynesia,,-8.933333,-140.083333,seaport,[]
56140,Kailua,US KA7,United States,,19.633333,-156.0,seaport,[]
56160,Kawaihae,US KWH,United States,,20.033333,-155.833333,seaport,[]
56190,Hana,US HNM,United States,,20.75,-155.983333,seaport,[]
56230,Kaumalapau Harbor,,United States,,20.783333,-157.0,seaport,[]
58630,Laoang,,Philippines,,12.566667,125.016667,seaport,[]
58655,Guiuan,PH GUN,Philippines,,11.033333,125.716667,seaport,[]
58670,Catbalogan,PH CTS,Philippines,,11.766667,124.883333,seaport,[]
59800,Jolo,PH JOL,Philippines,,6.05,121.0,seaport,[]
59974,Changshu,CN CGS,China,,31.766667,120.95,seaport,[]
59991,Nantong,CN NTG,China,,32.0,120.8,seaport,[]
60470,Ch'aho,,North Korea,,40.2,128.65,seaport,[]
60860,Okha,RU OKA,Russia,,53.55,143.0,seaport,[]
60990,Lesogorsk,RU LES,Russia,,49.45,142.133333,seaport,[]
12340,Ciudad Bolivar,VE CBL,Venezuela,,8.133333,-63.55,seaport,[]
12420,Moengo,SR MOJ,Suriname,,5.633333,-54.416667,seaport,[]
12570,Iquitos,PE IQT,Peru,,-3.75,-73.233333,seaport,[]
12710,Cabedelo,BR CDO,Brazil,,-6.966667,-34.833333,seaport,[]
19890,Karluk,US KYK,United States,,57.566667,-154.45,seaport,[]
19930,Dry Spruce Bay,,United States,,57.933333,-153.033333,seaport,[]
19980,Hogg Island,,United States,,58.466667,-152.683333,seaport,[]
20070,Belkofski,,United States,,55.083333,-162.033333,seaport,[]
20170,Alcan Harbor,US ZAK,United States,,52.733333,174.066667,seaport,[]
20180,Massacre Bay,,United States,,52.833333,173.233333,seaport,[]
20240,Egegik,US EGX,United States,,58.2,-157.366667,seaport,[]
20310,Bethel,US BET,United States,,60.816667,-161.716667,seaport,[]
20320,Nash Harbor,,United States,,60.2,-166.983333,seaport,[]
20330,Kwiguk,,United States,,62.733333,-164.466667,seaport,[]
20410,Grantley Harbor,,United States,,65.266667,-166.333333,seaport,[]
20570,Longyearbyen,SJ LYR,Svalbard,,78.227222222,15.633333333,seaport,[]
20580,Ny Alesund,SJ NYA,Svalbard,,78.928333333,11.933055556,seaport,[]
20800,Honningsvag,NO HVG,Norway,,70.98258756,25.950055502,seaport,[]
20910,Kvalsund,NO KVS,Norway,,70.506944444,23.983333333,seaport,[]
20920,Hammerfest,NO HFT,Norway,,70.666667,23.666667,seaport,[]
21130,Alta,NO ALF,Norway,,69.973333333,23.235277778,seaport,[]
4770,Buffington,,United States,,41.633333,-87.416667,seaport,[]
5140,Batchawana Bay,,Canada,,46.916667,-84.6,seaport,[]
5310,L Anse,US LAJ,United States,,46.766667,-88.466667,seaport,[]
5350,Copper Harbor,,United States,,47.466667,-87.866667,seaport,[]
5360,Eagle Harbor,,United States,,47.466667,-88.166667,seaport,[]
5420,La Pointe,US JPP,United States,,46.783333,-90.783333,seaport,[]
5510,Gaspe,CA GPE,Canada,,48.833333,-64.483333,seaport,[]
5560,Dalhousie,CA DHS,Canada,,48.066667,-66.366667,seaport,[]
5600,Caraquet,CA CAQ,Canada,,47.8,-64.933333,seaport,[]
21495,Medby,,Norway,,68.908888889,17.728333333,seaport,[]
13050,Laguna,BR LGA,Brazil,,-28.5,-48.783333,seaport,[]
13115,Jose Ignacio,UY JIT,Uruguay,,-34.95,-54.7,seaport,[]
13120,Montevideo,UY MVD,Uruguay,,-34.9,-56.216667,seaport,[]
13580,Diamante,AR DME,Argentina,,-32.066667,-60.65,seaport,[]
13710,Campana,AR CMP,Argentina,,-34.15,-58.966667,seaport,[]
13720,Concordia,AR COC,Argentina,,-31.4,-58.033333,seaport,[]
13730,Colon,AR COL,Argentina,,-32.216667,-58.133333,seaport,[]
16805,Glenada,,United States,,43.966667,-124.116667,seaport,[]
51340,Ende,ID ENE,Indonesia,,-8.833333,121.65,seaport,[]
44270,Adler,,Russia,,43.433333,39.933333,seaport,[]
44370,Hopa,TR HOP,Turkey,,41.416667,41.4,seaport,[]
44500,Eregli,TR ERE,Turkey,,41.3,31.45,seaport,[]
44542,Botas Natural Gas Terminal,,Turkey,,41.0,27.983333,seaport,[]
44622,Gebze,TR GEB,Turkey,,40.766667,29.55,seaport,[]
44625,Golcuk Burnu,TR GOK,Turkey,,40.733333,29.816667,seaport,[]
45823,Lyndiane,SN LYN,Senegal,,14.166667,-16.166667,seaport,[]
46710,Edinburgh Of The Seven Seas,,"Saint Helena, Ascension, and Tristan da Cunha",,-37.05,-12.3,seaport,[]
56310,Ahukini Landing,,United States,,22.0,-159.333333,seaport,[]
56400,Majuro Atoll,MH MAJ,Marshall Islands,,7.083333,171.383333,seaport,[]
14560,Bahia Herradura Guayacan,CL GYC,Chile,,-29.966667,-71.366667,seaport,[]
14610,Huasco,CL HSO,Chile,,-28.466667,-71.25,seaport,[]
16740,Empire,,United States,,43.4,-124.283333,seaport,[]
16750,North Bend,US OTH,United States,,43.4,-124.216667,seaport,[]
16770,Coos Bay,US COB,United States,,43.366667,-124.216667,seaport,[]
16795,Gardiner,US GDR,United States,,43.716667,-124.1,seaport,[]
16803,Florence,US FNE,United States,,43.966667,-124.116667,seaport,[]
17170,Glen Cove,,United States,,48.083333,-122.783333,seaport,[]
17330,Creosote,,United States,,47.616667,-122.5,seaport,[]
17380,East Bremerton,,United States,,47.566667,-122.616667,seaport,[]
27570,Pietarsaari,FI PRS,Finland,,63.683333,22.666667,seaport,[]
27590,Kantlax,FI KAN,Finland,,63.416667,22.283333,seaport,[]
27805,Naantali,FI NLI,Finland,,60.466667,22.016667,seaport,[]
28220,Loviisa,FI LOV,Finland,,60.45,26.233333,seaport,[]
28230,Kotka,FI KTK,Finland,,60.466667,26.966667,seaport,[]
28390,Lomonosov,RU LOM,Russia,,59.916667,29.766667,seaport,[]
28640,Liepaja,LV LPX,Latvia,,56.516667,21.016667,seaport,[]
28790,Darlowo,PL DAR,Poland,,54.433333,16.416667,seaport,[]
28800,Kolobrzeg,PL KOL,Poland,,54.216667,15.55,seaport,[]
18580,Cowichan Bay,CA CCB,Canada,,48.75,-123.616667,seaport,[]
18650,Hope Bay,,Canada,,48.8,-123.283333,seaport,[]
18665,Bamberton,CA BAM,Canada,,48.55,-123.516667,seaport,[]
18792,Gold River,CA GOR,Canada,,49.683333,-126.116667,seaport,[]
18916,Klemtu,CA YKT,Canada,,52.6,-128.516667,seaport,[]
18920,Butedale,,Canada,,53.166667,-128.683333,seaport,[]
19055,Alliford Bay,,Canada,,53.216667,-131.983333,seaport,[]
19090,Hyder,US WHD,United States,,55.916667,-130.0,seaport,[]
19100,Hidden Inlet,,United States,,54.95,-130.333333,seaport,[]
19120,George Inlet,,United States,,55.383333,-131.466667,seaport,[]
19170,Loring,US WLR,United States,,55.6,-131.633333,seaport,[]
19200,Burnett Inlet,,United States,,56.066667,-132.466667,seaport,[]
19330,Bay Of Pillars,,United States,,56.6,-134.233333,seaport,[]
19370,Big Port Walter,US PWR,United States,,56.383333,-134.733333,seaport,[]
19375,Little Port Walter,US LPW,United States,,56.383333,-134.633333,seaport,[]
19430,Kimshan Cove,,United States,,57.683333,-136.116667,seaport,[]
19600,Letnikof Cove,,United States,,59.183333,-135.4,seaport,[]
19710,Crab Bay,,United States,,60.066667,-148.0,seaport,[]
19790,Kenai,US ENA,United States,,60.55,-151.266667,seaport,[]
19805,Drift River,US DRF,United States,,60.55,-152.133333,seaport,[]
19850,Mccord,US QMW,United States,,57.15,-153.2,seaport,[]
33200,Fort William,GB FWM,United Kingdom,,56.816667,-5.116667,seaport,[]
5990,North Sydney,CA NSY,Canada,,46.216667,-60.25,seaport,[]
6020,Louisbourg,CA LOU,Canada,,45.916667,-59.966667,seaport,[]
6330,Musquodoboit Harbour,CA MUS,Canada,,44.783333,-63.15,seaport,[]
6470,Digby,CA DIG,Canada,,44.616667,-65.766667,seaport,[]
6545,Canaport (St. John),CA CPT,Canada,,45.2,-65.983333,seaport,[]
6600,Eastport,US EPM,United States,,44.9,-66.983333,seaport,[]
6620,Machiasport,US 9MP,United States,,44.7,-67.4,seaport,[]
33390,Greenock,GB GRK,United Kingdom,,55.95,-4.75,seaport,[]
33405,Finnart Oil Terminal,GB FNT,United Kingdom,,56.116667,-4.833333,seaport,[]
33460,Old Kilpatrick,GB OKK,United Kingdom,,55.916667,-4.466667,seaport,[]
33500,Largs,GB LGS,United Kingdom,,55.8,-4.866667,seaport,[]
33515,Hunterston,GB HST,United Kingdom,,55.75,-4.883333,seaport,[]
33820,Coleraine,GB CLR,United Kingdom,,55.133333,-6.666667,seaport,[]
33985,Lancaster,GB LAN,United Kingdom,,54.05,-2.783333,seaport,[]
34110,Limerick,IE LMK,Ireland,,52.633333,-8.616667,seaport,[]
34130,Foynes,IE FOV,Ireland,,52.616667,-9.116667,seaport,[]
34685,Mostyn,GB CHE,United Kingdom,,53.316667,-3.266667,seaport,[]
43625,Izmayil,UA IZM,Ukraine,,45.333333,28.85,seaport,[]
43700,Belgorod-Dnestrovsky,UA BGD,Ukraine,,46.183333,30.366667,seaport,[]
43780,Balaklava,,Ukraine,,44.5,33.6,seaport,[]
43810,Alushta,,Ukraine,,44.683333,34.416667,seaport,[]
44210,Gelendzhik,RU GDZ,Russia,,44.55,38.066667,seaport,[]
48475,Bandar-E Pars Terminal,,Iran,,27.533333,52.533333,seaport,[]
50440,Bengkulu,ID BKS,Indonesia,,-3.783333,102.25,seaport,[]
44480,Inebolu,TR INE,Turkey,,41.983333,33.766667,seaport,[]
44605,Kaba Burnu,,Turkey,,40.766667,29.533333,seaport,[]
543,Kusanartoq,,Greenland,,61.766667,-42.216667,seaport,[]
585,Narsaq,GL JNS,Greenland,,60.916667,-46.05,seaport,[]
605,Gronnedal (Kangilinnguit),GL JGR,Greenland,,61.233333,-48.1,seaport,[]
700,Attu,,Greenland,,67.95,-53.733333,seaport,[]
940,Kajalleq Upernavik,GLJUV,Greenland,,72.15,-55.533333,seaport,[]
1611,Clarenville,CA CLE,Canada,,48.17515,-53.9591,seaport,[]
1710,Argentia,CA NWP,Canada,,47.3,-53.983333,seaport,[]
1880,Blanc Sablon,CA YBX,Canada,,51.416667,-57.133333,seaport,[]
2110,La Baie (Port Alfred),CA LBA,Canada,,48.333333,-70.883333,seaport,[]
2350,Carillon,,Canada,,45.566667,-74.366667,seaport,[]
2370,Chute A Blondeau,CA CAB,Canada,,45.583333,-74.466667,seaport,[]
2390,Hawkesbury,CA HAW,Canada,,45.616667,-74.616667,seaport,[]
2400,Fassett,CA FSS,Canada,,45.65,-74.866667,seaport,[]
2480,Cumberland,CA OCL,Canada,,45.516667,-75.4,seaport,[]
2490,Masson,CA MAS,Canada,,45.533333,-75.416667,seaport,[]
2830,Millhaven,CA ILL,Canada,,44.2,-76.733333,seaport,[]
3020,Oakville,CA OAJ,Canada,,43.433333,-79.666667,seaport,[]
3380,Amherstburg,CA AMH,Canada,,42.1,-83.1,seaport,[]
4020,Depot Harbour,,Canada,,45.316667,-80.1,seaport,[]
4120,Manitowaning,CA YEM,Canada,,45.75,-81.8,seaport,[]
4370,Harbor Beach,US HB4,United States,,43.85,-82.65,seaport,[]
8330,Hertford,US HD4,United States,,36.183333,-76.466667,seaport,[]
9420,Minatitlan,MX MTT,Mexico,,17.9,-94.583333,seaport,[]
21840,Ballstad,NO BSD,Norway,,68.066667,13.7,seaport,[]
21950,Lodingen,NO LOD,Norway,,68.416667,16.0,seaport,[]
22010,Lilandsgrunnen,NO LID,Norway,,68.478055556,16.890555556,seaport,[]
22050,Litle Ballangen,NO BLL,Norway,,68.348611111,16.872777778,seaport,[]
22140,Korsnes,,Norway,,68.251944444,16.061666667,seaport,[]
22270,Kjerringoy,NO KJE,Norway,,67.5225,14.759722222,seaport,[]
22540,Glomfjord,NO GLO,Norway,,66.8075,13.980277778,seaport,[]
23060,Levanger,NO LEV,Norway,,63.754722222,11.293333333,seaport,[]
23070,Langstein,NO LGS,Norway,,63.548611111,10.89,seaport,[]
23230,Norheimsund,NO NHS,Norway,,60.366111111,6.153888889,seaport,[]
23310,Mosterhamn,NO MOS,Norway,,59.698888889,5.391111111,seaport,[]
23340,Leirvik,NO LRI,Norway,,59.758333333,5.496666667,seaport,[]
23450,Kopervik,NO KOP,Norway,,59.283333,5.316667,seaport,[]
23520,Farsund,NO FAN,Norway,,58.086388889,6.811388889,seaport,[]
53150,Daru,PG DAU,Papua New Guinea,,-9.066667,143.2,seaport,[]
23600,Arendal,NO ARE,Norway,,58.453888889,8.776944444,seaport,[]
45795,El Jadida,MA ELJ,Morocco,,33.25,-8.5,seaport,[]
56320,Nonopapa,,United States,,21.866667,-160.233333,seaport,[]
56350,Enitwetak Island,MH ENT,Marshall Islands,,11.333333,162.333333,seaport,[]
56740,Hamburg Harbor,,Papua New Guinea,,-1.633333,149.966667,seaport,[]
56760,Kavieng Harbor,PG KVG,Papua New Guinea,,-2.583333,150.8,seaport,[]
57436,Benchamas Terminal,TH BEN,Thailand,,10.516667,101.25,seaport,[]
48106,Duba,SA DHU,Saudi Arabia,,27.566667,35.533333,seaport,[]
51736,Mostyn,MY MZS,Malaysia,,4.683333,118.25,seaport,[]
52220,Luwuk,ID LUW,Indonesia,,-0.95,122.8,seaport,[]
52230,Kolonodale,ID KNL,Indonesia,,-1.983333,121.333333,seaport,[]
52680,Bula,ID BUA,Indonesia,,-3.1,130.5,seaport,[]
53010,Manokwari Road,ID MKW,Indonesia,,-0.866667,134.083333,seaport,[]
53045,Kasim Terminal,ID KAS,Indonesia,,-1.3,131.016667,seaport,[]
53100,Fakfak,ID FKQ,Indonesia,,-2.933333,132.283333,seaport,[]
53115,Amamapare,ID AMA,Indonesia,,-4.816667,136.966667,seaport,[]
53133,Jayapura,ID DJJ,Indonesia,,-2.533333,140.716667,seaport,[]
53165,Alotoa,PG GUR,Papua New Guinea,,-10.316667,150.45,seaport,[]
53195,Discovery Bay,,Papua New Guinea,,-10.416667,150.416667,seaport,[]
53318,Cape Flattery Harbor,AU CQP,Australia,,-14.95,145.35,seaport,[]
53370,Lucinda,AU LUC,Australia,,-18.516667,146.333333,seaport,[]
54580,Onslow,AU ONS,Australia,,-21.65,115.1,seaport,[]
54690,Karumba,AU KRB,Australia,,-17.483333,140.833333,seaport,[]
54920,Devonport,AU DPO,Australia,,-41.183333,146.366667,seaport,[]
54970,Launceston,AU LST,Australia,,-41.45,147.116667,seaport,[]
55030,Opua,NZ OPX,New Zealand,,-35.316667,174.116667,seaport,[]
55550,Levuka,,Fiji,,-17.683333,178.833333,seaport,[]
55556,Malai,,Fiji,,-16.35,179.366667,seaport,[]
55650,Mata-Utu,WF MAU,Wallis and Futuna,,-13.283333,-176.133333,seaport,[]
56025,Canton Island,KI CIS,Kiribati,,-2.833333,-171.716667,seaport,[]
56039,English Harbor,,Kiribati,,3.85,-159.366667,seaport,[]
56250,Kamalo,,United States,,21.05,-156.883333,seaport,[]
57775,Lon Shui Terminal,,China,,20.833333,115.683333,seaport,[]
61020,Mys Rogatyy Oktyabrskiy,RU OKT,Russia,,50.733333,142.1,seaport,[]
61120,Abashiri Ko,JP ABA,Japan,,44.016667,144.283333,seaport,[]
34770,Holyhead,GB HLY,United Kingdom,,53.316667,-4.633333,seaport,[]
35100,Bridgwater,GB BRW,United Kingdom,,51.133333,-3.0,seaport,[]
35300,Mevagissey,GB MVG,United Kingdom,,50.266667,-4.783333,seaport,[]
35320,Charlestown,GB CHF,United Kingdom,,50.333333,-4.75,seaport,[]
35440,Bridport Harbour,GB BRP,United Kingdom,,50.716667,-2.766667,seaport,[]
35700,Folkestone Harbour,GB FOL,United Kingdom,,51.083333,1.2,seaport,[]
35980,Alderney Harbour,GG ACI,Guernsey,,49.733333,-2.2,seaport,[]
7310,Hyannis,US HYA,United States,,41.65,-70.283333,seaport,[]
23780,Drammen,NO DRM,Norway,,59.733333,10.25,seaport,[]
23820,Drobak,NO DRK,Norway,,59.660555556,10.625,seaport,[]
23905,Bovallstrand,SE BLD,Sweden,,58.483333,11.333333,seaport,[]
24010,Marstrand,SE MSD,Sweden,,57.883888889,11.588333333,seaport,[]
24100,Hoganas,SE HOG,Sweden,,56.196666667,12.544722222,seaport,[]
25190,Norrkoping,SE NRK,Sweden,,58.583333,16.2,seaport,[]
25360,Gustavsberg,SE GUB,Sweden,,59.316667,18.383333,seaport,[]
25460,Hallstavik,SE HAK,Sweden,,60.05,18.583333,seaport,[]
25570,Karskar,SE KAS,Sweden,,60.683333,17.266667,seaport,[]
25780,Hudiksvall,SE HUV,Sweden,,61.733333,17.116667,seaport,[]
26430,Bollstabruk,SE BOL,Sweden,,63.0,17.7,seaport,[]
26710,Kopmanholmen,SE KMH,Sweden,,63.166667,18.583333,seaport,[]
26810,Nordmaling,SE NOG,Sweden,,63.566667,19.483333,seaport,[]
26880,Obbola,SE OBB,Sweden,,63.7,20.333333,seaport,[]
26990,Gumbodahamn,,Sweden,,64.233333,21.1,seaport,[]
27090,Kagehamn,,Sweden,,64.833333,21.033333,seaport,[]
27410,Kemi,FI KEM,Finland,,65.733333,24.566667,seaport,[]
28955,Kappeln,DE KAP,Germany,,54.666667,9.933333,seaport,[]
29085,Nekso,DK NEX,Denmark,,55.066667,15.133333,seaport,[]
29120,Hasle,DK HSL,Denmark,,55.183333,14.7,seaport,[]
29220,Koge,DK KOG,Denmark,,55.45,12.2,seaport,[]
29390,Hundested Havn,DK HUN,Denmark,,55.966667,11.85,seaport,[]
29520,Korsor,DK KRR,Denmark,,55.333333,11.133333,seaport,[]
29555,Naestved,DK NVD,Denmark,,55.233333,11.75,seaport,[]
29630,Nykobing,DK NYF,Denmark,,54.766667,11.866667,seaport,[]
29700,Nakskov,DK NAK,Denmark,,54.833333,11.133333,seaport,[]
29870,Kerteminde,DK KTD,Denmark,,55.45,10.666667,seaport,[]
29940,Faborg,DK FAA,Denmark,,55.1,10.25,seaport,[]
30120,Haderslev,DK HAD,Denmark,,55.25,9.5,seaport,[]
30170,Fredericia,DK FRC,Denmark,,55.566667,9.766667,seaport,[]
30640,Esbjerg,DK EBJ,Denmark,,55.466667,8.45,seaport,[]
30695,Busum,DE BUM,Germany,,54.133333,8.866667,seaport,[]
30850,Brake,DE BKE,Germany,,53.333333,8.483333,seaport,[]
30860,Elsfleth,DE ELS,Germany,,53.233333,8.466667,seaport,[]
30960,Leer,DE LEE,Germany,,53.233333,7.45,seaport,[]
31020,Den Helder,NL DHR,Netherlands,,52.966667,4.783333,seaport,[]
31215,Hansweert,NL HAN,Netherlands,,51.45,4.0,seaport,[]
31320,Nieuwpoort,BE NIE,Belgium,,51.133333,2.75,seaport,[]
31390,Chatham Docks,GB CTM,United Kingdom,,51.4,0.55,seaport,[]
31506,Colchester,GB COL,United Kingdom,,51.883333,0.916667,seaport,[]
31665,Howdendyke,GB HDD,United Kingdom,,53.733333,-0.883333,seaport,[]
31740,Hartlepool,GB HTP,United Kingdom,,54.7,-1.183333,seaport,[]
31880,Eyemouth,GB EYM,United Kingdom,,55.866667,-2.083333,seaport,[]
31890,Dunbar,GB DBR,United Kingdom,,56.0,-2.516667,seaport,[]
32420,Kettletoft,GB KET,United Kingdom,,59.233333,-2.6,seaport,[]
32440,Kirkwall,GB KWL,United Kingdom,,58.983333,-2.966667,seaport,[]
32490,Lyness,GB LYS,United Kingdom,,58.833333,-3.2,seaport,[]
32830,Aultbea,GB AUL,United Kingdom,,57.833333,-5.583333,seaport,[]
32850,Gairloch,GB GAR,United Kingdom,,57.716667,-5.683333,seaport,[]
32900,Kyle Of Lochalsh,GB KYL,United Kingdom,,57.283333,-5.716667,seaport,[]
32910,Kyleakin,GB KYN,United Kingdom,,57.266667,-5.733333,seaport,[]
32920,Broadford Bay,GB BDF,United Kingdom,,57.25,-5.883333,seaport,[]
43562,Medgidia,RO MED,Romania,,44.25,28.266667,seaport,[]
40790,Monfalcone,IT MNF,Italy,,45.783333,13.55,seaport,[]
43430,Defterdar Burnu,,Turkey,,41.05,29.033333,seaport,[]
43500,Burgas,BG BOJ,Bulgaria,,42.483333,27.483333,seaport,[]
43558,Basarabi,RO BAB,Romania,,44.166667,28.433333,seaport,[]
43565,Danube-Black Sea Canal,,Romania,,44.266667,28.183333,seaport,[]
43568,Midia,RO MID,Romania,,44.35,28.666667,seaport,[]
58620,Masbate,PH MBT,Philippines,,12.366667,123.616667,seaport,[]
59985,Jiangyin,CN JGY,China,,31.916667,120.233333,seaport,[]
59986,Changzhou,CN CZX,China,,31.966667,119.983333,seaport,[]
59987,Gaogang,CN GAO,China,,32.283333,119.85,seaport,[]
60450,Hungnam,KP HGM,North Korea,,39.833333,127.616667,seaport,[]
60480,Kimch'aek,KP SON,North Korea,,40.666667,129.2,seaport,[]
60510,Najin,KP RJN,North Korea,,42.233333,130.3,seaport,[]
61040,Aleksandrovsk -Sakhalinskiy,RU SAK,Russia,,50.9,142.133333,seaport,[]
61110,Mombetsu Ko,,Japan,,44.35,143.35,seaport,[]
14110,Bahia Agua Fresca,,Chile,,-53.383333,-70.966667,seaport,[]
14140,Bahia Harris,,Chile,,-53.85,-70.45,seaport,[]
14095,Caleta Clarencia,CL CLR,Chile,,-52.9,-70.1,seaport,[]
60290,Kyomip'o,KP SGN,North Korea,,38.733333,125.616667,seaport,[]
18441,Duncan Bay,CA DCN,Canada,,50.066667,-125.283333,seaport,[]
23220,Strandvik,,Norway,,60.158611111,5.677777778,seaport,[]
57840,Hong Kong,HK HKG,Hong Kong,,22.266667,114.2,seaport,[]
57810,Macau,MO MFM,Macau,,22.183333,113.566667,seaport,[]
28400,Kronshtadt,RU KDT,Russia,,59.983333,29.783333,seaport,[]
28190,Helsinki,FI HEL,Finland,,60.166667,24.966667,seaport,[]
14760,Iquique,CL IQQ,Chile,,-20.2,-70.166667,seaport,[]
10820,Jacmel,HT JAK,Haiti,,18.233333,-72.533333,seaport,[]
57750,Beihai,CN BIH,China,,21.483333,109.066667,seaport,[]
57859,Huizhou,CN HUI,China,,22.716667,114.516667,seaport,[]
57862,Chaozhou,CN COZ,China,,23.616667,117.083333,seaport,[]
57920,Kao-Hsiung,TW KHH,Taiwan,,22.616667,120.25,seaport,[]
60720,Bukhta Gaydamak,,Russia,,42.866667,132.683333,seaport,[]
35020,Bird Port,GB BPT,United Kingdom,,51.566667,-2.966667,seaport,[]
35015,Newport,GB NPT,United Kingdom,,51.55,-2.983333,seaport,[]
28140,Hanko,FI HKO,Finland,,59.816667,22.95,seaport,[]
60060,Hankow,CN HNK,China,,30.583333,114.283333,seaport,[]
60000,Nanjing,CN NJI,China,,32.083333,118.75,seaport,[]
60030,Ankingcheng,,China,,30.516667,117.033333,seaport,[]
45163,El Maadiya,EG EMD,Egypt,,31.266667,30.15,seaport,[]
57953,Mailiao,TW MLI,Taiwan,,23.783333,120.166667,seaport,[]
57890,Chi-Lung,TW KEL,Taiwan,,25.133333,121.766667,seaport,[]
14060,Grytviken,GS GRV,South Georgia and South Sandwich Islands,,-54.266667,-36.5,seaport,[]
57910,Hua-Lien Kang,TW HUN,Taiwan,,23.983333,121.6,seaport,[]
14380,Lota,CL LTA,Chile,,-37.1,-73.15,seaport,[]
27920,Mariehamn,FI MHQ,Finland,,60.1,19.916667,seaport,[]
18570,Crofton,CA CRO,Canada,,48.866667,-123.633333,seaport,[]
8170,Ocean City,US OCE,United States,,38.333333,-75.083333,seaport,[]
7510,Norwich,US NOC,United States,,41.516667,-72.083333,seaport,[]
7490,Mystic,US MYC,United States,,41.35,-71.966667,seaport,[]
7480,Noank,US NK3,United States,,41.316667,-71.983333,seaport,[]
7450,Montauk Harbor,US MTP,United States,,41.066667,-71.933333,seaport,[]
62950,Murmansk,RU MMK,Russia,,68.983333,33.05,seaport,[]
62800,Arkhangels'k,RU ARH,Russia,,64.529722222,40.521666667,seaport,[]
62730,Igarka,RU IAA,Russia,,67.458333333,86.588888889,seaport,[]
61160,Kushiro Ko,JP KUH,Japan,,42.983333,144.366667,seaport,[]
3480,Fairport,US FPT,United States,,41.766667,-81.3,seaport,[]
80,Hafnarfjordur,IS HAF,Iceland,,64.066667,-21.95,seaport,[]
190,Isafjordur,IS ISA,Iceland,,66.066667,-23.116667,seaport,[]
160,Bildudalur,IS BIL,Iceland,,65.683333,-23.6,seaport,[]
61320,Ofunato,JP OFO,Japan,,39.05,141.733333,seaport,[]
61290,Miyako,JP MYK,Japan,,39.633333,141.983333,seaport,[]
61270,Aomori Ko,JP AOJ,Japan,,40.833333,140.75,seaport,[]
61310,Kamaishi Ko,JP KIS,Japan,,39.266667,141.9,seaport,[]
62720,Dudinka,RU DUD,Russia,,69.4,86.166667,seaport,[]
8020,Atlantic City,US AIY,United States,,39.366667,-74.416667,seaport,[]
8140,Burlington,US BUH,United States,,40.083333,-74.866667,seaport,[]
185,Bolungarvik,IS BOL,Iceland,,66.166667,-23.233333,seaport,[]
61140,Hanasaki Ko,JP HNK,Japan,,43.283333,145.583333,seaport,[]
61862,Himekawa,JP HMK,Japan,,37.033333,137.85,seaport,[]
61875,Eastern Part Of Niigata-Ko,JP NIH,Japan,,38.016667,139.233333,seaport,[]
61325,Kesennuma Ko,JP KSN,Japan,,38.866667,141.6,seaport,[]
61330,Onagawa,JP ONG,Japan,,38.45,141.45,seaport,[]
61340,Ishinomaki Ko,JP ISM,Japan,,38.4,141.316667,seaport,[]
62775,Mezen,RU MEZ,Russia,,65.833333,44.183333,seaport,[]
3350,Leamington,CA LMN,Canada,,42.033333,-82.6,seaport,[]
62890,Kandalaksha,RU KAN,Russia,,67.133333,32.416667,seaport,[]
62970,Mys Abram,,Russia,,68.983333,33.033333,seaport,[]
7440,Davisville Depot,US DVV,United States,,41.616667,-71.4,seaport,[]
8000,Barnegat,US BG7,United States,,39.766667,-74.1,seaport,[]
61277,Noshiro Ko,JP NSR,Japan,,40.216667,140.0,seaport,[]
61130,Nemuro Ko,JP NEM,Japan,,43.333333,145.583333,seaport,[]
61170,Muroran Ko,JP MUR,Japan,,42.35,140.966667,seaport,[]
61205,Esasi Ko,JP ESI,Japan,,41.866667,140.116667,seaport,[]
61232,Isikari Wan,,Japan,,43.233333,141.366667,seaport,[]
62540,Okhotsk Iy Reyd,RU OHO,Russia,,59.366667,143.2,seaport,[]
62630,Nikol Skoye,,Russia,,55.2,165.983333,seaport,[]
8270,Fredericksburg,US FDB,United States,,38.3,-77.45,seaport,[]
105,Grundartangi,IS GRT,Iceland,,64.266667,-22.0,seaport,[]
61180,Mori,JP MOR,Japan,,42.116667,140.583333,seaport,[]
61822,Kanazawa,JP KNZ,Japan,,36.616667,136.6,seaport,[]
61850,Fushiki-Toyama,JP FTX,Japan,,36.766667,137.133333,seaport,[]
61865,Naoetsu Ko,JP NAO,Japan,,37.183333,138.25,seaport,[]
61867,Kashiwazaki,JP KWZ,Japan,,37.366667,138.55,seaport,[]
62900,Bolshaya Piryu Guba,,Russia,,66.673055556,34.361388889,seaport,[]
8150,Bristol,US UAC,United States,,40.1,-74.85,seaport,[]
760,Aasiaat,GL JEG,Greenland,,68.710833333,-52.868333333,seaport,[]
16960,Camas,US CMS,United States,,45.583333,-122.4,seaport,[]
1340,Goose Bay,CA GOO,Canada,,53.366667,-60.3,seaport,[]
56370,Kwajalein,MH KWA,Marshall Islands,,8.716667,167.733333,seaport,[]
19270,Klawock,US KLW,United States,,55.55,-133.1,seaport,[]
70,Keflavik,IS KEV,Iceland,,64.0,-22.55,seaport,[]
18070,Blaine,US BWS,United States,,49.0,-122.75,seaport,[]
810,Illulissat (Jakobshavn),GL JAV,Greenland,,69.216667,-51.1,seaport,[]
19260,Craig,US CGA,United States,,55.466667,-133.15,seaport,[]
21315,Olavsvern,NO RMJ,Norway,,69.525629248,19.007549286,seaport,[]
28496,Meeruse,EE MRS,Estonia,,59.45087,24.6722,seaport,[]
28520,Heltermaa,EE HLT,Estonia,,58.866684,23.048341,seaport,[]
28460,Loksa,EE LSA,Estonia,,59.583392,25.698938,seaport,[]
28498,Bekkeri,EE BEK,Estonia,,59.45454,24.66745,seaport,[]
28492,Lahesuu,EE LHS,Estonia,,59.457056204,24.703002723,seaport,[]
28482,Miiduranna,EE MDR,Estonia,,59.499402,24.816063,seaport,[]
28484,Muuga-Port of Tallin,EE MUG,Estonia,,59.500042,24.966693,seaport,[]
19750,Latouche,,United States,,60.0505,-147.9042,seaport,[]
19785,Coal Point,,United States,,59.6014,-151.4111,seaport,[]
12760,Port De Aracaju,BR AJU,Brazil,,-10.916667,-37.05,seaport,[]
35990,Saint Sampson,GG STS,Guernsey,,49.483333,-2.516667,seaport,[]
23055,Steinkjer,NO STE,Norway,,64.01,11.478611111,seaport,[]
2200,Port De Becancour,CA BEC,Canada,,46.4,-72.383333,seaport,[]
19860,Three Saints Bay,,United States,,57.116667,-153.5,seaport,[]
3340,Pelee I West Dock,,Canada,,41.766667,-82.683333,seaport,[]
32730,Sorvagur,FO SRV,Faroe Islands,,62.083333,-7.25,seaport,[]
19190,Union Bay,,United States,,55.766667,-132.216667,seaport,[]
44380,Rize,TR RIZ,Turkey,,41.066667,40.516667,seaport,[]
23990,Uddevalla,SE UDD,Sweden,,58.334722222,11.8775,seaport,[]
17440,Port Orchard,US PXO,United States,,47.533333,-122.633333,seaport,[]
840,Qeqertarsuaq,GL JGO,Greenland,,69.233333,-53.533333,seaport,[]
20370,Unalakleet,US UNK,United States,,63.883333,-160.783333,seaport,[]
31140,Rotterdam,NL RTM,Netherlands,,51.9,4.483333,seaport,[]
14635,Puerto Calderilla,CL CAA,Chile,,-27.083333,-70.866667,seaport,[]
34950,Swansea,GB SWA,United Kingdom,,51.616667,-3.95,seaport,[]
20425,Shishmaref,US SHH,United States,,66.25,-166.083333,seaport,[]
3610,Rouge River,,United States,,42.283333,-83.116667,seaport,[]
1040,Pangnirtung,CA PNT,Canada,,66.133333,-65.75,seaport,[]
17120,Port Angeles,US CLM,United States,,48.116667,-123.433333,seaport,[]
26730,Ornskoldsvik,SE OER,Sweden,,63.283333,18.716667,seaport,[]
23139,Stura,NO STU,Norway,,60.622222222,4.863333333,seaport,[]
20700,Vardo,NO VAO,Norway,,70.376944444,31.105555556,seaport,[]
12485,Porto Santana,BR STN,Brazil,,-0.05,-51.183333,seaport,[]
2430,Papineauville,CA PPV,Canada,,45.616667,-75.016667,seaport,[]
26290,Utansjo,SE UTA,Sweden,,62.766667,17.933333,seaport,[]
18850,Sointula,,Canada,,50.633333,-127.016667,seaport,[]
27870,Signilskar,,Finland,,60.2,19.333333,seaport,[]
35370,Plymouth,GB PLY,United Kingdom,,50.366667,-4.15,seaport,[]
19140,Ward Cove,US WDC,United States,,55.4,-131.733333,seaport,[]
30630,Ringkobing,DK RKG,Denmark,,56.083333,8.25,seaport,[]
23720,Tonsberg,NO TON,Norway,,59.262222222,10.41,seaport,[]
31760,Sunderland,GB SUN,United Kingdom,,54.916667,-1.366667,seaport,[]
3860,Owen Sound,CA OWS,Canada,,44.583333,-80.933333,seaport,[]
19390,Port Conclusion,,United States,,56.25,-134.683333,seaport,[]
6575,Port Bayside Nb,CA BST,Canada,,45.15,-67.133333,seaport,[]
16950,Vancouver,US VAN,United States,,45.633333,-122.683333,seaport,[]
44090,Yeysk,RU YEY,Russia,,46.733333,38.266667,seaport,[]
12750,Porto De Maceio,BR MCZ,Brazil,,-9.666667,-35.733333,seaport,[]
27400,Tornio,FI TOR,Finland,,65.766667,24.166667,seaport,[]
27780,Rauma,FI RAU,Finland,,61.125,21.446111111,seaport,[]
19840,Port Hobron,,United States,,57.166667,-153.166667,seaport,[]
14250,Puerto Quemchi,CL QMC,Chile,,-42.15,-73.483333,seaport,[]
7270,Scituate,US SCU,United States,,42.2,-70.716667,seaport,[]
13790,Quequen,AR QQN,Argentina,,-38.583333,-58.7,seaport,[]
28185,Porkkala,FI POA,Finland,,60.083333,24.383333,seaport,[]
8510,Port Royal,US PRJ,United States,,32.366667,-80.683333,seaport,[]
20060,Unga,,United States,,55.183333,-160.5,seaport,[]
27520,Oulu,FI OUL,Finland,,65.016667,25.4,seaport,[]
35715,Ramsgate,GB RMG,United Kingdom,,51.333333,1.416667,seaport,[]
4000,Port Severn,,Canada,,44.8,-79.716667,seaport,[]
19030,Port Clements,CA PCS,Canada,,53.683333,-132.183333,seaport,[]
2980,Oshawa,CA OSH,Canada,,43.866667,-78.816667,seaport,[]
20690,Vadso,NO VDS,Norway,,70.072222222,29.741388889,seaport,[]
35600,Portsmouth Harbour,"GB ME""""",United Kingdom,,50.8,-1.1,seaport,[]
18942,Porpoise Harbor,,Canada,,54.216667,-130.283333,seaport,[]
3330,Pelee I North Wharf,CA DLM,Canada,,41.816667,-82.666667,seaport,[]
20220,Pilot Point,US PIP,United States,,57.566667,-157.6,seaport,[]
32950,Uig,GB UIG,United Kingdom,,57.583333,-6.35,seaport,[]
3700,Sarnia,CA SNI,Canada,,42.983333,-82.416667,seaport,[]
33020,Stornoway Harbor,GB STO,United Kingdom,,58.183333,-6.366667,seaport,[]
2970,Port Hope,CA OPE,Canada,,43.933333,-78.283333,seaport,[]
2150,Riviere Du Loup,CA RDL,Canada,,47.833333,-69.516667,seaport,[]
19400,Port Alexander,US PTD,United States,,56.25,-134.65,seaport,[]
13570,Parana,AR PRA,Argentina,,-31.716667,-60.533333,seaport,[]
13560,Santa Fe,AR SFN,Argentina,,-31.65,-60.7,seaport,[]
34610,Workington,GB WOR,United Kingdom,,54.566667,-3.633333,seaport,[]
32360,Portmahomack Harbor,GB PMK,United Kingdom,,57.833333,-3.833333,seaport,[]
26180,Soraker,SE SOR,Sweden,,62.5,17.5,seaport,[]
18090,Steveston,CA SVN,Canada,,49.133333,-123.183333,seaport,[]
14630,Puerto Caldera,CL CLD,Chile,,-27.05,-70.833333,seaport,[]
34980,Port Talbot,GB PTB,United Kingdom,,51.583333,-3.816667,seaport,[]
21820,Reine,NO REI,Norway,,67.938611111,13.101666667,seaport,[]
12600,Tutoia,BR TUT,Brazil,,-2.783333,-42.283333,seaport,[]
19585,Port Chilkoot,,United States,,59.233333,-135.433333,seaport,[]
28605,Salacgriva,LV SAL,Latvia,,57.7,24.366667,seaport,[]
44490,Zonguldak,TR ZON,Turkey,,41.466667,31.816667,seaport,[]
32590,Scalloway,GB SWY,United Kingdom,,60.133333,-1.283333,seaport,[]
20420,Savoonga,US SVA,United States,,63.683333,-170.4,seaport,[]
4480,Rockport,,United States,,45.2,-83.383333,seaport,[]
610,Paamuit (Frederikshab),GL JFR,Greenland,,62.0,-49.666667,seaport,[]
3980,Waubaushene,,Canada,,44.766667,-79.716667,seaport,[]
19380,Port Armstrong,US PTL,United States,,56.3,-134.666667,seaport,[]
19230,Rose Inlet,,United States,,54.95,-132.966667,seaport,[]
30910,Wilhelmshaven,DE WVN,Germany,,53.533333,8.166667,seaport,[]
23195,Tranneset,,Norway,,60.416667,5.016667,seaport,[]
20210,Port Heiden,US PTH,United States,,56.883333,-158.7,seaport,[]
25380,Stockholm,SE STO,Sweden,,59.333333,18.05,seaport,[]
19730,Port Ashton,,United States,,60.066667,-148.05,seaport,[]
1795,Port Aux Basques,CA PBQ,Canada,,47.566667,-59.133333,seaport,[]
43572,Tulcea,RO TCE,Romania,,45.166667,28.816667,seaport,[]
20175,Skoot Cove,,United States,,52.716667,174.066667,seaport,[]
32430,Whitehall,GB WHL,United Kingdom,,59.133333,-2.6,seaport,[]
4290,Sault Ste Marie,CA SSM,Canada,,46.516667,-84.35,seaport,[]
19490,Todd,,United States,,57.466667,-135.05,seaport,[]
6220,Sonora,,Canada,,45.066667,-61.916667,seaport,[]
44070,Rostov-Na-Donu,RU RND,Russia,,47.166667,39.716667,seaport,[]
5170,Quebec Harbour,,Canada,,47.7,-85.8,seaport,[]
2300,Vaudreuil,CA DON,Canada,,45.4,-74.033333,seaport,[]
8390,Washington,US KJH,United States,,35.55,-77.05,seaport,[]
20230,Ugashik,US UGS,United States,,57.533333,-157.416667,seaport,[]
5620,Shippegan,CA SHP,Canada,,47.75,-64.7,seaport,[]
19620,Yakutat,US YAK,United States,,59.55,-139.733333,seaport,[]
3095,St Catherine,CA SC4,Canada,,43.183333,-79.283333,seaport,[]
21970,Ulvik,NO UVK,Norway,,68.560833333,16.233888889,seaport,[]
43835,Sudak,,Ukraine,,44.85,34.983333,seaport,[]
9270,Port Lavaca,US PLV,United States,,28.616667,-96.616667,seaport,[]
23770,Svelvik,NO SVV,Norway,,59.620277778,10.411388889,seaport,[]
23040,Rorvik,NO RVK,Norway,,64.864722222,11.251944444,seaport,[]
35630,Shoreham Harbour,GB SHO,United Kingdom,,50.816667,-0.25,seaport,[]
16980,The Dalles,US DLS,United States,,45.6,-121.183333,seaport,[]
3580,Trenton,US XNG,United States,,42.133333,-83.166667,seaport,[]
4030,Parry Sound,CA PRS,Canada,,45.333333,-80.033333,seaport,[]
13660,Ramallo,AR RAM,Argentina,,-33.483333,-60.016667,seaport,[]
33880,Rathmullan,IE RAT,Ireland,,55.1,-7.533333,seaport,[]
44060,Taganrog,RU TAG,Russia,,47.2,38.95,seaport,[]
25700,Sandarne,SE SAE,Sweden,,61.266667,17.183333,seaport,[]
24000,Stenungsund,SE STE,Sweden,,58.079722222,11.8,seaport,[]
31980,Rosyth,GB ROY,United Kingdom,,56.016667,-3.433333,seaport,[]
18980,Stewart,CA STW,Canada,,55.933333,-130.0,seaport,[]
32470,St Margarets Hope,GB SGP,United Kingdom,,58.833333,-2.95,seaport,[]
19760,Seward,US SWD,United States,,60.1,-149.433333,seaport,[]
3270,Port Dover,CA PDV,Canada,,42.783333,-80.2,seaport,[]
19320,Washington Bay,US HQJ,United States,,56.733333,-134.35,seaport,[]
17020,Raymond,US ACC,United States,,46.683333,-123.733333,seaport,[]
3260,Port Maitland,CAPTM,Canada,,42.85,-79.583333,seaport,[]
20130,Unalaska,US UAA,United States,,53.866667,-166.533333,seaport,[]
28870,Wismar,DE WIS,Germany,,53.9,11.466667,seaport,[]
21510,Sjovegan,NO SJV,Norway,,68.873611111,17.828611111,seaport,[]
2940,Trenton,CA TTC,Canada,,44.1,-77.566667,seaport,[]
5290,Presque Isle,US PSS,United States,,46.566667,-87.383333,seaport,[]
7280,Plymouth,US PYM,United States,,41.95,-70.666667,seaport,[]
12335,Puerto Ordaz,VE PZO,Venezuela,,8.35,-62.716667,seaport,[]
3092,Thorold,CA THD,Canada,,43.083333,-79.716667,seaport,[]
23118,Orstav,NO ORS,Norway,,62.196111111,6.114444444,seaport,[]
45835,Rio Cacheu,GW CAC,Guinea-Bissau,,12.283333,-16.233333,seaport,[]
35410,Torquay Harbour,GB TOR,United Kingdom,,50.466667,-3.533333,seaport,[]
2880,Picton,CA PIC,Canada,,44.016667,-77.133333,seaport,[]
19210,Wrangell,US WRG,United States,,56.466667,-132.383333,seaport,[]
24260,Ystad,SE YST,Sweden,,55.418333333,13.818055556,seaport,[]
21910,Skrova Havn,NO SRO,Norway,,68.165833333,14.664166667,seaport,[]
30970,Papenburg,DE PAP,Germany,,53.1,7.383333,seaport,[]
43750,Yevpatoriya,UA ZKA,Ukraine,,45.2,33.383333,seaport,[]
26890,Umea Hamn,SE UME,Sweden,,63.7,20.35,seaport,[]
14270,Puerto Montt,CL PMC,Chile,,-41.483333,-72.966667,seaport,[]
38270,Sevilla,ES SVQ,Spain,,37.366667,-6.0,seaport,[]
27535,Veitsiluoto,FI VEI,Finland,,65.7,24.616667,seaport,[]
3110,Queenston,CA QNS,Canada,,43.166667,-79.066667,seaport,[]
13970,Rio Grande,AR RGA,Argentina,,-53.783333,-67.683333,seaport,[]
3650,Walpole Island,,Canada,,42.616667,-82.516667,seaport,[]
16810,Waldport,,United States,,44.433333,-124.066667,seaport,[]
22750,Sandnessjoen,NO SSJ,Norway,,66.026388889,12.629444444,seaport,[]
1810,Stephenville,CA STV,Canada,,48.533333,-58.533333,seaport,[]
16790,Winchester Bay,,United States,,43.683333,-124.183333,seaport,[]
31120,Vlaardingen,NL VLA,Netherlands,,51.9,4.35,seaport,[]
20470,Wainwright,US AIN,United States,,70.65,-160.0,seaport,[]
27530,Raahe,FI RAA,Finland,,64.683333,24.416667,seaport,[]
12960,Sao Sebastiao,BR SSO,Brazil,,-23.8,-45.4,seaport,[]
24635,Stora Jatterson,SE JAT,Sweden,,57.1,16.566667,seaport,[]
18950,Prince Rupert,CA PRR,Canada,,54.316667,-130.333333,seaport,[]
31130,Schiedam,NL SCI,Netherlands,,51.9,4.4,seaport,[]
5770,Summerside,CA SUM,Canada,,46.4,-63.783333,seaport,[]
29580,Stubbekobing,DK SBK,Denmark,,54.883333,12.05,seaport,[]
3420,Tonawanda,US UZF,United States,,43.033333,-78.883333,seaport,[]
44420,Ordu,TR ORD,Turkey,,41.0,37.883333,seaport,[]
19650,Shepard Point,,United States,,60.633333,-145.666667,seaport,[]
2030,Rimouski,CA RIM,Canada,,48.45,-68.516667,seaport,[]
32230,Peterhead,GB PHD,United Kingdom,,57.5,-1.783333,seaport,[]
19870,Trap Point,,United States,,57.0,-154.15,seaport,[]
37150,Pauillac,FR PAP,France,,45.2,-0.75,seaport,[]
23046,Salsbruket,NO SBU,Norway,,64.797777778,11.860277778,seaport,[]
29710,Rodby Havn,DK ROF,Denmark,,54.65,11.35,seaport,[]
13080,Porto Alegre,BR POA,Brazil,,-30.033333,-51.233333,seaport,[]
32890,Plockton,GB PLO,United Kingdom,,57.333333,-5.65,seaport,[]
3390,Windsor,CA WND,Canada,,42.316667,-83.033333,seaport,[]
44460,Sinop,TR SIC,Turkey,,42.05,35.166667,seaport,[]
27650,Vaasa,FI VAA,Finland,,63.1,21.583333,seaport,[]
28820,Swinoujscie,PL SWI,Poland,,53.916667,14.266667,seaport,[]
3890,Thornbury,CA TBY,Canada,,44.566667,-80.45,seaport,[]
28840,Sassnitz,DE SAS,Germany,,54.516667,13.65,seaport,[]
23090,Trondheim,NO TRD,Norway,,63.448333333,10.401666667,seaport,[]
27250,Torehamn,SE TOE,Sweden,,65.9,22.65,seaport,[]
13950,Puerto Santa Cruz,AR RZA,Argentina,,-50.016667,-68.516667,seaport,[]
19050,Queen Charlotte,CA QCH,Canada,,53.25,-132.083333,seaport,[]
24940,Storugns,SE SUS,Sweden,,57.833333,18.8,seaport,[]
28912,Orth,DE ORT,Germany,,54.45,11.05,seaport,[]
14420,Talcahuano,CL TAL,Chile,,-36.7,-73.1,seaport,[]
1035,Padloping Island,,Canada,,67.033333,-62.733333,seaport,[]
510,Vestmannaeyjar,IS VES,Iceland,,63.433333,-20.283333,seaport,[]
31430,Tilbury,GB TIL,United Kingdom,,51.466667,0.333333,seaport,[]
19920,Port Obrien,,United States,,57.733333,-153.316667,seaport,[]
3930,Penetanguishene,CA PTH,Canada,,44.766667,-79.933333,seaport,[]
17320,Winslow,,United States,,47.616667,-122.516667,seaport,[]
31376,Thamesport,GB THP,United Kingdom,,51.433333,0.7,seaport,[]
18705,Port San Juan,,Canada,,48.55,-124.433333,seaport,[]
5440,Port Wing,,United States,,46.783333,-91.383333,seaport,[]
25370,Sandhamn,,Sweden,,59.283333,18.916667,seaport,[]
19440,Pelican,US PEC,United States,,57.966667,-136.233333,seaport,[]
13000,Sao Francisco,BR SFS,Brazil,,-26.25,-48.633333,seaport,[]
23105,Sunndalsora,NO SUN,Norway,,62.683333,8.55,seaport,[]
17940,Roche  Harbor,US RCE,United States,,48.616667,-123.166667,seaport,[]
18660,Sidney,CA SDY,Canada,,48.65,-123.383333,seaport,[]
17040,Westhaven Cove,US WSZ,United States,,46.916667,-124.116667,seaport,[]
4850,Racine,US RAC,United States,,42.733333,-87.783333,seaport,[]
29830,Svendborg,DK SVE,Denmark,,55.066667,10.616667,seaport,[]
32460,South Ness,,United Kingdom,,58.8,-3.2,seaport,[]
43790,Yalta,UA YAL,Ukraine,,44.483333,34.166667,seaport,[]
23736,Slagenstangen,NOSEG,Norway,,59.327777778,10.519444444,seaport,[]
23480,Stavanger,NO SVG,Norway,,58.966667,5.75,seaport,[]
5400,Washburn,US WZU,United States,,46.666667,-90.883333,seaport,[]
23870,Stromstad,SE SMD,Sweden,,58.933333,11.166667,seaport,[]
23470,Sandnes,NO SAS,Norway,,58.873333333,5.752777778,seaport,[]
1958,Port Cartier,CAPCA,Canada,,50.033333,-66.783333,seaport,[]
25280,Oxelosund,SE OXE,Sweden,,58.666667,17.116667,seaport,[]
5870,Port Hawkesbury,CA PHW,Canada,,45.616667,-61.366667,seaport,[]
12970,Santos,BR SSZ,Brazil,,-23.95,-46.3,seaport,[]
25395,Vasteras,SE VST,Sweden,,59.616667,16.55,seaport,[]
32820,Ullapool,GB ULL,United Kingdom,,57.9,-5.15,seaport,[]
3530,Sandusky,US SKY,United States,,41.45,-82.716667,seaport,[]
31690,Scarborough,GB SCA,United Kingdom,,54.283333,-0.4,seaport,[]
33030,Tarbert,GB TAR,United Kingdom,,57.9,-6.816667,seaport,[]
1820,St George's,,Canada,,48.45,-58.45,seaport,[]
32930,Portree Harbor,GB PRT,United Kingdom,,57.416667,-6.2,seaport,[]
13170,Paysandu,UY PDU,Uruguay,,-32.316667,-58.066667,seaport,[]
4500,Rogers City,US RCY,United States,,45.45,-83.816667,seaport,[]
2990,Port Whitby,CA WHI,Canada,,43.85,-78.933333,seaport,[]
34590,Silloth,GB SIL,United Kingdom,,54.866667,-3.4,seaport,[]
23630,Risor,NO RIS,Norway,,58.721944444,9.245277778,seaport,[]
19410,Sitka,US SIT,United States,,57.05,-135.333333,seaport,[]
18805,Tahsis,CA PTA,Canada,,49.916667,-126.666667,seaport,[]
33280,Port Ellen,GB PLN,United Kingdom,,55.633333,-6.2,seaport,[]
36000,Saint Peter Port,GG SPT,Guernsey,,49.45,-2.533333,seaport,[]
8320,Richmond,US RIC,United States,,37.533333,-77.416667,seaport,[]
4350,Port Huron,US PHN,United States,,43.0,-82.433333,seaport,[]
17730,Seattle,US SEA,United States,,47.6,-122.333333,seaport,[]
34196,Valentia,,Ireland,,51.933333,-10.3,seaport,[]
35450,Portland Harbour,GB PRH,United Kingdom,,50.583333,-2.433333,seaport,[]
4430,Tawas City,US TWY,United States,,44.266667,-83.5,seaport,[]
43747,Ust-Dunaisk,UA UDY,Ukraine,,45.466667,29.7,seaport,[]
19780,Seldovia,US SOV,United States,,59.433333,-151.733333,seaport,[]
7260,Quincy,US MQI,United States,,42.25,-70.966667,seaport,[]
25320,Sodertalje,SE SOE,Sweden,,59.183333,17.65,seaport,[]
3950,Tiffin,,Canada,,44.75,-79.85,seaport,[]
27790,Uusikaupunki,FI UKI,Finland,,60.8,21.4,seaport,[]
24310,Solvesborg,SE SOL,Sweden,,56.045555556,14.586388889,seaport,[]
32690,Torshavn,FO TOR,Faroe Islands,,62.0,-6.75,seaport,[]
29110,Ronne,DK RNN,Denmark,,55.1,14.7,seaport,[]
7290,Provincetown,US PVC,United States,,42.05,-70.183333,seaport,[]
27330,Sandvik,SE SAK,Sweden,,65.733333,23.766667,seaport,[]
4720,Saugatuck,,United States,,42.666667,-86.2,seaport,[]
32720,Vestmanna,FO VES,Faroe Islands,,62.15,-7.166667,seaport,[]
26280,Ulvvik,,Sweden,,62.666667,17.866667,seaport,[]
13965,San Sebastian Bay,AR SSN,Argentina,,-53.166667,-68.5,seaport,[]
44603,Yarimca,TR YAR,Turkey,,40.8,29.7,seaport,[]
25550,Skutskar,SE SSR,Sweden,,60.65,17.4,seaport,[]
32500,Scapa Bay,GB SCF,United Kingdom,,58.95,-2.983333,seaport,[]
31600,Wisbech,GB WIS,United Kingdom,,52.666667,0.15,seaport,[]
23710,Sandefjorden,NOSAD,Norway,,59.100555556,10.233055556,seaport,[]
23730,Valloy,NO VAL,Norway,,59.258055556,10.49,seaport,[]
9260,Palacios,US PSX,United States,,28.683333,-96.216667,seaport,[]
5470,Two Harbors,US THB,United States,,47.016667,-91.65,seaport,[]
17030,Willapa Harbor,US WIH,United States,,46.683333,-123.75,seaport,[]
24440,Ronneby,SE RNB,Sweden,,56.172777778,15.301388889,seaport,[]
29545,Stigsnaesvaerket,DK SIT,Denmark,,55.2,11.25,seaport,[]
28300,Vyborg,RU VYG,Russia,,60.716667,28.75,seaport,[]
13830,Puerto Nacional,AR PNL,Argentina,,-38.8,-62.283333,seaport,[]
19639,Orca,US OSZ,United States,,60.583333,-145.716667,seaport,[]
400,Seydhisfjordhur,IS SEY,Iceland,,65.266667,-14.0,seaport,[]
23095,Thamshamm,,Norway,,63.323611111,9.872222222,seaport,[]
13640,Villa Constitucion,AR VCN,Argentina,,-33.233333,-60.333333,seaport,[]
5800,Pictou,CA PTO,Canada,,45.666667,-62.716667,seaport,[]
3540,Port Clinton,US PCN,United States,,41.516667,-82.933333,seaport,[]
35250,Penzance,GB PEN,United Kingdom,,50.116667,-5.533333,seaport,[]
35690,Rye Harbour,GB RU7,United Kingdom,,50.933333,0.766667,seaport,[]
25800,Stocka,SE STA,Sweden,,61.9,17.35,seaport,[]
30440,Skagen Havn,DK SKA,Denmark,,57.716667,10.6,seaport,[]
33060,Ornsay,,United Kingdom,,57.15,-5.8,seaport,[]
19470,Tenakee Springs,US TKE,United States,,57.783333,-135.2,seaport,[]
33140,Tobermory,GB TOB,United Kingdom,,56.616667,-6.066667,seaport,[]
21690,Stokkmarknes,NO SKN,Norway,,68.566667,14.916667,seaport,[]
32180,Perth,GB PER,United Kingdom,,56.4,-3.45,seaport,[]
13060,Rio Grande,BR RIG,Brazil,,-32.05,-52.083333,seaport,[]
27755,Tahkoluoto,FI THK,Finland,,61.633333,21.4,seaport,[]
16710,Port Orford,US PO2,United States,,42.733333,-124.5,seaport,[]
22160,Tranoy,NO TRY,Norway,,68.180833333,15.673611111,seaport,[]
13840,Puerto Galvan,AR PGV,Argentina,,-38.783333,-62.3,seaport,[]
7200,Rockport,US JRT,United States,,42.666667,-70.616667,seaport,[]
29905,Skaerbaek,DK SKB,Denmark,,55.516667,9.616667,seaport,[]
32450,Stromness,GB SNS,United Kingdom,,58.966667,-3.3,seaport,[]
17550,Quartermaster Harbor,,United States,,47.383333,-122.466667,seaport,[]
18330,Westview,,Canada,,49.834166667,-124.531944444,seaport,[]
20190,Village Cove,,United States,,57.133333,-170.266667,seaport,[]
7350,Vineyard Haven,US VYH,United States,,41.45,-70.6,seaport,[]
4880,Sheboygan,US SBM,United States,,43.75,-87.7,seaport,[]
2340,St Andrews East,CA SAE,Canada,,45.566667,-74.333333,seaport,[]
17700,Tacoma,US TIW,United States,,47.283333,-122.416667,seaport,[]
33550,Troon,GB TRN,United Kingdom,,55.55,-4.683333,seaport,[]
17900,Richardson,,United States,,48.45,-122.9,seaport,[]
25720,Soderhamn,SE SOO,Sweden,,61.3,17.083333,seaport,[]
3000,Toronto,CA TOR,Canada,,43.616667,-79.383333,seaport,[]
34150,Tarbert,IE TAR,Ireland,,52.583333,-9.366667,seaport,[]
16730,Prosper,US QPX,United States,,43.15,-124.366667,seaport,[]
13960,Puerto Gallegos,AR RGL,Argentina,,-51.616667,-68.966667,seaport,[]
12510,Santarem,BR STM,Brazil,,-2.416667,-54.716667,seaport,[]
24030,Varberg,SE VAG,Sweden,,57.108888889,12.2325,seaport,[]
28750,Police,PL PLC,Poland,,53.566667,14.566667,seaport,[]
23620,Tvedestrand,NO TVE,Norway,,58.611666667,8.9425,seaport,[]
44450,Samsun,TR SSX,Turkey,,41.3,36.35,seaport,[]
3510,Vermilion,US VE9,United States,,41.433333,-82.366667,seaport,[]
26420,Vaja,SE VAJ,Sweden,,62.983333,17.716667,seaport,[]
28620,Ventspils,LV VNT,Latvia,,57.4,21.533333,seaport,[]
28828,Wolgast,DE WOL,Germany,,54.05,13.783333,seaport,[]
35415,Teignmouth Harbour,GB TNM,United Kingdom,,50.55,-3.5,seaport,[]
14440,Penco,CL PEO,Chile,,-36.716667,-73.0,seaport,[]
17160,Port Townsend,US TWD,United States,,48.116667,-122.75,seaport,[]
31210,Vlissingen,NL VLI,Netherlands,,51.45,3.6,seaport,[]
20390,Solomon,US SOL,United States,,64.55,-164.4,seaport,[]
18760,Ucluelet,CA UCL,Canada,,48.95,-125.55,seaport,[]
790,Qasigiannguit-Christianshab,GL JCH,Greenland,,68.816667,-51.183333,seaport,[]
32380,Wick,GB WIC,United Kingdom,,58.433333,-3.083333,seaport,[]
16840,Warrenton,US WTO,United States,,46.166667,-123.916667,seaport,[]
35170,Padstow,GB PAD,United Kingdom,,50.55,-4.933333,seaport,[]
13900,Puerto Madryn,AR PMY,Argentina,,-42.766667,-65.033333,seaport,[]
23140,Vaksdal,NO VAK,Norway,,60.478333333,5.732777778,seaport,[]
4460,Oscoda,US OSC,United States,,44.416667,-83.316667,seaport,[]
43510,Varna,BG VAR,Bulgaria,,43.183333,27.966667,seaport,[]
23810,Oslo,NO OSL,Norway,,59.898055556,10.745555556,seaport,[]
26800,Rundvik,SE RUV,Sweden,,63.533333,19.45,seaport,[]
32680,Tvoroyri,FO TVO,Faroe Islands,,61.55,-6.8,seaport,[]
24250,Trelleborg,SE TRG,Sweden,,55.36,13.150555556,seaport,[]
4220,Thessalon,CA THS,Canada,,46.25,-83.566667,seaport,[]
13250,Puerto De Asuncion,PY ASU,Paraguay,,-25.266667,-57.683333,seaport,[]
43655,Yuzhnyy,UA YZE,Ukraine,,46.6,31.016667,seaport,[]
23670,Porsgrunn,NO POR,Norway,,59.147222222,9.653888889,seaport,[]
19250,Waterfall,US KWF,United States,,55.3,-133.233333,seaport,[]
24810,Ronehamn,SE RNH,Sweden,,57.116667,18.5,seaport,[]
44140,Temryuk,RU TMR,Russia,,45.35,37.35,seaport,[]
13630,Rosario,AR ROS,Argentina,,-32.95,-60.633333,seaport,[]
18130,Port Coquitlam,CA PTC,Canada,,49.233333333,-122.766666667,seaport,[]
27850,Tolkkinen,FI TOK,Finland,,60.033333,25.583333,seaport,[]
31360,Whitstable,GB WTS,United Kingdom,,51.366667,1.033333,seaport,[]
6550,St John,CA SJB,Canada,,45.266667,-66.05,seaport,[]
13650,San Nicolas,AR SNS,Argentina,,-33.333333,-60.233333,seaport,[]
30457,Thisted,DK TED,Denmark,,56.95,8.7,seaport,[]
4830,Waukegan,US UGN,United States,,42.366667,-87.816667,seaport,[]
44230,Tuapse,RU TUA,Russia,,44.1,39.066667,seaport,[]
13690,Puerto Ibicuy,AR IBY,Argentina,,-33.75,-59.183333,seaport,[]
31220,Terneuzen,NL TNZ,Netherlands,,51.35,3.816667,seaport,[]
23460,Sauda,NO SAU,Norway,,59.636944444,6.341111111,seaport,[]
22520,Ornes,NO SVI,Norway,,66.864722222,13.706944444,seaport,[]
13800,Puerto Rosales,AR PRS,Argentina,,-38.933333,-62.066667,seaport,[]
31700,Whitby,GB WTB,United Kingdom,,54.483333,-0.616667,seaport,[]
4410,Saginaw,US SGM,United States,,43.433333,-83.933333,seaport,[]
4740,St Joseph,US SXX,United States,,42.116667,-86.483333,seaport,[]
43673,Port Oktyabrsk,UA OCT,Ukraine,,46.833333,31.933333,seaport,[]
20090,Sanak,,United States,,54.483333,-162.816667,seaport,[]
30285,Studstrup,DK SSV,Denmark,,56.25,10.35,seaport,[]
35790,Saint-Valery-Sur-Somme,FR SVS,France,,50.183333,1.616667,seaport,[]
17410,Silverdale,US SIF,United States,,47.65,-122.7,seaport,[]
2470,Rockland,CA ROK,Canada,,45.55,-75.3,seaport,[]
20305,Platinum,US PTU,United States,,59.016667,-161.833333,seaport,[]
35210,St. Mary's (Scilly Isl.),GB SVZ,United Kingdom,,49.916667,-6.316667,seaport,[]
6650,Wyman,,United States,,44.516667,-67.866667,seaport,[]
19900,Uyak,US KUY,United States,,57.633333,-154.0,seaport,[]
16870,Tongue Point,,United States,,46.2,-123.75,seaport,[]
19770,Port Graham,US PGM,United States,,59.35,-151.816667,seaport,[]
21140,Talvik,,Norway,,70.033333333,22.95,seaport,[]
32410,Pierowall,GB PIE,United Kingdom,,59.317777778,-2.988611111,seaport,[]
1020,Pond Inlet,CA PDI,Canada,,72.75,-76.75,seaport,[]
29660,Sakskobing,DK SAX,Denmark,,54.8,11.633333,seaport,[]
23525,Stusvik,,Norway,,58.004444444,7.034166667,seaport,[]
21900,Svolvaer,NO SVJ,Norway,,68.233333,14.583333,seaport,[]
19280,Steamboat Bay,US WSB,United States,,55.533333,-133.633333,seaport,[]
6500,Windsor,CA WDR,Canada,,45.0,-64.15,seaport,[]
17010,South Bend,US ACJ,United States,,46.666667,-123.783333,seaport,[]
20360,St. Michael,US SMK,United States,,63.483333,-162.033333,seaport,[]
43570,Sulina,RO SUL,Romania,,45.166667,29.666667,seaport,[]
14220,Puerto Castro,CL WCA,Chile,,-42.483333,-73.766667,seaport,[]
3710,Point Edward,CA PEW,Canada,,43.0,-82.416667,seaport,[]
4560,Sault Ste Marie,US SSM,United States,,46.5,-84.35,seaport,[]
2210,Trois Rivieres,CA TRR,Canada,,46.35,-72.55,seaport,[]
13130,Puerto Sauce,UY JLC,Uruguay,,-34.433333,-57.45,seaport,[]
24950,Visby,SE VBY,Sweden,,57.633333,18.283333,seaport,[]
19740,San Juan Cannery,US PJS,United States,,60.05,-148.066667,seaport,[]
28823,Szczecin,PL SZZ,Poland,,53.416667,14.55,seaport,[]
13820,Puerto Ingeniero White,AR INW,Argentina,,-38.8,-62.266667,seaport,[]
28848,Stralsund,DE STL,Germany,,54.316667,13.1,seaport,[]
13600,Puerto San Martin,AR SMA,Argentina,,-32.716667,-60.733333,seaport,[]
12491,Vila Do Conde,BR VDC,Brazil,,-1.55,-48.75,seaport,[]
29560,Vordingborg,DK VOR,Denmark,,55.0,11.9,seaport,[]
23485,Skudeneshavn,NO SKU,Norway,,59.143333333,5.258333333,seaport,[]
35330,Par,GB PAR,United Kingdom,,50.35,-4.7,seaport,[]
31750,Seaham,GB SEA,United Kingdom,,54.833333,-1.316667,seaport,[]
13670,San Pedro,AR SPD,Argentina,,-33.583333,-59.816667,seaport,[]
7360,Woods Hole,US WHO,United States,,41.516667,-70.666667,seaport,[]
542,Qutdleq,,Greenland,,61.516667,-42.216667,seaport,[]
19830,Womens Bay,,United States,,57.716667,-152.516667,seaport,[]
8822,Southwest Pass,US SW8,United States,,28.45,-90.7,seaport,[]
28860,Rostock,DE RSK,Germany,,54.1,12.133333,seaport,[]
19950,Port Vita,,United States,,58.066667,-153.066667,seaport,[]
30060,Sonderborg,DK SGD,Denmark,,54.916667,9.783333,seaport,[]
17230,Port Gamble,US PGH,United States,,47.85,-122.583333,seaport,[]
35460,Weymouth Harbour,GB WEY,United Kingdom,,50.616667,-2.45,seaport,[]
27990,Pargas,FI PAR,Finland,,60.283333,22.066667,seaport,[]
1955,Sept Iles,CA SEI,Canada,,50.2,-66.383333,seaport,[]
34020,Westport,IE WES,Ireland,,53.8,-9.533333,seaport,[]
32630,Sullom Voe,GB SUL,United Kingdom,,60.466667,-1.3,seaport,[]
2520,Ottawa,CA OTT,Canada,,45.433333,-75.7,seaport,[]
29530,Skaelskor,DK SSK,Denmark,,55.25,11.3,seaport,[]
3750,Port Elgin,CA PEL,Canada,,44.433333,-81.4,seaport,[]
18160,Port Moody,CA PMO,Canada,,49.283333,-122.883333,seaport,[]
31050,Zaandam,NL ZAA,Netherlands,,52.433333,4.833333,seaport,[]
31370,Sheerness,GB SHS,United Kingdom,,51.45,0.75,seaport,[]
35560,Yarmouth Harbour,GB YMO,United Kingdom,,50.7,-1.5,seaport,[]
24690,Oskarshamn,SE OSK,Sweden,,57.266667,16.45,seaport,[]
44345,Supsa Marine Terminal,GE SPS,Georgia,,42.1,41.716667,seaport,[]
25910,Sundsvall,SE SDL,Sweden,,62.383333,17.35,seaport,[]
17110,Sekiu,,United States,,48.266667,-124.3,seaport,[]
43710,Skadovs'k,UA SKD,Ukraine,,46.1,32.916667,seaport,[]
1670,St John's,CASJF,Canada,,47.566667,-52.7,seaport,[]
13930,Puerto Deseado,AR PUD,Argentina,,-47.75,-65.9,seaport,[]
26140,Vivstavarv,SE VIV,Sweden,,62.483333,17.35,seaport,[]
35480,Poole Harbour,GB POO,United Kingdom,,50.683333,-1.95,seaport,[]
24840,Slite,SE SLI,Sweden,,57.7,18.816667,seaport,[]
32676,Vagur,FO VAG,Faroe Islands,,61.483333,-6.8,seaport,[]
4340,St Clair,US SCL,United States,,42.816667,-82.483333,seaport,[]
14650,Taltal,CL TTC,Chile,,-25.4,-70.483333,seaport,[]
20483,Prudhoe Bay,US SCC,United States,,70.333333,-148.416667,seaport,[]
16800,Reedsport,,United States,,43.7,-124.1,seaport,[]
2330,St Placide,CA PLI,Canada,,45.533333,-74.2,seaport,[]
16890,Rainier,US RAI,United States,,46.083333,-122.933333,seaport,[]
13981,Villa Constitucion,,Argentina,,-33.3,-60.333333,seaport,[]
20135,Palisades Point,,United States,,52.233333,-174.166667,seaport,[]
33480,Renfrew,GB REN,United Kingdom,,55.883333,-4.383333,seaport,[]
16940,Portland,US PDX,United States,,45.516667,-122.666667,seaport,[]
1000,Pituffik (Thule Air Base),GL THU,Greenland,,76.533333,-68.866667,seaport,[]
3660,Sombra,CA SOM,Canada,,42.716667,-82.483333,seaport,[]
3590,Wyandotte,US WYD,United States,,42.2,-83.15,seaport,[]
3010,Port Credit,CA PCR,Canada,,43.55,-79.583333,seaport,[]
32702,Runavik,FO RVK,Faroe Islands,,62.116667,-6.716667,seaport,[]
30730,Rendsburg,DE REN,Germany,,54.3,9.683333,seaport,[]
13700,Zarate,AR ZAE,Argentina,,-34.083333,-59.033333,seaport,[]
22940,Tjotta,NO TJL,Norway,,65.821111111,12.433333333,seaport,[]
4730,South Haven,US SOH,United States,,42.4,-86.283333,seaport,[]
4870,Port Washington,US PWA,United States,,43.383333,-87.866667,seaport,[]
35950,Rade De Cherbourg,FR CER,France,,49.65,-1.633333,seaport,[]
28770,Ustka,PL UST,Poland,,54.583333,16.85,seaport,[]
19180,Yes Bay,,United States,,55.916667,-131.8,seaport,[]
29760,Rudkobing,DK RKB,Denmark,,54.95,10.716667,seaport,[]
21670,Sortland,NO SLX,Norway,,68.696944444,15.421944444,seaport,[]
37040,Rochefort,FR RCO,France,,45.933333,-0.95,seaport,[]
29260,Tuborg,DK TUB,Denmark,,55.716667,12.583333,seaport,[]
4270,Richards Landing,,Canada,,46.3,-84.033333,seaport,[]
27080,Skelleftehamn,SE SFT,Sweden,,64.683333,21.233333,seaport,[]
19590,Skagway,US SGY,United States,,59.45,-135.333333,seaport,[]
23823,Tofte,NOHUR,Norway,,59.544166667,10.570555556,seaport,[]
5960,Whycocomagh,,Canada,,45.966667,-61.133333,seaport,[]
13940,Puerto San Julian,AR SJL,Argentina,,-49.316667,-67.7,seaport,[]
44320,Sokhumi,GE ABK,Georgia,,42.983333,40.983333,seaport,[]
12330,Palua,VE PLA,Venezuela,,8.366667,-62.683333,seaport,[]
23680,Skien,NO SKE,Norway,,59.199722222,9.603611111,seaport,[]
31280,Zeebrugge,BE ZEE,Belgium,,51.333333,3.2,seaport,[]
32780,Scrabster Harbor,GB SCR,United Kingdom,,58.616667,-3.55,seaport,[]
5450,Superior,US SUW,United States,,46.733333,-92.066667,seaport,[]
1750,Port De St Pierre,PM FSP,Saint Pierre and Miquelon,,46.783333,-56.166667,seaport,[]
43925,Reni,UA RNI,Ukraine,,45.433333,28.3,seaport,[]
37050,Tonnay Charente,FR TON,France,,45.933333,-0.9,seaport,[]
31720,Teesport,GB TEE,United Kingdom,,54.65,-1.133333,seaport,[]
33620,Ramsey,IM RAM,Isle of Man,,54.316667,-4.366667,seaport,[]
260,Siglufjorhurd,IS SIG,Iceland,,66.15,-18.916667,seaport,[]
13810,Puerto Belgrano,AR PBG,Argentina,,-38.883333,-62.1,seaport,[]
3760,Southampton,CA SON,Canada,,44.5,-81.383333,seaport,[]
28610,Riga,LV RIX,Latvia,,56.95,24.1,seaport,[]
5210,Thunder Bay,CA THU,Canada,,48.4,-89.233333,seaport,[]
19300,Petersburg,US PSG,United States,,56.816667,-132.95,seaport,[]
23835,Sarpsborg,NO SPG,Norway,,59.266667,11.1,seaport,[]
44240,Sochi,RU AER,Russia,,43.583333,39.733333,seaport,[]
3150,Sackets Harbor,,United States,,43.95,-76.116667,seaport,[]
31765,Tynemouth,GB TYM,United Kingdom,,55.0,-1.4,seaport,[]
1605,Port Union,,Canada,,48.5,-53.083333,seaport,[]
3770,Tobermory,GBTOB,Canada,,45.266667,-81.666667,seaport,[]
35580,Southampton,GB SOU,United Kingdom,,50.9,-1.4,seaport,[]
31070,Scheveningen,NL SCE,Netherlands,,52.1,4.266667,seaport,[]
3200,Rochester,US ROC,United States,,43.266667,-77.6,seaport,[]
25640,Vallvik,SE VAL,Sweden,,61.183333,17.166667,seaport,[]
20930,Sorvaer,NO SVR,Norway,,70.627222222,21.964722222,seaport,[]
2180,Quebec,CA QUE,Canada,,46.816667,-71.216667,seaport,[]
12980,Paranagua,BR PNG,Brazil,,-25.5,-48.516667,seaport,[]
3960,Port Mcnicoll,,Canada,,44.75,-79.8,seaport,[]
33570,Stranraer,GB STR,United Kingdom,,54.9,-5.033333,seaport,[]
6190,Stormont,CA SMT,Canada,,45.216667,-61.716667,seaport,[]
4380,Port Hope,,United States,,43.95,-82.7,seaport,[]
20040,Sand Point,US SDP,United States,,55.333333,-160.533333,seaport,[]
21870,Stamsund,NO SUZ,Norway,,68.121111111,13.848888889,seaport,[]
4680,White Lake,US WEK,United States,,43.383333,-86.35,seaport,[]
25060,Vastervik,SE VVK,Sweden,,57.766667,16.65,seaport,[]
17750,Point Wells,US OW4,United States,,47.783333,-122.4,seaport,[]
22350,Rognan,NO ROG,Norway,,67.108611111,15.397777778,seaport,[]
8350,Plymouth,US XKN,United States,,35.866667,-76.75,seaport,[]
23500,Rekefjord,NO REK,Norway,,58.325833333,6.258333333,seaport,[]
30460,Thyboron,DK THN,Denmark,,56.7,8.216667,seaport,[]
13055,Tramandai,BR TRM,Brazil,,-29.983333,-50.133333,seaport,[]
18820,Port Alice,CA PAC,Canada,,50.383333,-127.45,seaport,[]
13610,San Lorenzo,AR SLO,Argentina,,-32.75,-60.733333,seaport,[]
31830,Warkworth Harbour,GB WKO,United Kingdom,,55.333333,-1.583333,seaport,[]
23790,Storsteilene,,Norway,,59.816666667,10.6075,seaport,[]
8870,Port Of Memphis,US MEM,United States,,35.066667,-90.166667,seaport,[]
35110,Watchet Harbor,GB WAT,United Kingdom,,51.183333,-3.333333,seaport,[]
19670,Valdez,US VDZ,United States,,61.116667,-146.25,seaport,[]
25900,Stockvik,SE STK,Sweden,,62.333333,17.383333,seaport,[]
19990,Port William,US PWI,United States,,58.483333,-152.583333,seaport,[]
2460,Thurso,CA URS,Canada,,45.6,-75.233333,seaport,[]
28715,Port Polnochny,,Poland,,54.4,18.716667,seaport,[]
17250,Poulsbo,US PUL,United States,,47.733333,-122.65,seaport,[]
30190,Vejle,DK VEJ,Denmark,,55.716667,9.55,seaport,[]
29600,Stege,DK STE,Denmark,,54.983333,12.283333,seaport,[]
23487,Tananger,NO TAE,Norway,,58.93,5.570833333,seaport,[]
3550,Put In Bay,US PU2,United States,,41.65,-82.816667,seaport,[]
57070,Yandina,SB XYA,Solomon Islands,,-9.083333,159.216667,seaport,[]
27190,Pitea,SE PIT,Sweden,,65.316667,21.483333,seaport,[]
44390,Trabzon,TR TZX,Turkey,,41.016667,39.766667,seaport,[]
33370,Rothesay Harbor,GB RAY,United Kingdom,,55.833333,-5.05,seaport,[]
20200,Port Moller,US PML,United States,,55.983333,-160.566667,seaport,[]
16930,St Helens,US STH,United States,,45.866667,-122.8,seaport,[]
19807,Snug Harbor,,United States,,60.1,-152.583333,seaport,[]
21310,Tromso,NO TOS,Norway,,69.65,18.966667,seaport,[]
35040,Sharpness,GB SSS,United Kingdom,,51.716667,-2.483333,seaport,[]
28510,Osmussaar,EE OSM,Estonia,,59.3,23.366667,seaport,[]
4900,Two Rivers,US TWR,United States,,44.15,-87.566667,seaport,[]
13860,San Blas,AR BSB,Argentina,,-40.566667,-62.233333,seaport,[]
4130,Sheguiandah,,Canada,,45.9,-81.916667,seaport,[]
19810,Ouzinkie,US KOZ,United States,,57.916667,-152.5,seaport,[]
43760,Sevastopol,UA SVP,Ukraine,,44.616667,33.533333,seaport,[]
3220,Youngstown,US YTW,United States,,43.25,-79.05,seaport,[]
36370,Port De Roscoff-Bloscon,FR ROS,France,,48.733333,-3.983333,seaport,[]
33950,Sligo,IE SLI,Ireland,,54.266667,-8.466667,seaport,[]
5880,Port Hastings,CA PHA,Canada,,45.65,-61.4,seaport,[]
23330,Sagvag,,Norway,,59.771666667,5.378888889,seaport,[]
33470,Rothesay Dock,,United Kingdom,,55.9,-4.4,seaport,[]
35850,Port Of Rouen,FR URO,France,,49.45,1.066667,seaport,[]
3190,Sodus Bay,US SOD,United States,,43.266667,-76.983333,seaport,[]
24280,Simrishamn,SE SIM,Sweden,,55.558333333,14.358055556,seaport,[]
19589,Tanani Point,,United States,,59.283333,-135.45,seaport,[]
25050,Verkeback,SE VER,Sweden,,57.733333,16.533333,seaport,[]
18960,Port Simpson,CA PSI,Canada,,54.566667,-130.433333,seaport,[]
3810,Wiarton,CA YVV,Canada,,44.75,-81.133333,seaport,[]
18872,Port Mcneill,CA PMA,Canada,,50.583333,-127.083333,seaport,[]
5490,Washington Harbor,,United States,,47.916667,-89.15,seaport,[]
100,Reykjavik,IS REY,Iceland,,64.15,-21.933333,seaport,[]
51030,Pekalongan,ID PEX,Indonesia,,-6.85,109.7,seaport,[]
56590,Pohnpei Harbor,FM PNI,Federated States of Micronesia,,6.983333,158.2,seaport,[]
59988,Yangzhou,CN YZH,China,,32.266667,119.433333,seaport,[]
53050,Sailolof,,Indonesia,,-1.25,130.75,seaport,[]
59070,San Carlos,PH SCA,Philippines,,10.483333,123.416667,seaport,[]
690,Sisimiut,GL JHS,Greenland,,66.916667,-53.7,seaport,[]
50330,Palembang,ID PLM,Indonesia,,-2.983333,104.766667,seaport,[]
51020,Tegal,ID TEG,Indonesia,,-6.85,109.133333,seaport,[]
51040,Semarang,ID SRG,Indonesia,,-6.95,110.416667,seaport,[]
55600,Pangai,TO PAN,Tonga,,-19.8,-174.35,seaport,[]
62535,Slavyanka,RU SKA,Russia,,42.866667,131.383333,seaport,[]
3320,Rondeau,CA ENE,Canada,,42.266667,-81.9,seaport,[]
7470,Stonington,US SGN,United States,,41.333333,-71.9,seaport,[]
51720,Pelabuhan Sandakan,MY SDK,Malaysia,,5.833333,118.116667,seaport,[]
16970,Washougal,US W9A,United States,,45.583333,-122.35,seaport,[]
250,Saudarkrokur,IS SAU,Iceland,,65.75,-19.666667,seaport,[]
8890,Tri-City Port,,United States,,38.716667,-90.2,seaport,[]
53300,Thursday Island,AU TIS,Australia,,-10.583333,142.216667,seaport,[]
54940,Port Dalrymple,AU PTD,Australia,,-41.133333,146.833333,seaport,[]
62680,Pevek,RU PWE,Russia,,69.716667,170.3,seaport,[]
55000,Whangaroa,NZ WHR,New Zealand,,-35.05,173.766667,seaport,[]
53020,Tg. Sorong,,Indonesia,,-0.883333,131.233333,seaport,[]
61175,Tokachi,JP TOK,Japan,,42.25,143.3,seaport,[]
75,Straumsvik,IS STR,Iceland,,64.05,-22.05,seaport,[]
56530,Tinian,MP TIQ,Northern Mariana Islands,,14.966667,145.616667,seaport,[]
61090,Shakotan,,Russia,,43.866667,146.833333,seaport,[]
59976,Taicang,CN TAC,China,,31.65,121.2,seaport,[]
57100,Tulaghi,SB TLG,Solomon Islands,,-9.1,160.15,seaport,[]
56330,Wake Island,,Wake Island,,19.283333,166.616667,seaport,[]
61353,Soma,JP SOM,Japan,,37.833333,140.95,seaport,[]
56450,Tarawa Atoll,KI TRW,Kiribati,,1.333333,172.933333,seaport,[]
17990,Orcas,US XJY,United States,,48.6,-122.933333,seaport,[]
56290,Port Allen,US PAL,United States,,21.9,-159.583333,seaport,[]
4810,Wilmette,US XTT,United States,,42.083333,-87.683333,seaport,[]
50231,Ramba,,Indonesia,,-2.616667,104.133333,seaport,[]
52480,Teluk Beo,,Indonesia,,4.233333,126.783333,seaport,[]
55840,Papeete,PF PPT,French Polynesia,,-17.533333,-149.583333,seaport,[]
55080,Tauranga,NZ TRG,New Zealand,,-37.633333,176.166667,seaport,[]
28500,Vene-Balti,EE VEB,Estonia,,59.45696,24.65636,seaport,[]
28540,Virtsu,EE VIR,Estonia,,58.575016,23.510001,seaport,[]
28480,Vanasadam - Port of Tallinn,EE TLL,Estonia,,59.450128,24.766676,seaport,[]
62840,Rabocheostrovsk,,Russia,,64.991666667,34.795277778,seaport,[]
58690,Tacloban,PH TAC,Philippines,,11.25,125.0,seaport,[]
54410,Thevenard,AU THE,Australia,,-32.166667,133.65,seaport,[]
16680,Samoa,US IOR,United States,,40.816667,-124.183333,seaport,[]
56520,Saipan,MP SPN,Northern Mariana Islands,,15.2,145.683333,seaport,[]
61165,Tomakomai Ko,JP TMK,Japan,,42.633333,141.633333,seaport,[]
59820,Siasi,PH SSV,Philippines,,5.55,120.816667,seaport,[]
62810,Severodvinsk,RU SEW,Russia,,64.577222222,39.773055556,seaport,[]
56975,Port Noro,SB NOR,Solomon Islands,,-8.216667,157.183333,seaport,[]
8160,Trenton,US TTN,United States,,40.2,-74.766667,seaport,[]
52660,Wahai,ID WBA,Indonesia,,-2.783333,129.5,seaport,[]
51941,Pontianak,ID PNK,Indonesia,,-0.0166669999999,109.333333,seaport,[]
50510,Sibolga,ID SLG,Indonesia,,1.733333,98.766667,seaport,[]
54280,Wallaroo,AU WAL,Australia,,-33.933333,137.616667,seaport,[]
53840,Welshpool,AU WHL,Australia,,-38.7,146.466667,seaport,[]
51070,Rembang,ID REM,Indonesia,,-6.7,111.35,seaport,[]
51254,Tanjung Benete,ID BEN,Indonesia,,-8.9,116.75,seaport,[]
57434,Tantawan Marine Terminal,TH TTE,Thailand,,10.083333,101.416667,seaport,[]
53930,Western Port,AU WEP,Australia,,-38.35,145.233333,seaport,[]
51100,Tuban,ID TBN,Indonesia,,-6.733333,112.15,seaport,[]
62894,Vitino,RU VIT,Russia,,67.083333,32.316667,seaport,[]
51586,Tawa,MY TWU,Malaysia,,4.25,117.883333,seaport,[]
58695,Tanauan,PH TNU,Philippines,,11.1,125.016667,seaport,[]
51580,Sibu,MY SBW,Malaysia,,2.283333,111.816667,seaport,[]
19680,Whittier,US WQF,United States,,60.778333333,-148.694444444,seaport,[]
58870,Tagbilaran,PH TAG,Philippines,,9.65,123.85,seaport,[]
62910,Ostrovnoy Gremikha,RU GRH,Russia,,68.058333333,39.525555556,seaport,[]
56810,Rabaul,PG RAB,Papua New Guinea,,-4.2,152.183333,seaport,[]
28550,Parnu,EE PRN,Estonia,,58.383351,24.480001,seaport,[]
55800,Uturoa,PF UTU,French Polynesia,,-16.733333,-151.45,seaport,[]
60440,Wonsan,KP WON,North Korea,,39.166667,127.45,seaport,[]
58890,Tubigan,PH TON,Philippines,,9.95,123.966667,seaport,[]
48468,Sirus Oil Terminal,IR CYT,Iran,,29.016667,49.483333,seaport,[]
55560,Savusavu Bay,FJ SVU,Fiji,,-16.766667,179.333333,seaport,[]
53190,Suloga Harbor,,Papua New Guinea,,-9.216667,152.766667,seaport,[]
28515,Rohukula,EE RHK,Estonia,,58.90606,23.423923,seaport,[]
60981,Shakhtersk,RU SHA,Russia,,49.166667,142.066667,seaport,[]
57005,Ringgi Cove,SB RIN,Solomon Islands,,-8.116667,157.1,seaport,[]
56945,Queen Carola Harbor,,Papua New Guinea,,-5.166667,154.55,seaport,[]
53206,Oro Bay,PG ROR,Papua New Guinea,,-8.883333,148.483333,seaport,[]
55540,Suva Harbor,FJ SUV,Fiji,,-18.133333,178.416667,seaport,[]
60520,Senbong,,North Korea,,42.333333,130.4,seaport,[]
51180,Probolinggo,ID PRO,Indonesia,,-7.716667,113.216667,seaport,[]
53170,Samarai,PG SQT,Papua New Guinea,,-10.616667,150.666667,seaport,[]
61890,Ryotu Ko,JP RYO,Japan,,38.083333,138.566667,seaport,[]
61350,Sendai-Shiogama,JP SGM,Japan,,38.316667,141.033333,seaport,[]
28530,Roomassaare,EE RMS,Estonia,,58.21504,22.50695,seaport,[]
50700,Pangkalansusu,ID PKN,Indonesia,,4.116667,98.216667,seaport,[]
54660,Wyndham,AU WYN,Australia,,-15.466667,128.1,seaport,[]
62670,Tiksi,RU IKS,Russia,,71.644444444,128.890555556,seaport,[]
170,Thingeyri,IS TEY,Iceland,,65.883333,-23.483333,seaport,[]
8318,Warwick,,United States,,37.45,-77.416667,seaport,[]
60010,Wu Hu,,China,,31.333333,118.366667,seaport,[]
59990,Zhangjiangang,CN ZJG,China,,31.966667,120.4,seaport,[]
28506,Paldiski Pohjasadam,EE PLN,Estonia,,59.349752,24.047504,seaport,[]
50971,Poleng Oil Field,ID POL,Indonesia,,-6.65,112.916667,seaport,[]
60870,Vitaz Marine Terminal,,Russia,,52.7,143.55,seaport,[]
54325,Port Bonython,AU PBY,Australia,,-33.016667,137.766667,seaport,[]
55770,Vaitape,PF VAI,French Polynesia,,-16.5,-151.75,seaport,[]
55960,Port Rikitea,,French Polynesia,,-23.116667,-134.966667,seaport,[]
60880,Poronaysk,RU PRN,Russia,,49.216667,143.133333,seaport,[]
51910,Sampit,ID SMQ,Indonesia,,-2.516667,113.0,seaport,[]
51350,Waingapu,ID WGP,Indonesia,,-9.633333,120.216667,seaport,[]
57230,Port Vila,VU VLI,Vanuatu,,-17.733333,168.316667,seaport,[]
61855,Shimminato,,Japan,,36.766667,137.116667,seaport,[]
60582,Zarubino,RU ZAR,Russia,,42.633333,131.083333,seaport,[]
55680,Pago Pago Harbor,AS PPG,American Samoa,,-14.283333,-170.666667,seaport,[]
7430,Quonset Point,US NCO,United States,,41.583333,-71.4,seaport,[]
54290,Port Pirie,AU PPI,Australia,,-33.183333,138.016667,seaport,[]
62635,Port Beringovsky,RU BER,Russia,,63.063055556,179.3675,seaport,[]
62695,Port Dikson,RU DKS,Russia,,73.506388889,80.506111111,seaport,[]
58640,Port Borongan,PH BGV,Philippines,,11.6,125.433333,seaport,[]
56323,Tern Island,,United States,,23.866667,-166.283333,seaport,[]
53282,Vanimo,PG VAI,Papua New Guinea,,-2.683333,141.133333,seaport,[]
28490,Paljassaare,EE PAS,Estonia,,59.459102,24.70564,seaport,[]
56738,Wewak Harbor,PG WWK,Papua New Guinea,,-3.566667,143.633333,seaport,[]
52510,Ternate,ID TTE,Indonesia,,0.783333,127.383333,seaport,[]
28425,Sillamae,EE SLM,Estonia,,59.42612,27.73945,seaport,[]
3310,Port Stanley,CA PST,Canada,,42.666667,-81.2,seaport,[]
58770,Ormoc,PH ORC,Philippines,,11.0,124.6,seaport,[]
53160,Port Moresby,PG POM,Papua New Guinea,,-9.466667,147.133333,seaport,[]
52940,Serui,,Indonesia,,-1.9,136.25,seaport,[]
52140,Poso,ID PSJ,Indonesia,,-1.366667,120.75,seaport,[]
50300,Sungaigerong,ID SUG,Indonesia,,-2.983333,104.833333,seaport,[]
17650,Shelton,US XSI,United States,,47.216667,-123.1,seaport,[]
52295,Pomalaa,ID PUM,Indonesia,,-4.166667,121.6,seaport,[]
52870,Saumlaki,ID SXK,Indonesia,,-7.983333,131.3,seaport,[]
28525,Saaremaa sadam,EE SMA,Estonia,,58.536129,22.236096,seaport,[]
50441,Pulau Baai,,Indonesia,,-3.916667,102.283333,seaport,[]
52560,Patani,,Indonesia,,0.366667,128.75,seaport,[]
56540,Rota,MP ROP,Northern Mariana Islands,,14.133333,145.15,seaport,[]
18060,Semiahmoo,,United States,,48.983333,-122.766667,seaport,[]
56240,Pukoo,,United States,,21.066667,-156.8,seaport,[]
54320,Whyalla,AU WYA,Australia,,-33.033333,137.583333,seaport,[]
54672,Weipa,AU WEI,Australia,,-12.666667,141.866667,seaport,[]
53380,Townsville,AU TSV,Australia,,-19.266667,146.816667,seaport,[]
48130,Rabigh,SA RAB,Saudi Arabia,,22.733333,38.983333,seaport,[]
90,Skerjafjordur,IS KJF,Iceland,,64.15,-22.016667,seaport,[]
28505,Paldiski Lounasadam,EE PLS,Estonia,,59.333343,24.081111,seaport,[]
59963,Zhapu,CN ZPU,China,,30.583333,121.083333,seaport,[]
52695,Salawati,ID SWT,Indonesia,,-1.35,130.983333,seaport,[]
7641,Patchogue,US PCP,United States,,40.75,-73.016667,seaport,[]
33400,Faslane,GB FAS,United Kingdom,,56.063889303,-4.819456751,seaport,[]
40820,Trieste,IT TRS,Italy,,45.651,13.746,seaport,[]
3060,Port Dalhousie,CADHS,Canada,,43.216667,-79.266667,seaport,[]
34560,Greenore,IE GRN,Ireland,,54.033333,-6.133333,seaport,[]
3360,Kingsville,CA KVL,Canada,,42.016667,-82.733333,seaport,[]
34360,Cork,IE ORK,Ireland,,51.85,-8.266667,seaport,[]
62550,Bukhta Nagayeva (Magadan),RU MAG,Russia,,59.566667,150.716667,seaport,[]
59860,Fuzhou,CN FZH,China,,26.083333,119.3,seaport,[]
15830,Topolobampo,MX TPB,Mexico,,25.6,-109.066667,seaport,[]
33780,Kilroot,GB KLR,United Kingdom,,54.733333,-5.716667,seaport,[]
15850,Guaymas,MX GYM,Mexico,,27.916667,-110.916667,seaport,[]
3490,Cleveland,US CLE,United States,,41.5,-81.716667,seaport,[]
3560,Toledo,US TOL,United States,,41.7,-83.466667,seaport,[]
15765,Lazaro Cardenas,MX LZC,Mexico,,17.933333,-102.166667,seaport,[]
60980,Uglegorsk,RU UGL,Russia,,49.083333,142.033333,seaport,[]
59015,Toledo,PH SNG,Philippines,,10.366667,123.633333,seaport,[]
61280,Hachinohe Ko,JP HHE,Japan,,40.533333,141.55,seaport,[]
61250,Rumoi Ko,JP RMI,Japan,,43.95,141.633333,seaport,[]
60820,Nikolayevsk Na Amur,RU NIA,Russia,,53.133333,140.733333,seaport,[]
6000,Sydney,CA SYD,Canada,,46.15,-60.2,seaport,[]
62600,Petropavlovsk,RU PKC,Russia,,53.05,158.65,seaport,[]
54620,Port Hedland,AU PHE,Australia,,-20.316667,118.583333,seaport,[]
60930,Nevelsk,RU NEV,Russia,,46.666667,141.866667,seaport,[]
3570,Monroe,US MOI,United States,,41.883333,-83.333333,seaport,[]
16830,Toledo,US TDX,United States,,44.616667,-123.933333,seaport,[]
54630,Broome,AU BME,Australia,,-17.966667,122.233333,seaport,[]
33770,Belfast,GB BEL,United Kingdom,,54.616667,-5.9,seaport,[]
60940,Kholmsk,RU KHO,Russia,,47.05,142.05,seaport,[]
33145,Kilkeel,GB KLK,United Kingdom,,54.05,-5.983333,seaport,[]
34480,Dublin,IE MTL,Ireland,,53.35,-6.25,seaport,[]
1957,Pointe Noire,CA PNO,Canada,,50.166667,-66.483333,seaport,[]
33790,Larne,GB LAR,United Kingdom,,54.85,-5.8,seaport,[]
33680,Warren Point,GB WPT,United Kingdom,,54.1,-6.25,seaport,[]
34390,New Ross,IE NRS,Ireland,,52.383333,-6.95,seaport,[]
34025,Drogheda,IE DRO,Ireland,,53.716667,-6.3,seaport,[]
34350,Cobh,IE COB,Ireland,,51.85,-8.3,seaport,[]
59910,Wenzhou,CN WZO,China,,28.016667,120.65,seaport,[]
34420,Rosslare,IE ROE,Ireland,,52.25,-6.333333,seaport,[]
62640,Provideniya,RU PVS,Russia,,64.421111111,-173.2275,seaport,[]
34400,Waterford,IE WAT,Ireland,,52.266667,-7.116667,seaport,[]
60920,Korsakov,RU KOR,Russia,,46.616667,142.766667,seaport,[]
49330,Pamban,,India,,9.283333333,79.216666667,seaport,[]
27825,Uto,FIUTO,Finland,,59.783333333,21.366666667,seaport,[]
1675,Bay Bulls,CABBU,Canada,,47.316666667,-52.816666667,seaport,[]
1700,Placentia Bay,,Canada,,47.253554536,-54.014215767,seaport,[]
1760,Miquelon,,Saint Pierre and Miquelon,,47.1,-56.366666667,seaport,[]
1730,Marystown,,Canada,,47.183333333,-55.116666667,seaport,[]
1714,Arnold's Cove,,Canada,,47.764799043,-53.981065504,seaport,[]
1790,Burgeo,CABUO,Canada,,47.616666667,-57.6,seaport,[]
1784,Fortune,,Canada,,47.073282201,-55.830687119,seaport,[]
1712,Long Harbour,,Canada,,47.423624109,-53.826773459,seaport,[]
1658,Long Pond,,Canada,,47.519201164,-52.978413427,seaport,[]
1785,Grand Bank,CAGRB,Canada,,47.1,-55.75,seaport,[]
1650,Bay Roberts,CABYR,Canada,,47.58905,-53.26265,seaport,[]
1786,Harbour Breton,,Canada,,47.483333333,-55.8,seaport,[]
1655,Holyrood,,Canada,,47.4,-53.133333333,seaport,[]
1470,Baie Verte,CA BVE,Canada,,49.916666667,-56.2,seaport,[]
1420,St Anthony,CA SAT,Canada,,51.366666667,-55.566666667,seaport,[]
1591,Carmanville,CA CMV,Canada,,49.4,-54.266666667,seaport,[]
1090,Churchill,CA CHV,Canada,,58.783333333,-94.2,seaport,[]
1500,Springdale,CA SPD,Canada,,49.5,-56.066666667,seaport,[]
1450,Roddickton,CA ROD,Canada,,50.866666667,-56.133333333,seaport,[]
1560,Lewisporte,CA LWP,Canada,,49.25,-55.05,seaport,[]
1150,Deception Bay,CA DEB,Canada,,62.15,-74.683333333,seaport,[]
1260,Nain,CA NAI,Canada,,56.55,-61.683333333,seaport,[]
1540,Botwood,CA BWD,Canada,,49.133333333,-55.333333333,seaport,[]
1570,Twillingate,CA TWI,Canada,,49.65,-54.766666667,seaport,[]
40,Thorlakshofn,ISTHH,Iceland,,63.85,-21.366666667,seaport,[]
230,Skagastrond,ISSKA,Iceland,,65.816666667,-20.316666667,seaport,[]
340,Raufarhofn,ISRAU,Iceland,,66.45,-15.933333333,seaport,[]
465,Djupivogur,ISDJU,Iceland,,64.666666667,-14.283333333,seaport,[]
900,Uummannaq,GLUMD,Greenland,,70.666666667,-52.116666667,seaport,[]
360,Vopnafjordur,ISVPN,Iceland,,65.75,-14.816666667,seaport,[]
350,Thorshofn,IS THO,Iceland,,66.2,-15.333333333,seaport,[]
65,Grindavik,ISGRI,Iceland,,63.833333333,-22.433333333,seaport,[]
120,Grundarfjordur,ISGRF,Iceland,,64.933333333,-23.25,seaport,[]
635,Faeringehavn,GLFHN,Greenland,,63.683333333,-51.516666667,seaport,[]
315,Grenivik,ISGRE,Iceland,,65.95,-18.183333333,seaport,[]
540,Ammassalik,GLAGM,Greenland,,65.616666667,-37.616666667,seaport,[]
453,Faskrudsfjordur,ISFAS,Iceland,,64.916666667,-14.016666667,seaport,[]
72,Helguvik,ISHEL,Iceland,,64.016666667,-22.55,seaport,[]
210,Hvammstangi,ISHVM,Iceland,,65.4,-20.95,seaport,[]
680,Soendre Stroemfjord,GLSFJ,Greenland,,66.95,-50.95,seaport,[]
85,Kopavogur,ISKOV,Iceland,,64.116666667,-21.95,seaport,[]
580,Qaqortoq,GLJJU,Greenland,,60.716666667,-46.033333333,seaport,[]
155,Patreksfjordur,ISPAT,Iceland,,65.6,-24.0,seaport,[]
270,Olafsfjordur,ISOLF,Iceland,,66.066666667,-18.65,seaport,[]
125,Stykkisholmur,ISSTY,Iceland,,65.083333333,-22.733333333,seaport,[]
5680,Shediac Harbor,,Canada,,46.216666667,-64.533333333,seaport,[]
1989,Cap des Mechins,,Canada,,49.0,-66.983333333,seaport,[]
6290,Sheet Harbor,,Canada,,44.9,-62.5,seaport,[]
1980,Godbout,,Canada,,49.316666667,-67.6,seaport,[]
5702,Ile du Cap aux Meules,,Canada,,47.383333333,-61.916666667,seaport,[]
5542,Newport (Canada),,Canada,,48.266666667,-64.75,seaport,[]
1888,Natashquan,,Canada,,50.083333333,-61.733333333,seaport,[]
5942,St Anns Harbour,,Canada,,46.283333333,-60.55,seaport,[]
5890,Port Hood,,Canada,,46.0,-61.55,seaport,[]
6401,Riverport,,Canada,,44.3,-64.333333333,seaport,[]
6390,Lunenburg Harbour,,Canada,,44.366666667,-64.3,seaport,[]
2100,Tadoussac,,Canada,,48.15,-69.716666667,seaport,[]
5630,Miramichi,,Canada,,47.016666667,-65.5,seaport,[]
5930,Dingwall Harbor,,Canada,,46.9,-60.466666667,seaport,[]
5650,Richibucto Harbor,,Canada,,46.683333333,-64.866666667,seaport,[]
5999,Crawley Creek,,Canada,,46.15,-60.223333333,seaport,[]
5704,Havre de la Grande Entree,,Canada,,47.583333333,-61.583333333,seaport,[]
2155,La Malbaie,,Canada,,47.633333333,-70.133333333,seaport,[]
2145,Ile du Gros Cacouna,,Canada,,47.933333333,-69.5,seaport,[]
5590,Bathurst Harbour,,Canada,,47.633333333,-65.633333333,seaport,[]
6460,Yarmouth Harbor (Canada),,Canada,,43.833333333,-66.116666667,seaport,[]
6420,Lockeport Harbor,,Canada,,43.7,-65.116666667,seaport,[]
2080,Baie des Escoumins,,Canada,,48.35082,-69.389171579,seaport,[]
5950,Baddeck Harbour,,Canada,,46.1,-60.75,seaport,[]
6430,Shelburne Harbour,,Canada,,43.75,-65.316666667,seaport,[]
2152,St Simeon,,Canada,,47.833333333,-69.866666667,seaport,[]
5700,Havre Aubert,,Canada,,47.233333333,-61.833333333,seaport,[]
5780,Pugwash Harbour,,Canada,,45.85,-63.666666667,seaport,[]
1900,Mingan Harbor,,Canada,,50.283333333,-64.016666667,seaport,[]
2160,Portneuf,,Canada,,46.683333333,-71.883333333,seaport,[]
6044,Arichat Harbour,,Canada,,45.516666667,-61.016666667,seaport,[]
5585,Belledune Harbor,,Canada,,47.9,-65.833333333,seaport,[]
1910,Port Menier,,Canada,,49.816666667,-64.35,seaport,[]
2173,Pointe des Roches,,Canada,,47.416666667,-70.4,seaport,[]
5730,Souris Harbour,,Canada,,46.35,-62.25,seaport,[]
5540,Chandler,,Canada,,48.35,-64.666666667,seaport,[]
9540,Puerto Morelos,MXPMS,Mexico,,20.85,-86.883333333,seaport,[]
1860,Old Ferolle Harbor,,Canada,,51.083333333,-56.883333333,seaport,[]
1862,St. Barbe Harbor,,Canada,,51.2,-56.766666667,seaport,[]
1850,Port Saunders,,Canada,,50.65,-57.283333333,seaport,[]
1789,Great Jervis Harbor,,Canada,,47.65,-56.183333333,seaport,[]
1853,Hawkes Habor,,Canada,,50.616666667,-57.3,seaport,[]
910,Marmorilik,GLMML,Greenland,,71.133333333,-51.266666667,seaport,[]
435,Reydarfjordur,ISRFJ,Iceland,,65.033333333,-14.1,seaport,[]
455,Stodhvarfjordur,ISSTD,Iceland,,64.833333333,-13.883333333,seaport,[]
68,Sandgerdi,ISSAN,Iceland,,64.033333333,-22.716666667,seaport,[]
110,Litlisandur,ISLSA,Iceland,,64.383333333,-21.45,seaport,[]
115,Borgarnes,ISBOR,Iceland,,64.55,-21.916666667,seaport,[]
57860,Shan T Ou,,China,,23.366667,116.683333,seaport,[]
57857,Yantian,CN YTN,China,,22.583333,114.266667,seaport,[]
57955,Tai-Chung Kang,TW TXG,Taiwan,,24.3,120.5,seaport,[]
57872,Zhangzhou,CN ZZU,China,,24.683333,118.15,seaport,[]
57876,Xiuyu,CN XYG,China,,25.233333,118.983333,seaport,[]
57874,Quanzhou,CN QZL,China,,24.883333,118.6,seaport,[]
28210,Porvoo,FISKV,Finland,,60.3,25.633333,seaport,[]
14190,Puerto Natales,CL PNT,Chile,,-51.716667,-72.566667,seaport,[]
14000,Stanley,FK PSY,Falkland Islands (Islas Malvinas),,-51.7,-57.833333,seaport,[]
13980,Ushuaia,AR USH,Argentina,,-54.816667,-68.3,seaport,[]
14720,Tocopilla,CL TOQ,Chile,,-22.083333,-70.233333,seaport,[]
57821,Zhuhai,CN ZUH,China,,22.233333,113.583333,seaport,[]
57819,Shui Dong,CN SDG,China,,21.483333,111.083333,seaport,[]
57900,Su-Ao,,Taiwan,,24.6,121.866667,seaport,[]
57777,Shekou,CN SHK,China,,22.466667,113.866667,seaport,[]
57820,Qinzhou,CN QZH,China,,21.733333,108.583333,seaport,[]
57770,Zhanjiang,CN ZNG,China,,21.2,110.4,seaport,[]
28360,Primorsk,RU PRI,Russia,,60.366667,28.633333,seaport,[]
27740,Pori,FI POR,Finland,,61.483333,21.8,seaport,[]
60540,Pos'yet,RU PSE,Russia,,42.65,130.8,seaport,[]
60730,Nakhodka,RU NJK,Russia,,42.8,132.883333,seaport,[]
18235,Port Mellon,CA PML,Canada,,49.516667,-123.483333,seaport,[]
57870,Xiamen,CN XMG,China,,24.45,118.066667,seaport,[]
36290,Pontrieux,FR POX,France,,48.709507583,-3.146202479,seaport,[]
14990,Puerto Supe,PE SUP,Peru,,-10.8,-77.75,seaport,[]
28410,Ust Luga,RU ULU,Russia,,59.666667,28.316667,seaport,[]
14150,Puerto Yartou,,Chile,,-53.883333,-70.15,seaport,[]
59995,Zhenjiang,CN ZHE,China,,32.216667,119.433333,seaport,[]
18670,Victoria Harbor,CA VIC,Canada,,48.433333,-123.383333,seaport,[]
18150,Vancouver,CA VAN,Canada,,49.283333,-123.116667,seaport,[]
18730,Port Alberni,CA PAB,Canada,,49.233333,-124.816667,seaport,[]
14640,Puerto Chanaral,CL CNR,Chile,,-26.35,-70.65,seaport,[]
60610,Vladivostok,RU VVO,Russia,,43.108888889,131.888333333,seaport,[]
45164,Abu Qir,EG,Egypt,,31.323997974,30.078534364,seaport,[]
11670,St George's,GD STG,Grenada,,12.05,-61.75,seaport,[]
57935,Tan-Shui,TW TPE,Taiwan,,25.183333,121.4,seaport,[]
14090,Puerto Sara,CL,Chile,,-52.633333,-70.2,seaport,[]
28370,Sankt-Peterburg,RU LED,Russia,,59.933333,30.3,seaport,[]
27537,Rahja,FI KJO,Finland,,64.217777778,23.679722222,seaport,[]
20730,Mehamnfjorden,NOMEH,Norway,,71.041346614,27.835338465,seaport,[]
23065,Fiborgtangen,NOSKX,Norway,,63.717642991,11.14797225,seaport,[]
23503,Jossingfjord,NOJOS,Norway,,58.314907138,6.333204587,seaport,[]
22770,Nesna,NONSN,Norway,,66.200987053,13.010143534,seaport,[]
23170,Haakonsvern,NO HKS,Norway,,60.333164356,5.235305876,seaport,[]
27820,Turku,FI TKU,Finland,,60.45,22.233333,seaport,[]
28440,Kunda,EE KND,Estonia,,59.527775,26.547196,seaport,[]
14100,Rada Punta Arenas,CL PUQ,Chile,,-53.166667,-70.9,seaport,[]
45172,Sidi Kerir (Kurayr),EG SKT,Egypt,,31.056713682,29.670446971,seaport,[]
57864,Dongshan,CN DSN,China,,23.756666667,117.505,seaport,[]
14197,Puerto Chacabuco,CL PCH,Chile,,-45.466667,-72.833333,seaport,[]
60725,Vostochnyy,RU VYP,Russia,,42.75,133.083333,seaport,[]
29435,Kyndbyvaerkets,DK KBY,Denmark,,55.816667,11.883333,seaport,[]
47820,Berbera,SO BBO,Somalia,,10.45,45.016667,seaport,[]
38495,Burriana,ES BRX,Spain,,39.883333,-0.05,seaport,[]
13920,Comodoro Rivadavia,AR CRD,Argentina,,-45.866667,-67.466667,seaport,[]
13020,Itajai,BR ITJ,Brazil,,-26.916667,-48.633333,seaport,[]
45814,Nouakchott,MR NKC,Mauritania,,18.033333,-16.033333,seaport,[]
13070,Pelotas,BR PET,Brazil,,-31.783333,-52.333333,seaport,[]
12857,Santa Clara,,Brazil,,-20.883333,-51.366667,seaport,[]
12810,Port Of Ilheus,BR IOS,Brazil,,-14.783333,-39.016667,seaport,[]
61230,Otaru Ko,JP OTR,Japan,,43.2,141.016667,seaport,[]
61910,Akita-Funakawa Ko,JP AXT,Japan,,39.781388889,140.015,seaport,[]
30290,Grenaa Havn,DK GRE,Denmark,,56.416667,10.933333,seaport,[]
61190,Hakodate Ko,JP HKD,Japan,,41.783333,140.716667,seaport,[]
61245,Ishikari Bay New Port,JP ISI,Japan,,43.216667,141.283333,seaport,[]
61840,Nanao Ko,JP NNO,Japan,,37.05,136.983333,seaport,[]
61900,Sakata Ko,JP SKT,Japan,,38.933333,139.816667,seaport,[]
9500,Campeche,MX CPE,Mexico,,19.85,-90.55,seaport,[]
61870,Niigata Ko,JP KIJ,Japan,,37.916667,139.05,seaport,[]
61260,Wakkanai,JP WKJ,Japan,,43.416667,141.683333,seaport,[]
30330,Randers,DK RAN,Denmark,,56.466667,10.05,seaport,[]
45940,Monrovia,LR MLW,Liberia,,6.316667,-10.816667,seaport,[]
30400,Alborg,DKAAL,Denmark,,57.05,9.933333,seaport,[]
30450,Hirtshals,DK HIR,Denmark,,57.6,9.966667,seaport,[]
